decision,campaign,entity_type,entity,match_type,attribute,placement,new_value,prior_value,mechanism_metric,mechanism_level,mechanism_target,mechanism_from,check_date,outcome_keyword,outcome_rank,outcome_bound,outcome_date,fallback,rationale
new SP campaigns — tranche A,SL-LC-SP-BROAD-ROOM,campaign,,,create_campaign,,26,none,spend_wk,campaign,182,0,2026-09-16,,,the 15 new SP campaigns spend to their $256/day cap within two weeks and return a blended cost per sale under 19.69,2026-09-23,pause any new campaign whose cost per sale passes 19.69 at the outcome read; hold the rest one further cycle before judging,"Fifteen campaigns opening the width the account does not have: room, size and head roots on Broad, the working Phrase default, Exact reserved for the 17 terms at 25%+ market conversion, four isolated Auto lanes and two product-targeting lanes. Every placement opens at 0% because the 23 August listing change contaminated the placement evidence."
new SP campaigns — tranche A,SL-LC-SP-BROAD-ROOM,ad_group,,,create_ad_group,,0.53,none,spend_wk,campaign,,0,2026-09-16,,,,,,
new SP campaigns — tranche A,SL-LC-SP-BROAD-ROOM,campaign,,,placement_multiplier,placementTop,0,none,spend_wk,campaign,,0,2026-09-16,,,,,,
new SP campaigns — tranche A,SL-LC-SP-BROAD-ROOM,campaign,,,placement_multiplier,placementRestOfSearch,0,none,spend_wk,campaign,,0,2026-09-16,,,,,,
new SP campaigns — tranche A,SL-LC-SP-BROAD-ROOM,campaign,,,placement_multiplier,placementProductPage,0,none,spend_wk,campaign,,0,2026-09-16,,,,,,
new SP campaigns — tranche A,SL-LC-SP-BROAD-ROOM,product_ad,LINEN-CURTAIN-52x84-IVORY-2-PCS,,create_product_ad,,LINEN-CURTAIN-52x84-IVORY-2-PCS,none,spend_wk,campaign,,0,2026-09-16,,,,,,
new SP campaigns — tranche A,SL-LC-SP-BROAD-ROOM,product_ad,LINEN-CURTAIN-52x84-LIGHT-BEIGE-2-PCS,,create_product_ad,,LINEN-CURTAIN-52x84-LIGHT-BEIGE-2-PCS,none,spend_wk,campaign,,0,2026-09-16,,,,,,
new SP campaigns — tranche A,SL-LC-SP-BROAD-ROOM,product_ad,LINEN-CURTAIN-52x72-LIGHT-BEIGE-2-PCS,,create_product_ad,,LINEN-CURTAIN-52x72-LIGHT-BEIGE-2-PCS,none,spend_wk,campaign,,0,2026-09-16,,,,,,
new SP campaigns — tranche A,SL-LC-SP-BROAD-ROOM,product_ad,LINEN-CURTAIN-52x120-IVORY-2-PCS,,create_product_ad,,LINEN-CURTAIN-52x120-IVORY-2-PCS,none,spend_wk,campaign,,0,2026-09-16,,,,,,
new SP campaigns — tranche A,SL-LC-SP-BROAD-ROOM,product_ad,LINEN-CURTAIN-52x72-IVORY-2-PCS,,create_product_ad,,LINEN-CURTAIN-52x72-IVORY-2-PCS,none,spend_wk,campaign,,0,2026-09-16,,,,,,
new SP campaigns — tranche A,SL-LC-SP-BROAD-ROOM,product_ad,LINEN-CURTAIN-52x90-LIGHT-BEIGE-2-PCS,,create_product_ad,,LINEN-CURTAIN-52x90-LIGHT-BEIGE-2-PCS,none,spend_wk,campaign,,0,2026-09-16,,,,,,
new SP campaigns — tranche A,SL-LC-SP-BROAD-ROOM,product_ad,LINEN-CURTAIN-52x63-LIGHT-BEIGE-2-PCS,,create_product_ad,,LINEN-CURTAIN-52x63-LIGHT-BEIGE-2-PCS,none,spend_wk,campaign,,0,2026-09-16,,,,,,
new SP campaigns — tranche A,SL-LC-SP-BROAD-ROOM,product_ad,LINEN-CURTAIN-52x90-IVORY-2-PCS,,create_product_ad,,LINEN-CURTAIN-52x90-IVORY-2-PCS,none,spend_wk,campaign,,0,2026-09-16,,,,,,
new SP campaigns — tranche A,SL-LC-SP-BROAD-ROOM,product_ad,LINEN-CURTAIN-52x108-IVORY-2-PCS,,create_product_ad,,LINEN-CURTAIN-52x108-IVORY-2-PCS,none,spend_wk,campaign,,0,2026-09-16,,,,,,
new SP campaigns — tranche A,SL-LC-SP-BROAD-ROOM,product_ad,LINEN-CURTAIN-52x120-LIGHT-BEIGE-2-PCS,,create_product_ad,,LINEN-CURTAIN-52x120-LIGHT-BEIGE-2-PCS,none,spend_wk,campaign,,0,2026-09-16,,,,,,
new SP campaigns — tranche A,SL-LC-SP-BROAD-ROOM,product_ad,LINEN-CURTAIN-52x108-LIGHT-BEIGE-2-PCS,,create_product_ad,,LINEN-CURTAIN-52x108-LIGHT-BEIGE-2-PCS,none,spend_wk,campaign,,0,2026-09-16,,,,,,
new SP campaigns — tranche A,SL-LC-SP-BROAD-ROOM,keyword,curtains for living room,BROAD,create_keyword,,0.53,none,spend_wk,campaign,,0,2026-09-16,,,,,,
new SP campaigns — tranche A,SL-LC-SP-BROAD-ROOM,keyword,curtains for bedroom,BROAD,create_keyword,,0.53,none,spend_wk,campaign,,0,2026-09-16,,,,,,
new SP campaigns — tranche A,SL-LC-SP-BROAD-ROOM,keyword,bedroom curtains,BROAD,create_keyword,,0.53,none,spend_wk,campaign,,0,2026-09-16,,,,,,
new SP campaigns — tranche A,SL-LC-SP-BROAD-ROOM,keyword,sliding door curtains,BROAD,create_keyword,,0.53,none,spend_wk,campaign,,0,2026-09-16,,,,,,
new SP campaigns — tranche A,SL-LC-SP-BROAD-SIZE,campaign,,,create_campaign,,22,none,spend_wk,campaign,154,0,2026-09-16,,,,,,
new SP campaigns — tranche A,SL-LC-SP-BROAD-SIZE,ad_group,,,create_ad_group,,0.53,none,spend_wk,campaign,,0,2026-09-16,,,,,,
new SP campaigns — tranche A,SL-LC-SP-BROAD-SIZE,campaign,,,placement_multiplier,placementTop,0,none,spend_wk,campaign,,0,2026-09-16,,,,,,
new SP campaigns — tranche A,SL-LC-SP-BROAD-SIZE,campaign,,,placement_multiplier,placementRestOfSearch,0,none,spend_wk,campaign,,0,2026-09-16,,,,,,
new SP campaigns — tranche A,SL-LC-SP-BROAD-SIZE,campaign,,,placement_multiplier,placementProductPage,0,none,spend_wk,campaign,,0,2026-09-16,,,,,,
new SP campaigns — tranche A,SL-LC-SP-BROAD-SIZE,product_ad,LINEN-CURTAIN-52x84-IVORY-2-PCS,,create_product_ad,,LINEN-CURTAIN-52x84-IVORY-2-PCS,none,spend_wk,campaign,,0,2026-09-16,,,,,,
new SP campaigns — tranche A,SL-LC-SP-BROAD-SIZE,product_ad,LINEN-CURTAIN-52x84-LIGHT-BEIGE-2-PCS,,create_product_ad,,LINEN-CURTAIN-52x84-LIGHT-BEIGE-2-PCS,none,spend_wk,campaign,,0,2026-09-16,,,,,,
new SP campaigns — tranche A,SL-LC-SP-BROAD-SIZE,product_ad,LINEN-CURTAIN-52x72-LIGHT-BEIGE-2-PCS,,create_product_ad,,LINEN-CURTAIN-52x72-LIGHT-BEIGE-2-PCS,none,spend_wk,campaign,,0,2026-09-16,,,,,,
new SP campaigns — tranche A,SL-LC-SP-BROAD-SIZE,product_ad,LINEN-CURTAIN-52x120-IVORY-2-PCS,,create_product_ad,,LINEN-CURTAIN-52x120-IVORY-2-PCS,none,spend_wk,campaign,,0,2026-09-16,,,,,,
new SP campaigns — tranche A,SL-LC-SP-BROAD-SIZE,product_ad,LINEN-CURTAIN-52x72-IVORY-2-PCS,,create_product_ad,,LINEN-CURTAIN-52x72-IVORY-2-PCS,none,spend_wk,campaign,,0,2026-09-16,,,,,,
new SP campaigns — tranche A,SL-LC-SP-BROAD-SIZE,product_ad,LINEN-CURTAIN-52x90-LIGHT-BEIGE-2-PCS,,create_product_ad,,LINEN-CURTAIN-52x90-LIGHT-BEIGE-2-PCS,none,spend_wk,campaign,,0,2026-09-16,,,,,,
new SP campaigns — tranche A,SL-LC-SP-BROAD-SIZE,product_ad,LINEN-CURTAIN-52x63-LIGHT-BEIGE-2-PCS,,create_product_ad,,LINEN-CURTAIN-52x63-LIGHT-BEIGE-2-PCS,none,spend_wk,campaign,,0,2026-09-16,,,,,,
new SP campaigns — tranche A,SL-LC-SP-BROAD-SIZE,product_ad,LINEN-CURTAIN-52x90-IVORY-2-PCS,,create_product_ad,,LINEN-CURTAIN-52x90-IVORY-2-PCS,none,spend_wk,campaign,,0,2026-09-16,,,,,,
new SP campaigns — tranche A,SL-LC-SP-BROAD-SIZE,product_ad,LINEN-CURTAIN-52x108-IVORY-2-PCS,,create_product_ad,,LINEN-CURTAIN-52x108-IVORY-2-PCS,none,spend_wk,campaign,,0,2026-09-16,,,,,,
new SP campaigns — tranche A,SL-LC-SP-BROAD-SIZE,product_ad,LINEN-CURTAIN-52x120-LIGHT-BEIGE-2-PCS,,create_product_ad,,LINEN-CURTAIN-52x120-LIGHT-BEIGE-2-PCS,none,spend_wk,campaign,,0,2026-09-16,,,,,,
new SP campaigns — tranche A,SL-LC-SP-BROAD-SIZE,product_ad,LINEN-CURTAIN-52x108-LIGHT-BEIGE-2-PCS,,create_product_ad,,LINEN-CURTAIN-52x108-LIGHT-BEIGE-2-PCS,none,spend_wk,campaign,,0,2026-09-16,,,,,,
new SP campaigns — tranche A,SL-LC-SP-BROAD-SIZE,keyword,curtains 96 inches long,BROAD,create_keyword,,0.53,none,spend_wk,campaign,,0,2026-09-16,,,,,,
new SP campaigns — tranche A,SL-LC-SP-BROAD-SIZE,keyword,96 inch curtains 2 panel set,BROAD,create_keyword,,0.53,none,spend_wk,campaign,,0,2026-09-16,,,,,,
new SP campaigns — tranche A,SL-LC-SP-BROAD-SIZE,keyword,drapes 96 inches long 2 panels,BROAD,create_keyword,,0.53,none,spend_wk,campaign,,0,2026-09-16,,,,,,
new SP campaigns — tranche A,SL-LC-SP-BROAD-SIZE,keyword,84 inch curtains 2 panel set,BROAD,create_keyword,,0.53,none,spend_wk,campaign,,0,2026-09-16,,,,,,
new SP campaigns — tranche A,SL-LC-SP-BROAD-SIZE,keyword,curtains 108 inches long,BROAD,create_keyword,,0.53,none,spend_wk,campaign,,0,2026-09-16,,,,,,
new SP campaigns — tranche A,SL-LC-SP-BROAD-CORE,campaign,,,create_campaign,,20,none,spend_wk,campaign,140,0,2026-09-16,,,,,,
new SP campaigns — tranche A,SL-LC-SP-BROAD-CORE,ad_group,,,create_ad_group,,0.53,none,spend_wk,campaign,,0,2026-09-16,,,,,,
new SP campaigns — tranche A,SL-LC-SP-BROAD-CORE,campaign,,,placement_multiplier,placementTop,0,none,spend_wk,campaign,,0,2026-09-16,,,,,,
new SP campaigns — tranche A,SL-LC-SP-BROAD-CORE,campaign,,,placement_multiplier,placementRestOfSearch,0,none,spend_wk,campaign,,0,2026-09-16,,,,,,
new SP campaigns — tranche A,SL-LC-SP-BROAD-CORE,campaign,,,placement_multiplier,placementProductPage,0,none,spend_wk,campaign,,0,2026-09-16,,,,,,
new SP campaigns — tranche A,SL-LC-SP-BROAD-CORE,product_ad,LINEN-CURTAIN-52x84-IVORY-2-PCS,,create_product_ad,,LINEN-CURTAIN-52x84-IVORY-2-PCS,none,spend_wk,campaign,,0,2026-09-16,,,,,,
new SP campaigns — tranche A,SL-LC-SP-BROAD-CORE,product_ad,LINEN-CURTAIN-52x84-LIGHT-BEIGE-2-PCS,,create_product_ad,,LINEN-CURTAIN-52x84-LIGHT-BEIGE-2-PCS,none,spend_wk,campaign,,0,2026-09-16,,,,,,
new SP campaigns — tranche A,SL-LC-SP-BROAD-CORE,product_ad,LINEN-CURTAIN-52x72-LIGHT-BEIGE-2-PCS,,create_product_ad,,LINEN-CURTAIN-52x72-LIGHT-BEIGE-2-PCS,none,spend_wk,campaign,,0,2026-09-16,,,,,,
new SP campaigns — tranche A,SL-LC-SP-BROAD-CORE,product_ad,LINEN-CURTAIN-52x120-IVORY-2-PCS,,create_product_ad,,LINEN-CURTAIN-52x120-IVORY-2-PCS,none,spend_wk,campaign,,0,2026-09-16,,,,,,
new SP campaigns — tranche A,SL-LC-SP-BROAD-CORE,product_ad,LINEN-CURTAIN-52x72-IVORY-2-PCS,,create_product_ad,,LINEN-CURTAIN-52x72-IVORY-2-PCS,none,spend_wk,campaign,,0,2026-09-16,,,,,,
new SP campaigns — tranche A,SL-LC-SP-BROAD-CORE,product_ad,LINEN-CURTAIN-52x90-LIGHT-BEIGE-2-PCS,,create_product_ad,,LINEN-CURTAIN-52x90-LIGHT-BEIGE-2-PCS,none,spend_wk,campaign,,0,2026-09-16,,,,,,
new SP campaigns — tranche A,SL-LC-SP-BROAD-CORE,product_ad,LINEN-CURTAIN-52x63-LIGHT-BEIGE-2-PCS,,create_product_ad,,LINEN-CURTAIN-52x63-LIGHT-BEIGE-2-PCS,none,spend_wk,campaign,,0,2026-09-16,,,,,,
new SP campaigns — tranche A,SL-LC-SP-BROAD-CORE,product_ad,LINEN-CURTAIN-52x90-IVORY-2-PCS,,create_product_ad,,LINEN-CURTAIN-52x90-IVORY-2-PCS,none,spend_wk,campaign,,0,2026-09-16,,,,,,
new SP campaigns — tranche A,SL-LC-SP-BROAD-CORE,product_ad,LINEN-CURTAIN-52x108-IVORY-2-PCS,,create_product_ad,,LINEN-CURTAIN-52x108-IVORY-2-PCS,none,spend_wk,campaign,,0,2026-09-16,,,,,,
new SP campaigns — tranche A,SL-LC-SP-BROAD-CORE,product_ad,LINEN-CURTAIN-52x120-LIGHT-BEIGE-2-PCS,,create_product_ad,,LINEN-CURTAIN-52x120-LIGHT-BEIGE-2-PCS,none,spend_wk,campaign,,0,2026-09-16,,,,,,
new SP campaigns — tranche A,SL-LC-SP-BROAD-CORE,product_ad,LINEN-CURTAIN-52x108-LIGHT-BEIGE-2-PCS,,create_product_ad,,LINEN-CURTAIN-52x108-LIGHT-BEIGE-2-PCS,none,spend_wk,campaign,,0,2026-09-16,,,,,,
new SP campaigns — tranche A,SL-LC-SP-BROAD-CORE,keyword,curtains,BROAD,create_keyword,,0.53,none,spend_wk,campaign,,0,2026-09-16,,,,,,
new SP campaigns — tranche A,SL-LC-SP-BROAD-CORE,keyword,curtain,BROAD,create_keyword,,0.53,none,spend_wk,campaign,,0,2026-09-16,,,,,,
new SP campaigns — tranche A,SL-LC-SP-BROAD-CORE,keyword,beige curtains,BROAD,create_keyword,,0.53,none,spend_wk,campaign,,0,2026-09-16,,,,,,
new SP campaigns — tranche A,SL-LC-SP-BROAD-CORE,keyword,oatmeal linen curtains,BROAD,create_keyword,,0.53,none,spend_wk,campaign,,0,2026-09-16,,,,,,
new SP campaigns — tranche A,SL-LC-SP-BROAD-CORE,keyword,blackout linen curtains,BROAD,create_keyword,,0.53,none,spend_wk,campaign,,0,2026-09-16,,,,,,
new SP campaigns — tranche A,SL-LC-SP-BROAD-CORE,keyword,curtain blackout,BROAD,create_keyword,,0.53,none,spend_wk,campaign,,0,2026-09-16,,,,,,
new SP campaigns — tranche A,SL-LC-SP-BROAD-CORE,keyword,blackout curtains linen,BROAD,create_keyword,,0.53,none,spend_wk,campaign,,0,2026-09-16,,,,,,
new SP campaigns — tranche A,SL-LC-SP-PHRASE-SIZE,campaign,,,create_campaign,,30,none,spend_wk,campaign,210,0,2026-09-16,,,,,,
new SP campaigns — tranche A,SL-LC-SP-PHRASE-SIZE,ad_group,,,create_ad_group,,0.53,none,spend_wk,campaign,,0,2026-09-16,,,,,,
new SP campaigns — tranche A,SL-LC-SP-PHRASE-SIZE,campaign,,,placement_multiplier,placementTop,0,none,spend_wk,campaign,,0,2026-09-16,,,,,,
new SP campaigns — tranche A,SL-LC-SP-PHRASE-SIZE,campaign,,,placement_multiplier,placementRestOfSearch,0,none,spend_wk,campaign,,0,2026-09-16,,,,,,
new SP campaigns — tranche A,SL-LC-SP-PHRASE-SIZE,campaign,,,placement_multiplier,placementProductPage,0,none,spend_wk,campaign,,0,2026-09-16,,,,,,
new SP campaigns — tranche A,SL-LC-SP-PHRASE-SIZE,product_ad,LINEN-CURTAIN-52x84-IVORY-2-PCS,,create_product_ad,,LINEN-CURTAIN-52x84-IVORY-2-PCS,none,spend_wk,campaign,,0,2026-09-16,,,,,,
new SP campaigns — tranche A,SL-LC-SP-PHRASE-SIZE,product_ad,LINEN-CURTAIN-52x84-LIGHT-BEIGE-2-PCS,,create_product_ad,,LINEN-CURTAIN-52x84-LIGHT-BEIGE-2-PCS,none,spend_wk,campaign,,0,2026-09-16,,,,,,
new SP campaigns — tranche A,SL-LC-SP-PHRASE-SIZE,product_ad,LINEN-CURTAIN-52x72-LIGHT-BEIGE-2-PCS,,create_product_ad,,LINEN-CURTAIN-52x72-LIGHT-BEIGE-2-PCS,none,spend_wk,campaign,,0,2026-09-16,,,,,,
new SP campaigns — tranche A,SL-LC-SP-PHRASE-SIZE,product_ad,LINEN-CURTAIN-52x120-IVORY-2-PCS,,create_product_ad,,LINEN-CURTAIN-52x120-IVORY-2-PCS,none,spend_wk,campaign,,0,2026-09-16,,,,,,
new SP campaigns — tranche A,SL-LC-SP-PHRASE-SIZE,product_ad,LINEN-CURTAIN-52x72-IVORY-2-PCS,,create_product_ad,,LINEN-CURTAIN-52x72-IVORY-2-PCS,none,spend_wk,campaign,,0,2026-09-16,,,,,,
new SP campaigns — tranche A,SL-LC-SP-PHRASE-SIZE,product_ad,LINEN-CURTAIN-52x90-LIGHT-BEIGE-2-PCS,,create_product_ad,,LINEN-CURTAIN-52x90-LIGHT-BEIGE-2-PCS,none,spend_wk,campaign,,0,2026-09-16,,,,,,
new SP campaigns — tranche A,SL-LC-SP-PHRASE-SIZE,product_ad,LINEN-CURTAIN-52x63-LIGHT-BEIGE-2-PCS,,create_product_ad,,LINEN-CURTAIN-52x63-LIGHT-BEIGE-2-PCS,none,spend_wk,campaign,,0,2026-09-16,,,,,,
new SP campaigns — tranche A,SL-LC-SP-PHRASE-SIZE,product_ad,LINEN-CURTAIN-52x90-IVORY-2-PCS,,create_product_ad,,LINEN-CURTAIN-52x90-IVORY-2-PCS,none,spend_wk,campaign,,0,2026-09-16,,,,,,
new SP campaigns — tranche A,SL-LC-SP-PHRASE-SIZE,product_ad,LINEN-CURTAIN-52x108-IVORY-2-PCS,,create_product_ad,,LINEN-CURTAIN-52x108-IVORY-2-PCS,none,spend_wk,campaign,,0,2026-09-16,,,,,,
new SP campaigns — tranche A,SL-LC-SP-PHRASE-SIZE,product_ad,LINEN-CURTAIN-52x120-LIGHT-BEIGE-2-PCS,,create_product_ad,,LINEN-CURTAIN-52x120-LIGHT-BEIGE-2-PCS,none,spend_wk,campaign,,0,2026-09-16,,,,,,
new SP campaigns — tranche A,SL-LC-SP-PHRASE-SIZE,product_ad,LINEN-CURTAIN-52x108-LIGHT-BEIGE-2-PCS,,create_product_ad,,LINEN-CURTAIN-52x108-LIGHT-BEIGE-2-PCS,none,spend_wk,campaign,,0,2026-09-16,,,,,,
new SP campaigns — tranche A,SL-LC-SP-PHRASE-SIZE,keyword,blackout curtains 92 inches long,PHRASE,create_keyword,,0.53,none,spend_wk,campaign,,0,2026-09-16,,,,,,
new SP campaigns — tranche A,SL-LC-SP-PHRASE-SIZE,keyword,blackout curtains 60 inches long,PHRASE,create_keyword,,0.53,none,spend_wk,campaign,,0,2026-09-16,,,,,,
new SP campaigns — tranche A,SL-LC-SP-PHRASE-SIZE,keyword,long curtain,PHRASE,create_keyword,,0.53,none,spend_wk,campaign,,0,2026-09-16,,,,,,
new SP campaigns — tranche A,SL-LC-SP-PHRASE-SIZE,keyword,curtains 63 inch length,PHRASE,create_keyword,,0.53,none,spend_wk,campaign,,0,2026-09-16,,,,,,
new SP campaigns — tranche A,SL-LC-SP-PHRASE-SIZE,keyword,84 inch curtains,PHRASE,create_keyword,,0.53,none,spend_wk,campaign,,0,2026-09-16,,,,,,
new SP campaigns — tranche A,SL-LC-SP-PHRASE-SIZE,keyword,blackout curtains 95 inches long,PHRASE,create_keyword,,0.53,none,spend_wk,campaign,,0,2026-09-16,,,,,,
new SP campaigns — tranche A,SL-LC-SP-PHRASE-SIZE,keyword,54 inch blackout curtains,PHRASE,create_keyword,,0.53,none,spend_wk,campaign,,0,2026-09-16,,,,,,
new SP campaigns — tranche A,SL-LC-SP-PHRASE-SIZE,keyword,blackout curtains 86 inches long,PHRASE,create_keyword,,0.53,none,spend_wk,campaign,,0,2026-09-16,,,,,,
new SP campaigns — tranche A,SL-LC-SP-PHRASE-SIZE,keyword,102 inch long curtains blackout,PHRASE,create_keyword,,0.53,none,spend_wk,campaign,,0,2026-09-16,,,,,,
new SP campaigns — tranche A,SL-LC-SP-PHRASE-SIZE,keyword,86 inch blackout curtains,PHRASE,create_keyword,,0.53,none,spend_wk,campaign,,0,2026-09-16,,,,,,
new SP campaigns — tranche A,SL-LC-SP-PHRASE-SIZE,keyword,blackout curtains 54 inches long,PHRASE,create_keyword,,0.53,none,spend_wk,campaign,,0,2026-09-16,,,,,,
new SP campaigns — tranche A,SL-LC-SP-PHRASE-SIZE,keyword,curtains blackout 96 inches long,PHRASE,create_keyword,,0.53,none,spend_wk,campaign,,0,2026-09-16,,,,,,
new SP campaigns — tranche A,SL-LC-SP-PHRASE-SIZE,keyword,82 inch blackout curtains,PHRASE,create_keyword,,0.53,none,spend_wk,campaign,,0,2026-09-16,,,,,,
new SP campaigns — tranche A,SL-LC-SP-PHRASE-SIZE,keyword,92 inch blackout curtains,PHRASE,create_keyword,,0.53,none,spend_wk,campaign,,0,2026-09-16,,,,,,
new SP campaigns — tranche A,SL-LC-SP-PHRASE-SIZE,keyword,96 blackout curtains,PHRASE,create_keyword,,0.53,none,spend_wk,campaign,,0,2026-09-16,,,,,,
new SP campaigns — tranche A,SL-LC-SP-PHRASE-SIZE,keyword,blackout curtains 48 inch length,PHRASE,create_keyword,,0.53,none,spend_wk,campaign,,0,2026-09-16,,,,,,
new SP campaigns — tranche A,SL-LC-SP-PHRASE-SIZE,keyword,96in blackout curtains,PHRASE,create_keyword,,0.53,none,spend_wk,campaign,,0,2026-09-16,,,,,,
new SP campaigns — tranche A,SL-LC-SP-PHRASE-SIZE,keyword,100 inch blackout curtains,PHRASE,create_keyword,,0.53,none,spend_wk,campaign,,0,2026-09-16,,,,,,
new SP campaigns — tranche A,SL-LC-SP-PHRASE-SIZE,keyword,blackout curtains 100 inches wide,PHRASE,create_keyword,,0.53,none,spend_wk,campaign,,0,2026-09-16,,,,,,
new SP campaigns — tranche A,SL-LC-SP-PHRASE-SIZE,keyword,105 inch curtains blackout,PHRASE,create_keyword,,0.53,none,spend_wk,campaign,,0,2026-09-16,,,,,,
new SP campaigns — tranche A,SL-LC-SP-PHRASE-SIZE,keyword,blackout curtains 36 inch length,PHRASE,create_keyword,,0.53,none,spend_wk,campaign,,0,2026-09-16,,,,,,
new SP campaigns — tranche A,SL-LC-SP-PHRASE-SIZE,keyword,blackout curtains 68 inches long,PHRASE,create_keyword,,0.53,none,spend_wk,campaign,,0,2026-09-16,,,,,,
new SP campaigns — tranche A,SL-LC-SP-PHRASE-SIZE,keyword,blackout curtains 80 inches long,PHRASE,create_keyword,,0.53,none,spend_wk,campaign,,0,2026-09-16,,,,,,
new SP campaigns — tranche A,SL-LC-SP-PHRASE-SIZE,keyword,blackout curtains 94 inches long,PHRASE,create_keyword,,0.53,none,spend_wk,campaign,,0,2026-09-16,,,,,,
new SP campaigns — tranche A,SL-LC-SP-PHRASE-SIZE,keyword,40 inch blackout curtains,PHRASE,create_keyword,,0.53,none,spend_wk,campaign,,0,2026-09-16,,,,,,
new SP campaigns — tranche A,SL-LC-SP-PHRASE-SIZE,keyword,98 inch blackout curtains,PHRASE,create_keyword,,0.53,none,spend_wk,campaign,,0,2026-09-16,,,,,,
new SP campaigns — tranche A,SL-LC-SP-PHRASE-SIZE,keyword,blackout curtains 82 inches long,PHRASE,create_keyword,,0.53,none,spend_wk,campaign,,0,2026-09-16,,,,,,
new SP campaigns — tranche A,SL-LC-SP-PHRASE-SIZE,keyword,blackout curtains 55 inches long,PHRASE,create_keyword,,0.53,none,spend_wk,campaign,,0,2026-09-16,,,,,,
new SP campaigns — tranche A,SL-LC-SP-PHRASE-SIZE,keyword,blackout curtains 42 inches long,PHRASE,create_keyword,,0.53,none,spend_wk,campaign,,0,2026-09-16,,,,,,
new SP campaigns — tranche A,SL-LC-SP-PHRASE-SIZE,keyword,88 inch blackout curtains,PHRASE,create_keyword,,0.53,none,spend_wk,campaign,,0,2026-09-16,,,,,,
new SP campaigns — tranche A,SL-LC-SP-PHRASE-SIZE,keyword,blackout curtains 74 inches long,PHRASE,create_keyword,,0.53,none,spend_wk,campaign,,0,2026-09-16,,,,,,
new SP campaigns — tranche A,SL-LC-SP-PHRASE-SIZE,keyword,blackout curtains 108,PHRASE,create_keyword,,0.53,none,spend_wk,campaign,,0,2026-09-16,,,,,,
new SP campaigns — tranche A,SL-LC-SP-PHRASE-SIZE,keyword,blackout curtains 96 inch,PHRASE,create_keyword,,0.53,none,spend_wk,campaign,,0,2026-09-16,,,,,,
new SP campaigns — tranche A,SL-LC-SP-PHRASE-SIZE,keyword,blackout curtains 65 inch length,PHRASE,create_keyword,,0.53,none,spend_wk,campaign,,0,2026-09-16,,,,,,
new SP campaigns — tranche A,SL-LC-SP-PHRASE-SIZE,keyword,blackout curtains 96 inches,PHRASE,create_keyword,,0.53,none,spend_wk,campaign,,0,2026-09-16,,,,,,
new SP campaigns — tranche A,SL-LC-SP-PHRASE-SIZE,keyword,blackout curtains long,PHRASE,create_keyword,,0.53,none,spend_wk,campaign,,0,2026-09-16,,,,,,
new SP campaigns — tranche A,SL-LC-SP-PHRASE-SIZE,keyword,63 blackout curtains 2 panels,PHRASE,create_keyword,,0.53,none,spend_wk,campaign,,0,2026-09-16,,,,,,
new SP campaigns — tranche A,SL-LC-SP-PHRASE-SIZE,keyword,48 blackout curtains,PHRASE,create_keyword,,0.53,none,spend_wk,campaign,,0,2026-09-16,,,,,,
new SP campaigns — tranche A,SL-LC-SP-PHRASE-SIZE,keyword,50x84 blackout curtains 2 panels,PHRASE,create_keyword,,0.53,none,spend_wk,campaign,,0,2026-09-16,,,,,,
new SP campaigns — tranche A,SL-LC-SP-PHRASE-ROOM,campaign,,,create_campaign,,26,none,spend_wk,campaign,182,0,2026-09-16,,,,,,
new SP campaigns — tranche A,SL-LC-SP-PHRASE-ROOM,ad_group,,,create_ad_group,,0.53,none,spend_wk,campaign,,0,2026-09-16,,,,,,
new SP campaigns — tranche A,SL-LC-SP-PHRASE-ROOM,campaign,,,placement_multiplier,placementTop,0,none,spend_wk,campaign,,0,2026-09-16,,,,,,
new SP campaigns — tranche A,SL-LC-SP-PHRASE-ROOM,campaign,,,placement_multiplier,placementRestOfSearch,0,none,spend_wk,campaign,,0,2026-09-16,,,,,,
new SP campaigns — tranche A,SL-LC-SP-PHRASE-ROOM,campaign,,,placement_multiplier,placementProductPage,0,none,spend_wk,campaign,,0,2026-09-16,,,,,,
new SP campaigns — tranche A,SL-LC-SP-PHRASE-ROOM,product_ad,LINEN-CURTAIN-52x84-IVORY-2-PCS,,create_product_ad,,LINEN-CURTAIN-52x84-IVORY-2-PCS,none,spend_wk,campaign,,0,2026-09-16,,,,,,
new SP campaigns — tranche A,SL-LC-SP-PHRASE-ROOM,product_ad,LINEN-CURTAIN-52x84-LIGHT-BEIGE-2-PCS,,create_product_ad,,LINEN-CURTAIN-52x84-LIGHT-BEIGE-2-PCS,none,spend_wk,campaign,,0,2026-09-16,,,,,,
new SP campaigns — tranche A,SL-LC-SP-PHRASE-ROOM,product_ad,LINEN-CURTAIN-52x72-LIGHT-BEIGE-2-PCS,,create_product_ad,,LINEN-CURTAIN-52x72-LIGHT-BEIGE-2-PCS,none,spend_wk,campaign,,0,2026-09-16,,,,,,
new SP campaigns — tranche A,SL-LC-SP-PHRASE-ROOM,product_ad,LINEN-CURTAIN-52x120-IVORY-2-PCS,,create_product_ad,,LINEN-CURTAIN-52x120-IVORY-2-PCS,none,spend_wk,campaign,,0,2026-09-16,,,,,,
new SP campaigns — tranche A,SL-LC-SP-PHRASE-ROOM,product_ad,LINEN-CURTAIN-52x72-IVORY-2-PCS,,create_product_ad,,LINEN-CURTAIN-52x72-IVORY-2-PCS,none,spend_wk,campaign,,0,2026-09-16,,,,,,
new SP campaigns — tranche A,SL-LC-SP-PHRASE-ROOM,product_ad,LINEN-CURTAIN-52x90-LIGHT-BEIGE-2-PCS,,create_product_ad,,LINEN-CURTAIN-52x90-LIGHT-BEIGE-2-PCS,none,spend_wk,campaign,,0,2026-09-16,,,,,,
new SP campaigns — tranche A,SL-LC-SP-PHRASE-ROOM,product_ad,LINEN-CURTAIN-52x63-LIGHT-BEIGE-2-PCS,,create_product_ad,,LINEN-CURTAIN-52x63-LIGHT-BEIGE-2-PCS,none,spend_wk,campaign,,0,2026-09-16,,,,,,
new SP campaigns — tranche A,SL-LC-SP-PHRASE-ROOM,product_ad,LINEN-CURTAIN-52x90-IVORY-2-PCS,,create_product_ad,,LINEN-CURTAIN-52x90-IVORY-2-PCS,none,spend_wk,campaign,,0,2026-09-16,,,,,,
new SP campaigns — tranche A,SL-LC-SP-PHRASE-ROOM,product_ad,LINEN-CURTAIN-52x108-IVORY-2-PCS,,create_product_ad,,LINEN-CURTAIN-52x108-IVORY-2-PCS,none,spend_wk,campaign,,0,2026-09-16,,,,,,
new SP campaigns — tranche A,SL-LC-SP-PHRASE-ROOM,product_ad,LINEN-CURTAIN-52x120-LIGHT-BEIGE-2-PCS,,create_product_ad,,LINEN-CURTAIN-52x120-LIGHT-BEIGE-2-PCS,none,spend_wk,campaign,,0,2026-09-16,,,,,,
new SP campaigns — tranche A,SL-LC-SP-PHRASE-ROOM,product_ad,LINEN-CURTAIN-52x108-LIGHT-BEIGE-2-PCS,,create_product_ad,,LINEN-CURTAIN-52x108-LIGHT-BEIGE-2-PCS,none,spend_wk,campaign,,0,2026-09-16,,,,,,
new SP campaigns — tranche A,SL-LC-SP-PHRASE-ROOM,keyword,living room curtains 108 inches long,PHRASE,create_keyword,,0.53,none,spend_wk,campaign,,0,2026-09-16,,,,,,
new SP campaigns — tranche A,SL-LC-SP-PHRASE-ROOM,keyword,curtain bedroom,PHRASE,create_keyword,,0.53,none,spend_wk,campaign,,0,2026-09-16,,,,,,
new SP campaigns — tranche A,SL-LC-SP-PHRASE-ROOM,keyword,blackout curtains bedroom,PHRASE,create_keyword,,0.53,none,spend_wk,campaign,,0,2026-09-16,,,,,,
new SP campaigns — tranche A,SL-LC-SP-PHRASE-ROOM,keyword,dining room curtains,PHRASE,create_keyword,,0.53,none,spend_wk,campaign,,0,2026-09-16,,,,,,
new SP campaigns — tranche A,SL-LC-SP-PHRASE-ROOM,keyword,bedroom decor,PHRASE,create_keyword,,0.53,none,spend_wk,campaign,,0,2026-09-16,,,,,,
new SP campaigns — tranche A,SL-LC-SP-PHRASE-ROOM,keyword,kitchen curtain,PHRASE,create_keyword,,0.53,none,spend_wk,campaign,,0,2026-09-16,,,,,,
new SP campaigns — tranche A,SL-LC-SP-PHRASE-ROOM,keyword,living room decor,PHRASE,create_keyword,,0.53,none,spend_wk,campaign,,0,2026-09-16,,,,,,
new SP campaigns — tranche A,SL-LC-SP-PHRASE-ROOM,keyword,curtains living room,PHRASE,create_keyword,,0.53,none,spend_wk,campaign,,0,2026-09-16,,,,,,
new SP campaigns — tranche A,SL-LC-SP-PHRASE-ROOM,keyword,kitchen light,PHRASE,create_keyword,,0.53,none,spend_wk,campaign,,0,2026-09-16,,,,,,
new SP campaigns — tranche A,SL-LC-SP-PHRASE-ROOM,keyword,courtine bedroom,PHRASE,create_keyword,,0.53,none,spend_wk,campaign,,0,2026-09-16,,,,,,
new SP campaigns — tranche A,SL-LC-SP-PHRASE-ROOM,keyword,apartment essentials,PHRASE,create_keyword,,0.53,none,spend_wk,campaign,,0,2026-09-16,,,,,,
new SP campaigns — tranche A,SL-LC-SP-PHRASE-ROOM,keyword,bedroom curtains 2 panel sets,PHRASE,create_keyword,,0.53,none,spend_wk,campaign,,0,2026-09-16,,,,,,
new SP campaigns — tranche A,SL-LC-SP-PHRASE-ROOM,keyword,blackout curtain for bedroom,PHRASE,create_keyword,,0.53,none,spend_wk,campaign,,0,2026-09-16,,,,,,
new SP campaigns — tranche A,SL-LC-SP-PHRASE-ROOM,keyword,100 blackout curtains for bedroom,PHRASE,create_keyword,,0.53,none,spend_wk,campaign,,0,2026-09-16,,,,,,
new SP campaigns — tranche A,SL-LC-SP-PHRASE-FEATURE,campaign,,,create_campaign,,22,none,spend_wk,campaign,154,0,2026-09-16,,,,,,
new SP campaigns — tranche A,SL-LC-SP-PHRASE-FEATURE,ad_group,,,create_ad_group,,0.53,none,spend_wk,campaign,,0,2026-09-16,,,,,,
new SP campaigns — tranche A,SL-LC-SP-PHRASE-FEATURE,campaign,,,placement_multiplier,placementTop,0,none,spend_wk,campaign,,0,2026-09-16,,,,,,
new SP campaigns — tranche A,SL-LC-SP-PHRASE-FEATURE,campaign,,,placement_multiplier,placementRestOfSearch,0,none,spend_wk,campaign,,0,2026-09-16,,,,,,
new SP campaigns — tranche A,SL-LC-SP-PHRASE-FEATURE,campaign,,,placement_multiplier,placementProductPage,0,none,spend_wk,campaign,,0,2026-09-16,,,,,,
new SP campaigns — tranche A,SL-LC-SP-PHRASE-FEATURE,product_ad,LINEN-CURTAIN-52x84-IVORY-2-PCS,,create_product_ad,,LINEN-CURTAIN-52x84-IVORY-2-PCS,none,spend_wk,campaign,,0,2026-09-16,,,,,,
new SP campaigns — tranche A,SL-LC-SP-PHRASE-FEATURE,product_ad,LINEN-CURTAIN-52x84-LIGHT-BEIGE-2-PCS,,create_product_ad,,LINEN-CURTAIN-52x84-LIGHT-BEIGE-2-PCS,none,spend_wk,campaign,,0,2026-09-16,,,,,,
new SP campaigns — tranche A,SL-LC-SP-PHRASE-FEATURE,product_ad,LINEN-CURTAIN-52x72-LIGHT-BEIGE-2-PCS,,create_product_ad,,LINEN-CURTAIN-52x72-LIGHT-BEIGE-2-PCS,none,spend_wk,campaign,,0,2026-09-16,,,,,,
new SP campaigns — tranche A,SL-LC-SP-PHRASE-FEATURE,product_ad,LINEN-CURTAIN-52x120-IVORY-2-PCS,,create_product_ad,,LINEN-CURTAIN-52x120-IVORY-2-PCS,none,spend_wk,campaign,,0,2026-09-16,,,,,,
new SP campaigns — tranche A,SL-LC-SP-PHRASE-FEATURE,product_ad,LINEN-CURTAIN-52x72-IVORY-2-PCS,,create_product_ad,,LINEN-CURTAIN-52x72-IVORY-2-PCS,none,spend_wk,campaign,,0,2026-09-16,,,,,,
new SP campaigns — tranche A,SL-LC-SP-PHRASE-FEATURE,product_ad,LINEN-CURTAIN-52x90-LIGHT-BEIGE-2-PCS,,create_product_ad,,LINEN-CURTAIN-52x90-LIGHT-BEIGE-2-PCS,none,spend_wk,campaign,,0,2026-09-16,,,,,,
new SP campaigns — tranche A,SL-LC-SP-PHRASE-FEATURE,product_ad,LINEN-CURTAIN-52x63-LIGHT-BEIGE-2-PCS,,create_product_ad,,LINEN-CURTAIN-52x63-LIGHT-BEIGE-2-PCS,none,spend_wk,campaign,,0,2026-09-16,,,,,,
new SP campaigns — tranche A,SL-LC-SP-PHRASE-FEATURE,product_ad,LINEN-CURTAIN-52x90-IVORY-2-PCS,,create_product_ad,,LINEN-CURTAIN-52x90-IVORY-2-PCS,none,spend_wk,campaign,,0,2026-09-16,,,,,,
new SP campaigns — tranche A,SL-LC-SP-PHRASE-FEATURE,product_ad,LINEN-CURTAIN-52x108-IVORY-2-PCS,,create_product_ad,,LINEN-CURTAIN-52x108-IVORY-2-PCS,none,spend_wk,campaign,,0,2026-09-16,,,,,,
new SP campaigns — tranche A,SL-LC-SP-PHRASE-FEATURE,product_ad,LINEN-CURTAIN-52x120-LIGHT-BEIGE-2-PCS,,create_product_ad,,LINEN-CURTAIN-52x120-LIGHT-BEIGE-2-PCS,none,spend_wk,campaign,,0,2026-09-16,,,,,,
new SP campaigns — tranche A,SL-LC-SP-PHRASE-FEATURE,product_ad,LINEN-CURTAIN-52x108-LIGHT-BEIGE-2-PCS,,create_product_ad,,LINEN-CURTAIN-52x108-LIGHT-BEIGE-2-PCS,none,spend_wk,campaign,,0,2026-09-16,,,,,,
new SP campaigns — tranche A,SL-LC-SP-PHRASE-FEATURE,keyword,thermal curtains,PHRASE,create_keyword,,0.53,none,spend_wk,campaign,,0,2026-09-16,,,,,,
new SP campaigns — tranche A,SL-LC-SP-PHRASE-FEATURE,keyword,thermal insulated curtains,PHRASE,create_keyword,,0.53,none,spend_wk,campaign,,0,2026-09-16,,,,,,
new SP campaigns — tranche A,SL-LC-SP-PHRASE-FEATURE,keyword,blackout blinds,PHRASE,create_keyword,,0.53,none,spend_wk,campaign,,0,2026-09-16,,,,,,
new SP campaigns — tranche A,SL-LC-SP-PHRASE-FEATURE,keyword,travel blackout curtains,PHRASE,create_keyword,,0.53,none,spend_wk,campaign,,0,2026-09-16,,,,,,
new SP campaigns — tranche A,SL-LC-SP-PHRASE-FEATURE,keyword,vision home blackout curtains,PHRASE,create_keyword,,0.53,none,spend_wk,campaign,,0,2026-09-16,,,,,,
new SP campaigns — tranche A,SL-LC-SP-PHRASE-FEATURE,keyword,light weight blackout curtains,PHRASE,create_keyword,,0.53,none,spend_wk,campaign,,0,2026-09-16,,,,,,
new SP campaigns — tranche A,SL-LC-SP-PHRASE-FEATURE,keyword,true blackout curtains,PHRASE,create_keyword,,0.53,none,spend_wk,campaign,,0,2026-09-16,,,,,,
new SP campaigns — tranche A,SL-LC-SP-PHRASE-FEATURE,keyword,blackout curtains for windows,PHRASE,create_keyword,,0.53,none,spend_wk,campaign,,0,2026-09-16,,,,,,
new SP campaigns — tranche A,SL-LC-SP-PHRASE-FEATURE,keyword,blackout curtains 4 pack,PHRASE,create_keyword,,0.53,none,spend_wk,campaign,,0,2026-09-16,,,,,,
new SP campaigns — tranche A,SL-LC-SP-PHRASE-FEATURE,keyword,aqua blackout curtains,PHRASE,create_keyword,,0.53,none,spend_wk,campaign,,0,2026-09-16,,,,,,
new SP campaigns — tranche A,SL-LC-SP-PHRASE-FEATURE,keyword,khaki blackout curtains,PHRASE,create_keyword,,0.53,none,spend_wk,campaign,,0,2026-09-16,,,,,,
new SP campaigns — tranche A,SL-LC-SP-PHRASE-LINEN,campaign,,,create_campaign,,18,none,spend_wk,campaign,126,0,2026-09-16,,,,,,
new SP campaigns — tranche A,SL-LC-SP-PHRASE-LINEN,ad_group,,,create_ad_group,,0.53,none,spend_wk,campaign,,0,2026-09-16,,,,,,
new SP campaigns — tranche A,SL-LC-SP-PHRASE-LINEN,campaign,,,placement_multiplier,placementTop,0,none,spend_wk,campaign,,0,2026-09-16,,,,,,
new SP campaigns — tranche A,SL-LC-SP-PHRASE-LINEN,campaign,,,placement_multiplier,placementRestOfSearch,0,none,spend_wk,campaign,,0,2026-09-16,,,,,,
new SP campaigns — tranche A,SL-LC-SP-PHRASE-LINEN,campaign,,,placement_multiplier,placementProductPage,0,none,spend_wk,campaign,,0,2026-09-16,,,,,,
new SP campaigns — tranche A,SL-LC-SP-PHRASE-LINEN,product_ad,LINEN-CURTAIN-52x84-IVORY-2-PCS,,create_product_ad,,LINEN-CURTAIN-52x84-IVORY-2-PCS,none,spend_wk,campaign,,0,2026-09-16,,,,,,
new SP campaigns — tranche A,SL-LC-SP-PHRASE-LINEN,product_ad,LINEN-CURTAIN-52x84-LIGHT-BEIGE-2-PCS,,create_product_ad,,LINEN-CURTAIN-52x84-LIGHT-BEIGE-2-PCS,none,spend_wk,campaign,,0,2026-09-16,,,,,,
new SP campaigns — tranche A,SL-LC-SP-PHRASE-LINEN,product_ad,LINEN-CURTAIN-52x72-LIGHT-BEIGE-2-PCS,,create_product_ad,,LINEN-CURTAIN-52x72-LIGHT-BEIGE-2-PCS,none,spend_wk,campaign,,0,2026-09-16,,,,,,
new SP campaigns — tranche A,SL-LC-SP-PHRASE-LINEN,product_ad,LINEN-CURTAIN-52x120-IVORY-2-PCS,,create_product_ad,,LINEN-CURTAIN-52x120-IVORY-2-PCS,none,spend_wk,campaign,,0,2026-09-16,,,,,,
new SP campaigns — tranche A,SL-LC-SP-PHRASE-LINEN,product_ad,LINEN-CURTAIN-52x72-IVORY-2-PCS,,create_product_ad,,LINEN-CURTAIN-52x72-IVORY-2-PCS,none,spend_wk,campaign,,0,2026-09-16,,,,,,
new SP campaigns — tranche A,SL-LC-SP-PHRASE-LINEN,product_ad,LINEN-CURTAIN-52x90-LIGHT-BEIGE-2-PCS,,create_product_ad,,LINEN-CURTAIN-52x90-LIGHT-BEIGE-2-PCS,none,spend_wk,campaign,,0,2026-09-16,,,,,,
new SP campaigns — tranche A,SL-LC-SP-PHRASE-LINEN,product_ad,LINEN-CURTAIN-52x63-LIGHT-BEIGE-2-PCS,,create_product_ad,,LINEN-CURTAIN-52x63-LIGHT-BEIGE-2-PCS,none,spend_wk,campaign,,0,2026-09-16,,,,,,
new SP campaigns — tranche A,SL-LC-SP-PHRASE-LINEN,product_ad,LINEN-CURTAIN-52x90-IVORY-2-PCS,,create_product_ad,,LINEN-CURTAIN-52x90-IVORY-2-PCS,none,spend_wk,campaign,,0,2026-09-16,,,,,,
new SP campaigns — tranche A,SL-LC-SP-PHRASE-LINEN,product_ad,LINEN-CURTAIN-52x108-IVORY-2-PCS,,create_product_ad,,LINEN-CURTAIN-52x108-IVORY-2-PCS,none,spend_wk,campaign,,0,2026-09-16,,,,,,
new SP campaigns — tranche A,SL-LC-SP-PHRASE-LINEN,product_ad,LINEN-CURTAIN-52x120-LIGHT-BEIGE-2-PCS,,create_product_ad,,LINEN-CURTAIN-52x120-LIGHT-BEIGE-2-PCS,none,spend_wk,campaign,,0,2026-09-16,,,,,,
new SP campaigns — tranche A,SL-LC-SP-PHRASE-LINEN,product_ad,LINEN-CURTAIN-52x108-LIGHT-BEIGE-2-PCS,,create_product_ad,,LINEN-CURTAIN-52x108-LIGHT-BEIGE-2-PCS,none,spend_wk,campaign,,0,2026-09-16,,,,,,
new SP campaigns — tranche A,SL-LC-SP-PHRASE-LINEN,keyword,linen curtains 96 inches long,PHRASE,create_keyword,,0.53,none,spend_wk,campaign,,0,2026-09-16,,,,,,
new SP campaigns — tranche A,SL-LC-SP-PHRASE-LINEN,keyword,lined linen curtains,PHRASE,create_keyword,,0.53,none,spend_wk,campaign,,0,2026-09-16,,,,,,
new SP campaigns — tranche A,SL-LC-SP-PHRASE-LINEN,keyword,linen curtain,PHRASE,create_keyword,,0.53,none,spend_wk,campaign,,0,2026-09-16,,,,,,
new SP campaigns — tranche A,SL-LC-SP-PHRASE-LINEN,keyword,linen curtains 108 inches long,PHRASE,create_keyword,,0.53,none,spend_wk,campaign,,0,2026-09-16,,,,,,
new SP campaigns — tranche A,SL-LC-SP-PHRASE-LINEN,keyword,thick linen curtains,PHRASE,create_keyword,,0.53,none,spend_wk,campaign,,0,2026-09-16,,,,,,
new SP campaigns — tranche A,SL-LC-SP-PHRASE-LINEN,keyword,black linen curtains,PHRASE,create_keyword,,0.53,none,spend_wk,campaign,,0,2026-09-16,,,,,,
new SP campaigns — tranche A,SL-LC-SP-PHRASE-LINEN,keyword,blue linen curtains,PHRASE,create_keyword,,0.53,none,spend_wk,campaign,,0,2026-09-16,,,,,,
new SP campaigns — tranche A,SL-LC-SP-PHRASE-LINEN,keyword,faux linen curtains,PHRASE,create_keyword,,0.53,none,spend_wk,campaign,,0,2026-09-16,,,,,,
new SP campaigns — tranche A,SL-LC-SP-PHRASE-LINEN,keyword,white linen blackout curtains,PHRASE,create_keyword,,0.53,none,spend_wk,campaign,,0,2026-09-16,,,,,,
new SP campaigns — tranche A,SL-LC-SP-PHRASE-LINEN,keyword,linen black out curtains,PHRASE,create_keyword,,0.53,none,spend_wk,campaign,,0,2026-09-16,,,,,,
new SP campaigns — tranche A,SL-LC-SP-PHRASE-LINEN,keyword,black out curtains linen,PHRASE,create_keyword,,0.53,none,spend_wk,campaign,,0,2026-09-16,,,,,,
new SP campaigns — tranche A,SL-LC-SP-PHRASE-LINEN,keyword,linen look blackout curtains,PHRASE,create_keyword,,0.53,none,spend_wk,campaign,,0,2026-09-16,,,,,,
new SP campaigns — tranche A,SL-LC-SP-PHRASE-LINEN,keyword,blackout curtains linen texture,PHRASE,create_keyword,,0.53,none,spend_wk,campaign,,0,2026-09-16,,,,,,
new SP campaigns — tranche A,SL-LC-SP-PHRASE-STYLE,campaign,,,create_campaign,,14,none,spend_wk,campaign,98,0,2026-09-16,,,,,,
new SP campaigns — tranche A,SL-LC-SP-PHRASE-STYLE,ad_group,,,create_ad_group,,0.53,none,spend_wk,campaign,,0,2026-09-16,,,,,,
new SP campaigns — tranche A,SL-LC-SP-PHRASE-STYLE,campaign,,,placement_multiplier,placementTop,0,none,spend_wk,campaign,,0,2026-09-16,,,,,,
new SP campaigns — tranche A,SL-LC-SP-PHRASE-STYLE,campaign,,,placement_multiplier,placementRestOfSearch,0,none,spend_wk,campaign,,0,2026-09-16,,,,,,
new SP campaigns — tranche A,SL-LC-SP-PHRASE-STYLE,campaign,,,placement_multiplier,placementProductPage,0,none,spend_wk,campaign,,0,2026-09-16,,,,,,
new SP campaigns — tranche A,SL-LC-SP-PHRASE-STYLE,product_ad,LINEN-CURTAIN-52x84-IVORY-2-PCS,,create_product_ad,,LINEN-CURTAIN-52x84-IVORY-2-PCS,none,spend_wk,campaign,,0,2026-09-16,,,,,,
new SP campaigns — tranche A,SL-LC-SP-PHRASE-STYLE,product_ad,LINEN-CURTAIN-52x84-LIGHT-BEIGE-2-PCS,,create_product_ad,,LINEN-CURTAIN-52x84-LIGHT-BEIGE-2-PCS,none,spend_wk,campaign,,0,2026-09-16,,,,,,
new SP campaigns — tranche A,SL-LC-SP-PHRASE-STYLE,product_ad,LINEN-CURTAIN-52x72-LIGHT-BEIGE-2-PCS,,create_product_ad,,LINEN-CURTAIN-52x72-LIGHT-BEIGE-2-PCS,none,spend_wk,campaign,,0,2026-09-16,,,,,,
new SP campaigns — tranche A,SL-LC-SP-PHRASE-STYLE,product_ad,LINEN-CURTAIN-52x120-IVORY-2-PCS,,create_product_ad,,LINEN-CURTAIN-52x120-IVORY-2-PCS,none,spend_wk,campaign,,0,2026-09-16,,,,,,
new SP campaigns — tranche A,SL-LC-SP-PHRASE-STYLE,product_ad,LINEN-CURTAIN-52x72-IVORY-2-PCS,,create_product_ad,,LINEN-CURTAIN-52x72-IVORY-2-PCS,none,spend_wk,campaign,,0,2026-09-16,,,,,,
new SP campaigns — tranche A,SL-LC-SP-PHRASE-STYLE,product_ad,LINEN-CURTAIN-52x90-LIGHT-BEIGE-2-PCS,,create_product_ad,,LINEN-CURTAIN-52x90-LIGHT-BEIGE-2-PCS,none,spend_wk,campaign,,0,2026-09-16,,,,,,
new SP campaigns — tranche A,SL-LC-SP-PHRASE-STYLE,product_ad,LINEN-CURTAIN-52x63-LIGHT-BEIGE-2-PCS,,create_product_ad,,LINEN-CURTAIN-52x63-LIGHT-BEIGE-2-PCS,none,spend_wk,campaign,,0,2026-09-16,,,,,,
new SP campaigns — tranche A,SL-LC-SP-PHRASE-STYLE,product_ad,LINEN-CURTAIN-52x90-IVORY-2-PCS,,create_product_ad,,LINEN-CURTAIN-52x90-IVORY-2-PCS,none,spend_wk,campaign,,0,2026-09-16,,,,,,
new SP campaigns — tranche A,SL-LC-SP-PHRASE-STYLE,product_ad,LINEN-CURTAIN-52x108-IVORY-2-PCS,,create_product_ad,,LINEN-CURTAIN-52x108-IVORY-2-PCS,none,spend_wk,campaign,,0,2026-09-16,,,,,,
new SP campaigns — tranche A,SL-LC-SP-PHRASE-STYLE,product_ad,LINEN-CURTAIN-52x120-LIGHT-BEIGE-2-PCS,,create_product_ad,,LINEN-CURTAIN-52x120-LIGHT-BEIGE-2-PCS,none,spend_wk,campaign,,0,2026-09-16,,,,,,
new SP campaigns — tranche A,SL-LC-SP-PHRASE-STYLE,product_ad,LINEN-CURTAIN-52x108-LIGHT-BEIGE-2-PCS,,create_product_ad,,LINEN-CURTAIN-52x108-LIGHT-BEIGE-2-PCS,none,spend_wk,campaign,,0,2026-09-16,,,,,,
new SP campaigns — tranche A,SL-LC-SP-PHRASE-STYLE,keyword,curtain light,PHRASE,create_keyword,,0.53,none,spend_wk,campaign,,0,2026-09-16,,,,,,
new SP campaigns — tranche A,SL-LC-SP-PHRASE-STYLE,keyword,home decor,PHRASE,create_keyword,,0.53,none,spend_wk,campaign,,0,2026-09-16,,,,,,
new SP campaigns — tranche A,SL-LC-SP-PHRASE-STYLE,keyword,2 pack curtains,PHRASE,create_keyword,,0.53,none,spend_wk,campaign,,0,2026-09-16,,,,,,
new SP campaigns — tranche A,SL-LC-SP-PHRASE-STYLE,keyword,farmhouse curtains,PHRASE,create_keyword,,0.53,none,spend_wk,campaign,,0,2026-09-16,,,,,,
new SP campaigns — tranche A,SL-LC-SP-PHRASE-STYLE,keyword,pinch pleated curtains,PHRASE,create_keyword,,0.53,none,spend_wk,campaign,,0,2026-09-16,,,,,,
new SP campaigns — tranche A,SL-LC-SP-PHRASE-STYLE,keyword,window curtains 2 panel sets,PHRASE,create_keyword,,0.53,none,spend_wk,campaign,,0,2026-09-16,,,,,,
new SP campaigns — tranche A,SL-LC-SP-PHRASE-STYLE,keyword,rod pocket curtains,PHRASE,create_keyword,,0.53,none,spend_wk,campaign,,0,2026-09-16,,,,,,
new SP campaigns — tranche A,SL-LC-SP-PHRASE-STYLE,keyword,black out curtain 90 inches long,PHRASE,create_keyword,,0.53,none,spend_wk,campaign,,0,2026-09-16,,,,,,
new SP campaigns — tranche A,SL-LC-SP-PHRASE-STYLE,keyword,beige curtain,PHRASE,create_keyword,,0.53,none,spend_wk,campaign,,0,2026-09-16,,,,,,
new SP campaigns — tranche A,SL-LC-SP-PHRASE-STYLE,keyword,black out curtain,PHRASE,create_keyword,,0.53,none,spend_wk,campaign,,0,2026-09-16,,,,,,
new SP campaigns — tranche A,SL-LC-SP-PHRASE-STYLE,keyword,cream curtains,PHRASE,create_keyword,,0.53,none,spend_wk,campaign,,0,2026-09-16,,,,,,
new SP campaigns — tranche A,SL-LC-SP-PHRASE-STYLE,keyword,cortinas para sala,PHRASE,create_keyword,,0.53,none,spend_wk,campaign,,0,2026-09-16,,,,,,
new SP campaigns — tranche A,SL-LC-SP-PHRASE-STYLE,keyword,cortinas de cuarto,PHRASE,create_keyword,,0.53,none,spend_wk,campaign,,0,2026-09-16,,,,,,
new SP campaigns — tranche A,SL-LC-SP-EXACT-PROVEN,campaign,,,create_campaign,,24,none,spend_wk,campaign,168,0,2026-09-16,,,,,,
new SP campaigns — tranche A,SL-LC-SP-EXACT-PROVEN,ad_group,,,create_ad_group,,0.53,none,spend_wk,campaign,,0,2026-09-16,,,,,,
new SP campaigns — tranche A,SL-LC-SP-EXACT-PROVEN,campaign,,,placement_multiplier,placementTop,0,none,spend_wk,campaign,,0,2026-09-16,,,,,,
new SP campaigns — tranche A,SL-LC-SP-EXACT-PROVEN,campaign,,,placement_multiplier,placementRestOfSearch,0,none,spend_wk,campaign,,0,2026-09-16,,,,,,
new SP campaigns — tranche A,SL-LC-SP-EXACT-PROVEN,campaign,,,placement_multiplier,placementProductPage,0,none,spend_wk,campaign,,0,2026-09-16,,,,,,
new SP campaigns — tranche A,SL-LC-SP-EXACT-PROVEN,product_ad,LINEN-CURTAIN-52x84-IVORY-2-PCS,,create_product_ad,,LINEN-CURTAIN-52x84-IVORY-2-PCS,none,spend_wk,campaign,,0,2026-09-16,,,,,,
new SP campaigns — tranche A,SL-LC-SP-EXACT-PROVEN,product_ad,LINEN-CURTAIN-52x84-LIGHT-BEIGE-2-PCS,,create_product_ad,,LINEN-CURTAIN-52x84-LIGHT-BEIGE-2-PCS,none,spend_wk,campaign,,0,2026-09-16,,,,,,
new SP campaigns — tranche A,SL-LC-SP-EXACT-PROVEN,product_ad,LINEN-CURTAIN-52x72-LIGHT-BEIGE-2-PCS,,create_product_ad,,LINEN-CURTAIN-52x72-LIGHT-BEIGE-2-PCS,none,spend_wk,campaign,,0,2026-09-16,,,,,,
new SP campaigns — tranche A,SL-LC-SP-EXACT-PROVEN,product_ad,LINEN-CURTAIN-52x120-IVORY-2-PCS,,create_product_ad,,LINEN-CURTAIN-52x120-IVORY-2-PCS,none,spend_wk,campaign,,0,2026-09-16,,,,,,
new SP campaigns — tranche A,SL-LC-SP-EXACT-PROVEN,product_ad,LINEN-CURTAIN-52x72-IVORY-2-PCS,,create_product_ad,,LINEN-CURTAIN-52x72-IVORY-2-PCS,none,spend_wk,campaign,,0,2026-09-16,,,,,,
new SP campaigns — tranche A,SL-LC-SP-EXACT-PROVEN,product_ad,LINEN-CURTAIN-52x90-LIGHT-BEIGE-2-PCS,,create_product_ad,,LINEN-CURTAIN-52x90-LIGHT-BEIGE-2-PCS,none,spend_wk,campaign,,0,2026-09-16,,,,,,
new SP campaigns — tranche A,SL-LC-SP-EXACT-PROVEN,product_ad,LINEN-CURTAIN-52x63-LIGHT-BEIGE-2-PCS,,create_product_ad,,LINEN-CURTAIN-52x63-LIGHT-BEIGE-2-PCS,none,spend_wk,campaign,,0,2026-09-16,,,,,,
new SP campaigns — tranche A,SL-LC-SP-EXACT-PROVEN,product_ad,LINEN-CURTAIN-52x90-IVORY-2-PCS,,create_product_ad,,LINEN-CURTAIN-52x90-IVORY-2-PCS,none,spend_wk,campaign,,0,2026-09-16,,,,,,
new SP campaigns — tranche A,SL-LC-SP-EXACT-PROVEN,product_ad,LINEN-CURTAIN-52x108-IVORY-2-PCS,,create_product_ad,,LINEN-CURTAIN-52x108-IVORY-2-PCS,none,spend_wk,campaign,,0,2026-09-16,,,,,,
new SP campaigns — tranche A,SL-LC-SP-EXACT-PROVEN,product_ad,LINEN-CURTAIN-52x120-LIGHT-BEIGE-2-PCS,,create_product_ad,,LINEN-CURTAIN-52x120-LIGHT-BEIGE-2-PCS,none,spend_wk,campaign,,0,2026-09-16,,,,,,
new SP campaigns — tranche A,SL-LC-SP-EXACT-PROVEN,product_ad,LINEN-CURTAIN-52x108-LIGHT-BEIGE-2-PCS,,create_product_ad,,LINEN-CURTAIN-52x108-LIGHT-BEIGE-2-PCS,none,spend_wk,campaign,,0,2026-09-16,,,,,,
new SP campaigns — tranche A,SL-LC-SP-EXACT-PROVEN,keyword,curtain black,EXACT,create_keyword,,0.53,none,spend_wk,campaign,,0,2026-09-16,,,,,,
new SP campaigns — tranche A,SL-LC-SP-EXACT-PROVEN,keyword,42 x 63 blackout curtains,EXACT,create_keyword,,0.53,none,spend_wk,campaign,,0,2026-09-16,,,,,,
new SP campaigns — tranche A,SL-LC-SP-EXACT-PROVEN,keyword,blackout curtains 40 inches long,EXACT,create_keyword,,0.53,none,spend_wk,campaign,,0,2026-09-16,,,,,,
new SP campaigns — tranche A,SL-LC-SP-EXACT-PROVEN,keyword,60 inch blackout curtains,EXACT,create_keyword,,0.53,none,spend_wk,campaign,,0,2026-09-16,,,,,,
new SP campaigns — tranche A,SL-LC-SP-EXACT-PROVEN,keyword,63 blackout curtains,EXACT,create_keyword,,0.53,none,spend_wk,campaign,,0,2026-09-16,,,,,,
new SP campaigns — tranche A,SL-LC-SP-EXACT-PROVEN,keyword,blackout curtains portable,EXACT,create_keyword,,0.53,none,spend_wk,campaign,,0,2026-09-16,,,,,,
new SP campaigns — tranche A,SL-LC-SP-EXACT-PROVEN,keyword,blackout curtains 64 inches long,EXACT,create_keyword,,0.53,none,spend_wk,campaign,,0,2026-09-16,,,,,,
new SP campaigns — tranche A,SL-LC-SP-EXACT-PROVEN,keyword,blackout curtains 63 inches long,EXACT,create_keyword,,0.53,none,spend_wk,campaign,,0,2026-09-16,,,,,,
new SP campaigns — tranche A,SL-LC-SP-EXACT-PROVEN,keyword,blackout curtains 45 inches long,EXACT,create_keyword,,0.53,none,spend_wk,campaign,,0,2026-09-16,,,,,,
new SP campaigns — tranche A,SL-LC-SP-EXACT-PROVEN,keyword,lemomo blackout curtains,EXACT,create_keyword,,0.53,none,spend_wk,campaign,,0,2026-09-16,,,,,,
new SP campaigns — tranche A,SL-LC-SP-EXACT-PROVEN,keyword,108 blackout curtains,EXACT,create_keyword,,0.53,none,spend_wk,campaign,,0,2026-09-16,,,,,,
new SP campaigns — tranche A,SL-LC-SP-EXACT-PROVEN,keyword,blackout curtains 70 inches long,EXACT,create_keyword,,0.53,none,spend_wk,campaign,,0,2026-09-16,,,,,,
new SP campaigns — tranche A,SL-LC-SP-EXACT-PROVEN,keyword,blackout curtains 75 inches long,EXACT,create_keyword,,0.53,none,spend_wk,campaign,,0,2026-09-16,,,,,,
new SP campaigns — tranche A,SL-LC-SP-EXACT-PROVEN,keyword,blackout curtains 50 inches long,EXACT,create_keyword,,0.53,none,spend_wk,campaign,,0,2026-09-16,,,,,,
new SP campaigns — tranche A,SL-LC-SP-EXACT-PROVEN,keyword,blackout curtain 96 inches long,EXACT,create_keyword,,0.53,none,spend_wk,campaign,,0,2026-09-16,,,,,,
new SP campaigns — tranche A,SL-LC-SP-EXACT-PROVEN,keyword,90inch blackout curtains,EXACT,create_keyword,,0.53,none,spend_wk,campaign,,0,2026-09-16,,,,,,
new SP campaigns — tranche A,SL-LC-SP-EXACT-PROVEN,keyword,74 inch blackout curtains,EXACT,create_keyword,,0.53,none,spend_wk,campaign,,0,2026-09-16,,,,,,
new SP campaigns — tranche A,SL-LC-SP-AUTO-CLOSE,campaign,,,create_campaign,,10,none,spend_wk,campaign,70,0,2026-09-16,,,,,,
new SP campaigns — tranche A,SL-LC-SP-AUTO-CLOSE,ad_group,,,create_ad_group,,0.53,none,spend_wk,campaign,,0,2026-09-16,,,,,,
new SP campaigns — tranche A,SL-LC-SP-AUTO-CLOSE,campaign,,,placement_multiplier,placementTop,0,none,spend_wk,campaign,,0,2026-09-16,,,,,,
new SP campaigns — tranche A,SL-LC-SP-AUTO-CLOSE,campaign,,,placement_multiplier,placementRestOfSearch,0,none,spend_wk,campaign,,0,2026-09-16,,,,,,
new SP campaigns — tranche A,SL-LC-SP-AUTO-CLOSE,campaign,,,placement_multiplier,placementProductPage,0,none,spend_wk,campaign,,0,2026-09-16,,,,,,
new SP campaigns — tranche A,SL-LC-SP-AUTO-CLOSE,product_ad,LINEN-CURTAIN-52x84-IVORY-2-PCS,,create_product_ad,,LINEN-CURTAIN-52x84-IVORY-2-PCS,none,spend_wk,campaign,,0,2026-09-16,,,,,,
new SP campaigns — tranche A,SL-LC-SP-AUTO-CLOSE,product_ad,LINEN-CURTAIN-52x84-LIGHT-BEIGE-2-PCS,,create_product_ad,,LINEN-CURTAIN-52x84-LIGHT-BEIGE-2-PCS,none,spend_wk,campaign,,0,2026-09-16,,,,,,
new SP campaigns — tranche A,SL-LC-SP-AUTO-CLOSE,product_ad,LINEN-CURTAIN-52x72-LIGHT-BEIGE-2-PCS,,create_product_ad,,LINEN-CURTAIN-52x72-LIGHT-BEIGE-2-PCS,none,spend_wk,campaign,,0,2026-09-16,,,,,,
new SP campaigns — tranche A,SL-LC-SP-AUTO-CLOSE,product_ad,LINEN-CURTAIN-52x120-IVORY-2-PCS,,create_product_ad,,LINEN-CURTAIN-52x120-IVORY-2-PCS,none,spend_wk,campaign,,0,2026-09-16,,,,,,
new SP campaigns — tranche A,SL-LC-SP-AUTO-CLOSE,product_ad,LINEN-CURTAIN-52x72-IVORY-2-PCS,,create_product_ad,,LINEN-CURTAIN-52x72-IVORY-2-PCS,none,spend_wk,campaign,,0,2026-09-16,,,,,,
new SP campaigns — tranche A,SL-LC-SP-AUTO-CLOSE,product_ad,LINEN-CURTAIN-52x90-LIGHT-BEIGE-2-PCS,,create_product_ad,,LINEN-CURTAIN-52x90-LIGHT-BEIGE-2-PCS,none,spend_wk,campaign,,0,2026-09-16,,,,,,
new SP campaigns — tranche A,SL-LC-SP-AUTO-CLOSE,product_ad,LINEN-CURTAIN-52x63-LIGHT-BEIGE-2-PCS,,create_product_ad,,LINEN-CURTAIN-52x63-LIGHT-BEIGE-2-PCS,none,spend_wk,campaign,,0,2026-09-16,,,,,,
new SP campaigns — tranche A,SL-LC-SP-AUTO-CLOSE,product_ad,LINEN-CURTAIN-52x90-IVORY-2-PCS,,create_product_ad,,LINEN-CURTAIN-52x90-IVORY-2-PCS,none,spend_wk,campaign,,0,2026-09-16,,,,,,
new SP campaigns — tranche A,SL-LC-SP-AUTO-CLOSE,product_ad,LINEN-CURTAIN-52x108-IVORY-2-PCS,,create_product_ad,,LINEN-CURTAIN-52x108-IVORY-2-PCS,none,spend_wk,campaign,,0,2026-09-16,,,,,,
new SP campaigns — tranche A,SL-LC-SP-AUTO-CLOSE,product_ad,LINEN-CURTAIN-52x120-LIGHT-BEIGE-2-PCS,,create_product_ad,,LINEN-CURTAIN-52x120-LIGHT-BEIGE-2-PCS,none,spend_wk,campaign,,0,2026-09-16,,,,,,
new SP campaigns — tranche A,SL-LC-SP-AUTO-CLOSE,product_ad,LINEN-CURTAIN-52x108-LIGHT-BEIGE-2-PCS,,create_product_ad,,LINEN-CURTAIN-52x108-LIGHT-BEIGE-2-PCS,none,spend_wk,campaign,,0,2026-09-16,,,,,,
new SP campaigns — tranche A,SL-LC-SP-AUTO-LOOSE,campaign,,,create_campaign,,8,none,spend_wk,campaign,56,0,2026-09-16,,,,,,
new SP campaigns — tranche A,SL-LC-SP-AUTO-LOOSE,ad_group,,,create_ad_group,,0.53,none,spend_wk,campaign,,0,2026-09-16,,,,,,
new SP campaigns — tranche A,SL-LC-SP-AUTO-LOOSE,campaign,,,placement_multiplier,placementTop,0,none,spend_wk,campaign,,0,2026-09-16,,,,,,
new SP campaigns — tranche A,SL-LC-SP-AUTO-LOOSE,campaign,,,placement_multiplier,placementRestOfSearch,0,none,spend_wk,campaign,,0,2026-09-16,,,,,,
new SP campaigns — tranche A,SL-LC-SP-AUTO-LOOSE,campaign,,,placement_multiplier,placementProductPage,0,none,spend_wk,campaign,,0,2026-09-16,,,,,,
new SP campaigns — tranche A,SL-LC-SP-AUTO-LOOSE,product_ad,LINEN-CURTAIN-52x84-IVORY-2-PCS,,create_product_ad,,LINEN-CURTAIN-52x84-IVORY-2-PCS,none,spend_wk,campaign,,0,2026-09-16,,,,,,
new SP campaigns — tranche A,SL-LC-SP-AUTO-LOOSE,product_ad,LINEN-CURTAIN-52x84-LIGHT-BEIGE-2-PCS,,create_product_ad,,LINEN-CURTAIN-52x84-LIGHT-BEIGE-2-PCS,none,spend_wk,campaign,,0,2026-09-16,,,,,,
new SP campaigns — tranche A,SL-LC-SP-AUTO-LOOSE,product_ad,LINEN-CURTAIN-52x72-LIGHT-BEIGE-2-PCS,,create_product_ad,,LINEN-CURTAIN-52x72-LIGHT-BEIGE-2-PCS,none,spend_wk,campaign,,0,2026-09-16,,,,,,
new SP campaigns — tranche A,SL-LC-SP-AUTO-LOOSE,product_ad,LINEN-CURTAIN-52x120-IVORY-2-PCS,,create_product_ad,,LINEN-CURTAIN-52x120-IVORY-2-PCS,none,spend_wk,campaign,,0,2026-09-16,,,,,,
new SP campaigns — tranche A,SL-LC-SP-AUTO-LOOSE,product_ad,LINEN-CURTAIN-52x72-IVORY-2-PCS,,create_product_ad,,LINEN-CURTAIN-52x72-IVORY-2-PCS,none,spend_wk,campaign,,0,2026-09-16,,,,,,
new SP campaigns — tranche A,SL-LC-SP-AUTO-LOOSE,product_ad,LINEN-CURTAIN-52x90-LIGHT-BEIGE-2-PCS,,create_product_ad,,LINEN-CURTAIN-52x90-LIGHT-BEIGE-2-PCS,none,spend_wk,campaign,,0,2026-09-16,,,,,,
new SP campaigns — tranche A,SL-LC-SP-AUTO-LOOSE,product_ad,LINEN-CURTAIN-52x63-LIGHT-BEIGE-2-PCS,,create_product_ad,,LINEN-CURTAIN-52x63-LIGHT-BEIGE-2-PCS,none,spend_wk,campaign,,0,2026-09-16,,,,,,
new SP campaigns — tranche A,SL-LC-SP-AUTO-LOOSE,product_ad,LINEN-CURTAIN-52x90-IVORY-2-PCS,,create_product_ad,,LINEN-CURTAIN-52x90-IVORY-2-PCS,none,spend_wk,campaign,,0,2026-09-16,,,,,,
new SP campaigns — tranche A,SL-LC-SP-AUTO-LOOSE,product_ad,LINEN-CURTAIN-52x108-IVORY-2-PCS,,create_product_ad,,LINEN-CURTAIN-52x108-IVORY-2-PCS,none,spend_wk,campaign,,0,2026-09-16,,,,,,
new SP campaigns — tranche A,SL-LC-SP-AUTO-LOOSE,product_ad,LINEN-CURTAIN-52x120-LIGHT-BEIGE-2-PCS,,create_product_ad,,LINEN-CURTAIN-52x120-LIGHT-BEIGE-2-PCS,none,spend_wk,campaign,,0,2026-09-16,,,,,,
new SP campaigns — tranche A,SL-LC-SP-AUTO-LOOSE,product_ad,LINEN-CURTAIN-52x108-LIGHT-BEIGE-2-PCS,,create_product_ad,,LINEN-CURTAIN-52x108-LIGHT-BEIGE-2-PCS,none,spend_wk,campaign,,0,2026-09-16,,,,,,
new SP campaigns — tranche A,SL-LC-SP-AUTO-SUBS,campaign,,,create_campaign,,8,none,spend_wk,campaign,56,0,2026-09-16,,,,,,
new SP campaigns — tranche A,SL-LC-SP-AUTO-SUBS,ad_group,,,create_ad_group,,0.53,none,spend_wk,campaign,,0,2026-09-16,,,,,,
new SP campaigns — tranche A,SL-LC-SP-AUTO-SUBS,campaign,,,placement_multiplier,placementTop,0,none,spend_wk,campaign,,0,2026-09-16,,,,,,
new SP campaigns — tranche A,SL-LC-SP-AUTO-SUBS,campaign,,,placement_multiplier,placementRestOfSearch,0,none,spend_wk,campaign,,0,2026-09-16,,,,,,
new SP campaigns — tranche A,SL-LC-SP-AUTO-SUBS,campaign,,,placement_multiplier,placementProductPage,0,none,spend_wk,campaign,,0,2026-09-16,,,,,,
new SP campaigns — tranche A,SL-LC-SP-AUTO-SUBS,product_ad,LINEN-CURTAIN-52x84-IVORY-2-PCS,,create_product_ad,,LINEN-CURTAIN-52x84-IVORY-2-PCS,none,spend_wk,campaign,,0,2026-09-16,,,,,,
new SP campaigns — tranche A,SL-LC-SP-AUTO-SUBS,product_ad,LINEN-CURTAIN-52x84-LIGHT-BEIGE-2-PCS,,create_product_ad,,LINEN-CURTAIN-52x84-LIGHT-BEIGE-2-PCS,none,spend_wk,campaign,,0,2026-09-16,,,,,,
new SP campaigns — tranche A,SL-LC-SP-AUTO-SUBS,product_ad,LINEN-CURTAIN-52x72-LIGHT-BEIGE-2-PCS,,create_product_ad,,LINEN-CURTAIN-52x72-LIGHT-BEIGE-2-PCS,none,spend_wk,campaign,,0,2026-09-16,,,,,,
new SP campaigns — tranche A,SL-LC-SP-AUTO-SUBS,product_ad,LINEN-CURTAIN-52x120-IVORY-2-PCS,,create_product_ad,,LINEN-CURTAIN-52x120-IVORY-2-PCS,none,spend_wk,campaign,,0,2026-09-16,,,,,,
new SP campaigns — tranche A,SL-LC-SP-AUTO-SUBS,product_ad,LINEN-CURTAIN-52x72-IVORY-2-PCS,,create_product_ad,,LINEN-CURTAIN-52x72-IVORY-2-PCS,none,spend_wk,campaign,,0,2026-09-16,,,,,,
new SP campaigns — tranche A,SL-LC-SP-AUTO-SUBS,product_ad,LINEN-CURTAIN-52x90-LIGHT-BEIGE-2-PCS,,create_product_ad,,LINEN-CURTAIN-52x90-LIGHT-BEIGE-2-PCS,none,spend_wk,campaign,,0,2026-09-16,,,,,,
new SP campaigns — tranche A,SL-LC-SP-AUTO-SUBS,product_ad,LINEN-CURTAIN-52x63-LIGHT-BEIGE-2-PCS,,create_product_ad,,LINEN-CURTAIN-52x63-LIGHT-BEIGE-2-PCS,none,spend_wk,campaign,,0,2026-09-16,,,,,,
new SP campaigns — tranche A,SL-LC-SP-AUTO-SUBS,product_ad,LINEN-CURTAIN-52x90-IVORY-2-PCS,,create_product_ad,,LINEN-CURTAIN-52x90-IVORY-2-PCS,none,spend_wk,campaign,,0,2026-09-16,,,,,,
new SP campaigns — tranche A,SL-LC-SP-AUTO-SUBS,product_ad,LINEN-CURTAIN-52x108-IVORY-2-PCS,,create_product_ad,,LINEN-CURTAIN-52x108-IVORY-2-PCS,none,spend_wk,campaign,,0,2026-09-16,,,,,,
new SP campaigns — tranche A,SL-LC-SP-AUTO-SUBS,product_ad,LINEN-CURTAIN-52x120-LIGHT-BEIGE-2-PCS,,create_product_ad,,LINEN-CURTAIN-52x120-LIGHT-BEIGE-2-PCS,none,spend_wk,campaign,,0,2026-09-16,,,,,,
new SP campaigns — tranche A,SL-LC-SP-AUTO-SUBS,product_ad,LINEN-CURTAIN-52x108-LIGHT-BEIGE-2-PCS,,create_product_ad,,LINEN-CURTAIN-52x108-LIGHT-BEIGE-2-PCS,none,spend_wk,campaign,,0,2026-09-16,,,,,,
new SP campaigns — tranche A,SL-LC-SP-AUTO-COMP,campaign,,,create_campaign,,4,none,spend_wk,campaign,28,0,2026-09-16,,,,,,
new SP campaigns — tranche A,SL-LC-SP-AUTO-COMP,ad_group,,,create_ad_group,,0.53,none,spend_wk,campaign,,0,2026-09-16,,,,,,
new SP campaigns — tranche A,SL-LC-SP-AUTO-COMP,campaign,,,placement_multiplier,placementTop,0,none,spend_wk,campaign,,0,2026-09-16,,,,,,
new SP campaigns — tranche A,SL-LC-SP-AUTO-COMP,campaign,,,placement_multiplier,placementRestOfSearch,0,none,spend_wk,campaign,,0,2026-09-16,,,,,,
new SP campaigns — tranche A,SL-LC-SP-AUTO-COMP,campaign,,,placement_multiplier,placementProductPage,0,none,spend_wk,campaign,,0,2026-09-16,,,,,,
new SP campaigns — tranche A,SL-LC-SP-AUTO-COMP,product_ad,LINEN-CURTAIN-52x84-IVORY-2-PCS,,create_product_ad,,LINEN-CURTAIN-52x84-IVORY-2-PCS,none,spend_wk,campaign,,0,2026-09-16,,,,,,
new SP campaigns — tranche A,SL-LC-SP-AUTO-COMP,product_ad,LINEN-CURTAIN-52x84-LIGHT-BEIGE-2-PCS,,create_product_ad,,LINEN-CURTAIN-52x84-LIGHT-BEIGE-2-PCS,none,spend_wk,campaign,,0,2026-09-16,,,,,,
new SP campaigns — tranche A,SL-LC-SP-AUTO-COMP,product_ad,LINEN-CURTAIN-52x72-LIGHT-BEIGE-2-PCS,,create_product_ad,,LINEN-CURTAIN-52x72-LIGHT-BEIGE-2-PCS,none,spend_wk,campaign,,0,2026-09-16,,,,,,
new SP campaigns — tranche A,SL-LC-SP-AUTO-COMP,product_ad,LINEN-CURTAIN-52x120-IVORY-2-PCS,,create_product_ad,,LINEN-CURTAIN-52x120-IVORY-2-PCS,none,spend_wk,campaign,,0,2026-09-16,,,,,,
new SP campaigns — tranche A,SL-LC-SP-AUTO-COMP,product_ad,LINEN-CURTAIN-52x72-IVORY-2-PCS,,create_product_ad,,LINEN-CURTAIN-52x72-IVORY-2-PCS,none,spend_wk,campaign,,0,2026-09-16,,,,,,
new SP campaigns — tranche A,SL-LC-SP-AUTO-COMP,product_ad,LINEN-CURTAIN-52x90-LIGHT-BEIGE-2-PCS,,create_product_ad,,LINEN-CURTAIN-52x90-LIGHT-BEIGE-2-PCS,none,spend_wk,campaign,,0,2026-09-16,,,,,,
new SP campaigns — tranche A,SL-LC-SP-AUTO-COMP,product_ad,LINEN-CURTAIN-52x63-LIGHT-BEIGE-2-PCS,,create_product_ad,,LINEN-CURTAIN-52x63-LIGHT-BEIGE-2-PCS,none,spend_wk,campaign,,0,2026-09-16,,,,,,
new SP campaigns — tranche A,SL-LC-SP-AUTO-COMP,product_ad,LINEN-CURTAIN-52x90-IVORY-2-PCS,,create_product_ad,,LINEN-CURTAIN-52x90-IVORY-2-PCS,none,spend_wk,campaign,,0,2026-09-16,,,,,,
new SP campaigns — tranche A,SL-LC-SP-AUTO-COMP,product_ad,LINEN-CURTAIN-52x108-IVORY-2-PCS,,create_product_ad,,LINEN-CURTAIN-52x108-IVORY-2-PCS,none,spend_wk,campaign,,0,2026-09-16,,,,,,
new SP campaigns — tranche A,SL-LC-SP-AUTO-COMP,product_ad,LINEN-CURTAIN-52x120-LIGHT-BEIGE-2-PCS,,create_product_ad,,LINEN-CURTAIN-52x120-LIGHT-BEIGE-2-PCS,none,spend_wk,campaign,,0,2026-09-16,,,,,,
new SP campaigns — tranche A,SL-LC-SP-AUTO-COMP,product_ad,LINEN-CURTAIN-52x108-LIGHT-BEIGE-2-PCS,,create_product_ad,,LINEN-CURTAIN-52x108-LIGHT-BEIGE-2-PCS,none,spend_wk,campaign,,0,2026-09-16,,,,,,
new SP campaigns — tranche A,SL-LC-SP-PAT-CONQUEST,campaign,,,create_campaign,,14,none,spend_wk,campaign,98,0,2026-09-16,,,,,,
new SP campaigns — tranche A,SL-LC-SP-PAT-CONQUEST,ad_group,,,create_ad_group,,0.53,none,spend_wk,campaign,,0,2026-09-16,,,,,,
new SP campaigns — tranche A,SL-LC-SP-PAT-CONQUEST,campaign,,,placement_multiplier,placementTop,0,none,spend_wk,campaign,,0,2026-09-16,,,,,,
new SP campaigns — tranche A,SL-LC-SP-PAT-CONQUEST,campaign,,,placement_multiplier,placementRestOfSearch,0,none,spend_wk,campaign,,0,2026-09-16,,,,,,
new SP campaigns — tranche A,SL-LC-SP-PAT-CONQUEST,campaign,,,placement_multiplier,placementProductPage,0,none,spend_wk,campaign,,0,2026-09-16,,,,,,
new SP campaigns — tranche A,SL-LC-SP-PAT-CONQUEST,product_ad,LINEN-CURTAIN-52x84-IVORY-2-PCS,,create_product_ad,,LINEN-CURTAIN-52x84-IVORY-2-PCS,none,spend_wk,campaign,,0,2026-09-16,,,,,,
new SP campaigns — tranche A,SL-LC-SP-PAT-CONQUEST,product_ad,LINEN-CURTAIN-52x84-LIGHT-BEIGE-2-PCS,,create_product_ad,,LINEN-CURTAIN-52x84-LIGHT-BEIGE-2-PCS,none,spend_wk,campaign,,0,2026-09-16,,,,,,
new SP campaigns — tranche A,SL-LC-SP-PAT-CONQUEST,product_ad,LINEN-CURTAIN-52x72-LIGHT-BEIGE-2-PCS,,create_product_ad,,LINEN-CURTAIN-52x72-LIGHT-BEIGE-2-PCS,none,spend_wk,campaign,,0,2026-09-16,,,,,,
new SP campaigns — tranche A,SL-LC-SP-PAT-CONQUEST,product_ad,LINEN-CURTAIN-52x120-IVORY-2-PCS,,create_product_ad,,LINEN-CURTAIN-52x120-IVORY-2-PCS,none,spend_wk,campaign,,0,2026-09-16,,,,,,
new SP campaigns — tranche A,SL-LC-SP-PAT-CONQUEST,product_ad,LINEN-CURTAIN-52x72-IVORY-2-PCS,,create_product_ad,,LINEN-CURTAIN-52x72-IVORY-2-PCS,none,spend_wk,campaign,,0,2026-09-16,,,,,,
new SP campaigns — tranche A,SL-LC-SP-PAT-CONQUEST,product_ad,LINEN-CURTAIN-52x90-LIGHT-BEIGE-2-PCS,,create_product_ad,,LINEN-CURTAIN-52x90-LIGHT-BEIGE-2-PCS,none,spend_wk,campaign,,0,2026-09-16,,,,,,
new SP campaigns — tranche A,SL-LC-SP-PAT-CONQUEST,product_ad,LINEN-CURTAIN-52x63-LIGHT-BEIGE-2-PCS,,create_product_ad,,LINEN-CURTAIN-52x63-LIGHT-BEIGE-2-PCS,none,spend_wk,campaign,,0,2026-09-16,,,,,,
new SP campaigns — tranche A,SL-LC-SP-PAT-CONQUEST,product_ad,LINEN-CURTAIN-52x90-IVORY-2-PCS,,create_product_ad,,LINEN-CURTAIN-52x90-IVORY-2-PCS,none,spend_wk,campaign,,0,2026-09-16,,,,,,
new SP campaigns — tranche A,SL-LC-SP-PAT-CONQUEST,product_ad,LINEN-CURTAIN-52x108-IVORY-2-PCS,,create_product_ad,,LINEN-CURTAIN-52x108-IVORY-2-PCS,none,spend_wk,campaign,,0,2026-09-16,,,,,,
new SP campaigns — tranche A,SL-LC-SP-PAT-CONQUEST,product_ad,LINEN-CURTAIN-52x120-LIGHT-BEIGE-2-PCS,,create_product_ad,,LINEN-CURTAIN-52x120-LIGHT-BEIGE-2-PCS,none,spend_wk,campaign,,0,2026-09-16,,,,,,
new SP campaigns — tranche A,SL-LC-SP-PAT-CONQUEST,product_ad,LINEN-CURTAIN-52x108-LIGHT-BEIGE-2-PCS,,create_product_ad,,LINEN-CURTAIN-52x108-LIGHT-BEIGE-2-PCS,none,spend_wk,campaign,,0,2026-09-16,,,,,,
new SP campaigns — tranche A,SL-LC-SP-PAT-CONQUEST,product_target,"asin=""B08SBYPF14""",,create_target,,0.55,none,spend_wk,campaign,,0,2026-09-16,,,,,,
new SP campaigns — tranche A,SL-LC-SP-PAT-CONQUEST,product_target,"asin=""B0DG84XRDW""",,create_target,,0.55,none,spend_wk,campaign,,0,2026-09-16,,,,,,
new SP campaigns — tranche A,SL-LC-SP-PAT-CONQUEST,product_target,"asin=""B07C9HL1G1""",,create_target,,0.55,none,spend_wk,campaign,,0,2026-09-16,,,,,,
new SP campaigns — tranche A,SL-LC-SP-PAT-CONQUEST,product_target,"asin=""B0B7DX7C51""",,create_target,,0.55,none,spend_wk,campaign,,0,2026-09-16,,,,,,
new SP campaigns — tranche A,SL-LC-SP-PAT-CONQUEST,product_target,"asin=""B0BWJ8B48S""",,create_target,,0.55,none,spend_wk,campaign,,0,2026-09-16,,,,,,
new SP campaigns — tranche A,SL-LC-SP-PAT-CONQUEST,product_target,"asin=""B0DFWNNRZT""",,create_target,,0.55,none,spend_wk,campaign,,0,2026-09-16,,,,,,
new SP campaigns — tranche A,SL-LC-SP-PAT-CONQUEST,product_target,"asin=""B0CQYSVL2S""",,create_target,,0.55,none,spend_wk,campaign,,0,2026-09-16,,,,,,
new SP campaigns — tranche A,SL-LC-SP-PAT-CONQUEST,product_target,"asin=""B0CYLS2C62""",,create_target,,0.55,none,spend_wk,campaign,,0,2026-09-16,,,,,,
new SP campaigns — tranche A,SL-LC-SP-PAT-CONQUEST,product_target,"asin=""B0CRTM5ZDN""",,create_target,,0.55,none,spend_wk,campaign,,0,2026-09-16,,,,,,
new SP campaigns — tranche A,SL-LC-SP-PAT-CATEGORY,campaign,,,create_campaign,,10,none,spend_wk,campaign,70,0,2026-09-16,,,,,,
new SP campaigns — tranche A,SL-LC-SP-PAT-CATEGORY,ad_group,,,create_ad_group,,0.53,none,spend_wk,campaign,,0,2026-09-16,,,,,,
new SP campaigns — tranche A,SL-LC-SP-PAT-CATEGORY,campaign,,,placement_multiplier,placementTop,0,none,spend_wk,campaign,,0,2026-09-16,,,,,,
new SP campaigns — tranche A,SL-LC-SP-PAT-CATEGORY,campaign,,,placement_multiplier,placementRestOfSearch,0,none,spend_wk,campaign,,0,2026-09-16,,,,,,
new SP campaigns — tranche A,SL-LC-SP-PAT-CATEGORY,campaign,,,placement_multiplier,placementProductPage,0,none,spend_wk,campaign,,0,2026-09-16,,,,,,
new SP campaigns — tranche A,SL-LC-SP-PAT-CATEGORY,product_ad,LINEN-CURTAIN-52x84-IVORY-2-PCS,,create_product_ad,,LINEN-CURTAIN-52x84-IVORY-2-PCS,none,spend_wk,campaign,,0,2026-09-16,,,,,,
new SP campaigns — tranche A,SL-LC-SP-PAT-CATEGORY,product_ad,LINEN-CURTAIN-52x84-LIGHT-BEIGE-2-PCS,,create_product_ad,,LINEN-CURTAIN-52x84-LIGHT-BEIGE-2-PCS,none,spend_wk,campaign,,0,2026-09-16,,,,,,
new SP campaigns — tranche A,SL-LC-SP-PAT-CATEGORY,product_ad,LINEN-CURTAIN-52x72-LIGHT-BEIGE-2-PCS,,create_product_ad,,LINEN-CURTAIN-52x72-LIGHT-BEIGE-2-PCS,none,spend_wk,campaign,,0,2026-09-16,,,,,,
new SP campaigns — tranche A,SL-LC-SP-PAT-CATEGORY,product_ad,LINEN-CURTAIN-52x120-IVORY-2-PCS,,create_product_ad,,LINEN-CURTAIN-52x120-IVORY-2-PCS,none,spend_wk,campaign,,0,2026-09-16,,,,,,
new SP campaigns — tranche A,SL-LC-SP-PAT-CATEGORY,product_ad,LINEN-CURTAIN-52x72-IVORY-2-PCS,,create_product_ad,,LINEN-CURTAIN-52x72-IVORY-2-PCS,none,spend_wk,campaign,,0,2026-09-16,,,,,,
new SP campaigns — tranche A,SL-LC-SP-PAT-CATEGORY,product_ad,LINEN-CURTAIN-52x90-LIGHT-BEIGE-2-PCS,,create_product_ad,,LINEN-CURTAIN-52x90-LIGHT-BEIGE-2-PCS,none,spend_wk,campaign,,0,2026-09-16,,,,,,
new SP campaigns — tranche A,SL-LC-SP-PAT-CATEGORY,product_ad,LINEN-CURTAIN-52x63-LIGHT-BEIGE-2-PCS,,create_product_ad,,LINEN-CURTAIN-52x63-LIGHT-BEIGE-2-PCS,none,spend_wk,campaign,,0,2026-09-16,,,,,,
new SP campaigns — tranche A,SL-LC-SP-PAT-CATEGORY,product_ad,LINEN-CURTAIN-52x90-IVORY-2-PCS,,create_product_ad,,LINEN-CURTAIN-52x90-IVORY-2-PCS,none,spend_wk,campaign,,0,2026-09-16,,,,,,
new SP campaigns — tranche A,SL-LC-SP-PAT-CATEGORY,product_ad,LINEN-CURTAIN-52x108-IVORY-2-PCS,,create_product_ad,,LINEN-CURTAIN-52x108-IVORY-2-PCS,none,spend_wk,campaign,,0,2026-09-16,,,,,,
new SP campaigns — tranche A,SL-LC-SP-PAT-CATEGORY,product_ad,LINEN-CURTAIN-52x120-LIGHT-BEIGE-2-PCS,,create_product_ad,,LINEN-CURTAIN-52x120-LIGHT-BEIGE-2-PCS,none,spend_wk,campaign,,0,2026-09-16,,,,,,
new SP campaigns — tranche A,SL-LC-SP-PAT-CATEGORY,product_ad,LINEN-CURTAIN-52x108-LIGHT-BEIGE-2-PCS,,create_product_ad,,LINEN-CURTAIN-52x108-LIGHT-BEIGE-2-PCS,none,spend_wk,campaign,,0,2026-09-16,,,,,,
new SP campaigns — tranche A,SL-LC-SP-PAT-CATEGORY,product_target,"category=""Blackout Curtains"" price>18 price<40 rating<4.5",,create_target,,0.45,none,spend_wk,campaign,,0,2026-09-16,,,,,,
new SP campaigns — tranche A,SL-LC-SP-PAT-CATEGORY,product_target,"category=""Window Curtains & Drapes"" price>18 price<40 rating<4.5",,create_target,,0.45,none,spend_wk,campaign,,0,2026-09-16,,,,,,
new SP campaigns — gated on the 52x84 reprice,SL-LC-SP-BROAD-HEAD,campaign,,,create_campaign,,40,none,spend_wk,campaign,280,0,,,,held until the 52x84 reprice lands; nothing uploads before then,,"do not upload — the gate is the reprice, not a date. Re-read once it lands",Two head-root campaigns at $65/day. Head terms only pay at the repriced 52x84; uploading before the reprice funds the most expensive terms at the wrong price.
new SP campaigns — gated on the 52x84 reprice,SL-LC-SP-BROAD-HEAD,ad_group,,,create_ad_group,,0.53,none,spend_wk,campaign,,0,,,,,,,
new SP campaigns — gated on the 52x84 reprice,SL-LC-SP-BROAD-HEAD,campaign,,,placement_multiplier,placementTop,0,none,spend_wk,campaign,,0,,,,,,,
new SP campaigns — gated on the 52x84 reprice,SL-LC-SP-BROAD-HEAD,campaign,,,placement_multiplier,placementRestOfSearch,0,none,spend_wk,campaign,,0,,,,,,,
new SP campaigns — gated on the 52x84 reprice,SL-LC-SP-BROAD-HEAD,campaign,,,placement_multiplier,placementProductPage,0,none,spend_wk,campaign,,0,,,,,,,
new SP campaigns — gated on the 52x84 reprice,SL-LC-SP-BROAD-HEAD,product_ad,LINEN-CURTAIN-52x84-IVORY-2-PCS,,create_product_ad,,LINEN-CURTAIN-52x84-IVORY-2-PCS,none,spend_wk,campaign,,0,,,,,,,
new SP campaigns — gated on the 52x84 reprice,SL-LC-SP-BROAD-HEAD,product_ad,LINEN-CURTAIN-52x84-LIGHT-BEIGE-2-PCS,,create_product_ad,,LINEN-CURTAIN-52x84-LIGHT-BEIGE-2-PCS,none,spend_wk,campaign,,0,,,,,,,
new SP campaigns — gated on the 52x84 reprice,SL-LC-SP-BROAD-HEAD,product_ad,LINEN-CURTAIN-52x72-LIGHT-BEIGE-2-PCS,,create_product_ad,,LINEN-CURTAIN-52x72-LIGHT-BEIGE-2-PCS,none,spend_wk,campaign,,0,,,,,,,
new SP campaigns — gated on the 52x84 reprice,SL-LC-SP-BROAD-HEAD,product_ad,LINEN-CURTAIN-52x120-IVORY-2-PCS,,create_product_ad,,LINEN-CURTAIN-52x120-IVORY-2-PCS,none,spend_wk,campaign,,0,,,,,,,
new SP campaigns — gated on the 52x84 reprice,SL-LC-SP-BROAD-HEAD,product_ad,LINEN-CURTAIN-52x72-IVORY-2-PCS,,create_product_ad,,LINEN-CURTAIN-52x72-IVORY-2-PCS,none,spend_wk,campaign,,0,,,,,,,
new SP campaigns — gated on the 52x84 reprice,SL-LC-SP-BROAD-HEAD,product_ad,LINEN-CURTAIN-52x90-LIGHT-BEIGE-2-PCS,,create_product_ad,,LINEN-CURTAIN-52x90-LIGHT-BEIGE-2-PCS,none,spend_wk,campaign,,0,,,,,,,
new SP campaigns — gated on the 52x84 reprice,SL-LC-SP-BROAD-HEAD,product_ad,LINEN-CURTAIN-52x63-LIGHT-BEIGE-2-PCS,,create_product_ad,,LINEN-CURTAIN-52x63-LIGHT-BEIGE-2-PCS,none,spend_wk,campaign,,0,,,,,,,
new SP campaigns — gated on the 52x84 reprice,SL-LC-SP-BROAD-HEAD,product_ad,LINEN-CURTAIN-52x90-IVORY-2-PCS,,create_product_ad,,LINEN-CURTAIN-52x90-IVORY-2-PCS,none,spend_wk,campaign,,0,,,,,,,
new SP campaigns — gated on the 52x84 reprice,SL-LC-SP-BROAD-HEAD,product_ad,LINEN-CURTAIN-52x108-IVORY-2-PCS,,create_product_ad,,LINEN-CURTAIN-52x108-IVORY-2-PCS,none,spend_wk,campaign,,0,,,,,,,
new SP campaigns — gated on the 52x84 reprice,SL-LC-SP-BROAD-HEAD,product_ad,LINEN-CURTAIN-52x120-LIGHT-BEIGE-2-PCS,,create_product_ad,,LINEN-CURTAIN-52x120-LIGHT-BEIGE-2-PCS,none,spend_wk,campaign,,0,,,,,,,
new SP campaigns — gated on the 52x84 reprice,SL-LC-SP-BROAD-HEAD,product_ad,LINEN-CURTAIN-52x108-LIGHT-BEIGE-2-PCS,,create_product_ad,,LINEN-CURTAIN-52x108-LIGHT-BEIGE-2-PCS,none,spend_wk,campaign,,0,,,,,,,
new SP campaigns — gated on the 52x84 reprice,SL-LC-SP-BROAD-HEAD,keyword,curtains,BROAD,create_keyword,,0.53,none,spend_wk,campaign,,0,,,,,,,
new SP campaigns — gated on the 52x84 reprice,SL-LC-SP-BROAD-HEAD,keyword,curtain,BROAD,create_keyword,,0.53,none,spend_wk,campaign,,0,,,,,,,
new SP campaigns — gated on the 52x84 reprice,SL-LC-SP-BROAD-HEAD,keyword,curtains,BROAD,create_keyword,,0.53,none,spend_wk,campaign,,0,,,,,,,
new SP campaigns — gated on the 52x84 reprice,SL-LC-SP-BROAD-HEAD,keyword,curtain,BROAD,create_keyword,,0.53,none,spend_wk,campaign,,0,,,,,,,
new SP campaigns — gated on the 52x84 reprice,SL-LC-SP-PHRASE-HEAD,campaign,,,create_campaign,,25,none,spend_wk,campaign,175,0,,,,,,,
new SP campaigns — gated on the 52x84 reprice,SL-LC-SP-PHRASE-HEAD,ad_group,,,create_ad_group,,0.53,none,spend_wk,campaign,,0,,,,,,,
new SP campaigns — gated on the 52x84 reprice,SL-LC-SP-PHRASE-HEAD,campaign,,,placement_multiplier,placementTop,0,none,spend_wk,campaign,,0,,,,,,,
new SP campaigns — gated on the 52x84 reprice,SL-LC-SP-PHRASE-HEAD,campaign,,,placement_multiplier,placementRestOfSearch,0,none,spend_wk,campaign,,0,,,,,,,
new SP campaigns — gated on the 52x84 reprice,SL-LC-SP-PHRASE-HEAD,campaign,,,placement_multiplier,placementProductPage,0,none,spend_wk,campaign,,0,,,,,,,
new SP campaigns — gated on the 52x84 reprice,SL-LC-SP-PHRASE-HEAD,product_ad,LINEN-CURTAIN-52x84-IVORY-2-PCS,,create_product_ad,,LINEN-CURTAIN-52x84-IVORY-2-PCS,none,spend_wk,campaign,,0,,,,,,,
new SP campaigns — gated on the 52x84 reprice,SL-LC-SP-PHRASE-HEAD,product_ad,LINEN-CURTAIN-52x84-LIGHT-BEIGE-2-PCS,,create_product_ad,,LINEN-CURTAIN-52x84-LIGHT-BEIGE-2-PCS,none,spend_wk,campaign,,0,,,,,,,
new SP campaigns — gated on the 52x84 reprice,SL-LC-SP-PHRASE-HEAD,product_ad,LINEN-CURTAIN-52x72-LIGHT-BEIGE-2-PCS,,create_product_ad,,LINEN-CURTAIN-52x72-LIGHT-BEIGE-2-PCS,none,spend_wk,campaign,,0,,,,,,,
new SP campaigns — gated on the 52x84 reprice,SL-LC-SP-PHRASE-HEAD,product_ad,LINEN-CURTAIN-52x120-IVORY-2-PCS,,create_product_ad,,LINEN-CURTAIN-52x120-IVORY-2-PCS,none,spend_wk,campaign,,0,,,,,,,
new SP campaigns — gated on the 52x84 reprice,SL-LC-SP-PHRASE-HEAD,product_ad,LINEN-CURTAIN-52x72-IVORY-2-PCS,,create_product_ad,,LINEN-CURTAIN-52x72-IVORY-2-PCS,none,spend_wk,campaign,,0,,,,,,,
new SP campaigns — gated on the 52x84 reprice,SL-LC-SP-PHRASE-HEAD,product_ad,LINEN-CURTAIN-52x90-LIGHT-BEIGE-2-PCS,,create_product_ad,,LINEN-CURTAIN-52x90-LIGHT-BEIGE-2-PCS,none,spend_wk,campaign,,0,,,,,,,
new SP campaigns — gated on the 52x84 reprice,SL-LC-SP-PHRASE-HEAD,product_ad,LINEN-CURTAIN-52x63-LIGHT-BEIGE-2-PCS,,create_product_ad,,LINEN-CURTAIN-52x63-LIGHT-BEIGE-2-PCS,none,spend_wk,campaign,,0,,,,,,,
new SP campaigns — gated on the 52x84 reprice,SL-LC-SP-PHRASE-HEAD,product_ad,LINEN-CURTAIN-52x90-IVORY-2-PCS,,create_product_ad,,LINEN-CURTAIN-52x90-IVORY-2-PCS,none,spend_wk,campaign,,0,,,,,,,
new SP campaigns — gated on the 52x84 reprice,SL-LC-SP-PHRASE-HEAD,product_ad,LINEN-CURTAIN-52x108-IVORY-2-PCS,,create_product_ad,,LINEN-CURTAIN-52x108-IVORY-2-PCS,none,spend_wk,campaign,,0,,,,,,,
new SP campaigns — gated on the 52x84 reprice,SL-LC-SP-PHRASE-HEAD,product_ad,LINEN-CURTAIN-52x120-LIGHT-BEIGE-2-PCS,,create_product_ad,,LINEN-CURTAIN-52x120-LIGHT-BEIGE-2-PCS,none,spend_wk,campaign,,0,,,,,,,
new SP campaigns — gated on the 52x84 reprice,SL-LC-SP-PHRASE-HEAD,product_ad,LINEN-CURTAIN-52x108-LIGHT-BEIGE-2-PCS,,create_product_ad,,LINEN-CURTAIN-52x108-LIGHT-BEIGE-2-PCS,none,spend_wk,campaign,,0,,,,,,,
new SP campaigns — gated on the 52x84 reprice,SL-LC-SP-PHRASE-HEAD,keyword,window curtain,PHRASE,create_keyword,,0.53,none,spend_wk,campaign,,0,,,,,,,
new SP campaigns — gated on the 52x84 reprice,SL-LC-SP-PHRASE-HEAD,keyword,curtains,PHRASE,create_keyword,,0.53,none,spend_wk,campaign,,0,,,,,,,
new SP campaigns — gated on the 52x84 reprice,SL-LC-SP-PHRASE-HEAD,keyword,curtain,PHRASE,create_keyword,,0.53,none,spend_wk,campaign,,0,,,,,,,
new SP campaigns — gated on the colour fix,SL-LC-SP-PHRASE-96,campaign,,,create_campaign,,20,none,spend_wk,campaign,140,0,,,,held until the lab dip and re-shot images land; nothing uploads before then,,do not upload — the gate is the colour fix. These route to the BLOCK-tier colourways,"Three campaigns at $53/day routed to the 96 inch drop, grey and floor-length lanes — the same colourways paused by the refund gate. They open when the refund cause is fixed, not before."
new SP campaigns — gated on the colour fix,SL-LC-SP-PHRASE-96,ad_group,,,create_ad_group,,0.53,none,spend_wk,campaign,,0,,,,,,,
new SP campaigns — gated on the colour fix,SL-LC-SP-PHRASE-96,campaign,,,placement_multiplier,placementTop,0,none,spend_wk,campaign,,0,,,,,,,
new SP campaigns — gated on the colour fix,SL-LC-SP-PHRASE-96,campaign,,,placement_multiplier,placementRestOfSearch,0,none,spend_wk,campaign,,0,,,,,,,
new SP campaigns — gated on the colour fix,SL-LC-SP-PHRASE-96,campaign,,,placement_multiplier,placementProductPage,0,none,spend_wk,campaign,,0,,,,,,,
new SP campaigns — gated on the colour fix,SL-LC-SP-PHRASE-96,product_ad,LINEN-CURTAIN-52x96-NATURAL-2-PCS,,create_product_ad,,LINEN-CURTAIN-52x96-NATURAL-2-PCS,none,spend_wk,campaign,,0,,,,,,,
new SP campaigns — gated on the colour fix,SL-LC-SP-PHRASE-96,product_ad,LINEN-CURTAIN-52x96-BEIGE-2-PCS,,create_product_ad,,LINEN-CURTAIN-52x96-BEIGE-2-PCS,none,spend_wk,campaign,,0,,,,,,,
new SP campaigns — gated on the colour fix,SL-LC-SP-PHRASE-96,product_ad,LINEN-CURTAIN-52x96-LIGHT-GREY-2-PCS,,create_product_ad,,LINEN-CURTAIN-52x96-LIGHT-GREY-2-PCS,none,spend_wk,campaign,,0,,,,,,,
new SP campaigns — gated on the colour fix,SL-LC-SP-PHRASE-96,product_ad,LINEN-CURTAIN-52x96-IVORY-2-PCS,,create_product_ad,,LINEN-CURTAIN-52x96-IVORY-2-PCS,none,spend_wk,campaign,,0,,,,,,,
new SP campaigns — gated on the colour fix,SL-LC-SP-PHRASE-96,product_ad,LINEN-CURTAIN-52x96-LINEN-2-PCS,,create_product_ad,,LINEN-CURTAIN-52x96-LINEN-2-PCS,none,spend_wk,campaign,,0,,,,,,,
new SP campaigns — gated on the colour fix,SL-LC-SP-PHRASE-96,product_ad,LINEN-CURTAIN-52x96-LIGHT-BEIGE-2-PCS,,create_product_ad,,LINEN-CURTAIN-52x96-LIGHT-BEIGE-2-PCS,none,spend_wk,campaign,,0,,,,,,,
new SP campaigns — gated on the colour fix,SL-LC-SP-PHRASE-96,keyword,linen curtains 96 inches long,PHRASE,create_keyword,,0.53,none,spend_wk,campaign,,0,,,,,,,
new SP campaigns — gated on the colour fix,SL-LC-SP-PHRASE-96,keyword,curtains blackout 96 inches long,PHRASE,create_keyword,,0.53,none,spend_wk,campaign,,0,,,,,,,
new SP campaigns — gated on the colour fix,SL-LC-SP-PHRASE-96,keyword,96 blackout curtains,PHRASE,create_keyword,,0.53,none,spend_wk,campaign,,0,,,,,,,
new SP campaigns — gated on the colour fix,SL-LC-SP-PHRASE-96,keyword,96in blackout curtains,PHRASE,create_keyword,,0.53,none,spend_wk,campaign,,0,,,,,,,
new SP campaigns — gated on the colour fix,SL-LC-SP-PHRASE-96,keyword,blackout curtains 96 inch,PHRASE,create_keyword,,0.53,none,spend_wk,campaign,,0,,,,,,,
new SP campaigns — gated on the colour fix,SL-LC-SP-PHRASE-96,keyword,blackout curtains 96 inches,PHRASE,create_keyword,,0.53,none,spend_wk,campaign,,0,,,,,,,
new SP campaigns — gated on the colour fix,SL-LC-SP-PHRASE-96,keyword,blackout curtains 96 + inches long,PHRASE,create_keyword,,0.53,none,spend_wk,campaign,,0,,,,,,,
new SP campaigns — gated on the colour fix,SL-LC-SP-PHRASE-GREY,campaign,,,create_campaign,,18,none,spend_wk,campaign,126,0,,,,,,,
new SP campaigns — gated on the colour fix,SL-LC-SP-PHRASE-GREY,ad_group,,,create_ad_group,,0.53,none,spend_wk,campaign,,0,,,,,,,
new SP campaigns — gated on the colour fix,SL-LC-SP-PHRASE-GREY,campaign,,,placement_multiplier,placementTop,0,none,spend_wk,campaign,,0,,,,,,,
new SP campaigns — gated on the colour fix,SL-LC-SP-PHRASE-GREY,campaign,,,placement_multiplier,placementRestOfSearch,0,none,spend_wk,campaign,,0,,,,,,,
new SP campaigns — gated on the colour fix,SL-LC-SP-PHRASE-GREY,campaign,,,placement_multiplier,placementProductPage,0,none,spend_wk,campaign,,0,,,,,,,
new SP campaigns — gated on the colour fix,SL-LC-SP-PHRASE-GREY,product_ad,LINEN-CURTAIN-52x72-LIGHT-GREY-2-PCS,,create_product_ad,,LINEN-CURTAIN-52x72-LIGHT-GREY-2-PCS,none,spend_wk,campaign,,0,,,,,,,
new SP campaigns — gated on the colour fix,SL-LC-SP-PHRASE-GREY,product_ad,LINEN-CURTAIN-52x63-LIGHT-GREY-2-PCS,,create_product_ad,,LINEN-CURTAIN-52x63-LIGHT-GREY-2-PCS,none,spend_wk,campaign,,0,,,,,,,
new SP campaigns — gated on the colour fix,SL-LC-SP-PHRASE-GREY,product_ad,LINEN-CURTAIN-52x120-LIGHT-GREY-2-PCS,,create_product_ad,,LINEN-CURTAIN-52x120-LIGHT-GREY-2-PCS,none,spend_wk,campaign,,0,,,,,,,
new SP campaigns — gated on the colour fix,SL-LC-SP-PHRASE-GREY,product_ad,LINEN-CURTAIN-52x90-LIGHT-GREY-2-PCS,,create_product_ad,,LINEN-CURTAIN-52x90-LIGHT-GREY-2-PCS,none,spend_wk,campaign,,0,,,,,,,
new SP campaigns — gated on the colour fix,SL-LC-SP-PHRASE-GREY,product_ad,LINEN-CURTAIN-52x84-LIGHT-GREY-2-PCS,,create_product_ad,,LINEN-CURTAIN-52x84-LIGHT-GREY-2-PCS,none,spend_wk,campaign,,0,,,,,,,
new SP campaigns — gated on the colour fix,SL-LC-SP-PHRASE-GREY,product_ad,LINEN-CURTAIN-52x108-LIGHT-GREY-2-PCS,,create_product_ad,,LINEN-CURTAIN-52x108-LIGHT-GREY-2-PCS,none,spend_wk,campaign,,0,,,,,,,
new SP campaigns — gated on the colour fix,SL-LC-SP-PHRASE-GREY,keyword,light grey blackout curtains,PHRASE,create_keyword,,0.53,none,spend_wk,campaign,,0,,,,,,,
new SP campaigns — gated on the colour fix,SL-LC-SP-PHRASE-GREY,keyword,grey blackout curtains,PHRASE,create_keyword,,0.53,none,spend_wk,campaign,,0,,,,,,,
new SP campaigns — gated on the colour fix,SL-LC-SP-PHRASE-GREY,keyword,natural linen curtains,PHRASE,create_keyword,,0.53,none,spend_wk,campaign,,0,,,,,,,
new SP campaigns — gated on the colour fix,SL-LC-SP-PHRASE-GREY,keyword,greige curtains,PHRASE,create_keyword,,0.53,none,spend_wk,campaign,,0,,,,,,,
new SP campaigns — gated on the colour fix,SL-LC-SP-PHRASE-FLOOR,campaign,,,create_campaign,,15,none,spend_wk,campaign,105,0,,,,,,,
new SP campaigns — gated on the colour fix,SL-LC-SP-PHRASE-FLOOR,ad_group,,,create_ad_group,,0.53,none,spend_wk,campaign,,0,,,,,,,
new SP campaigns — gated on the colour fix,SL-LC-SP-PHRASE-FLOOR,campaign,,,placement_multiplier,placementTop,0,none,spend_wk,campaign,,0,,,,,,,
new SP campaigns — gated on the colour fix,SL-LC-SP-PHRASE-FLOOR,campaign,,,placement_multiplier,placementRestOfSearch,0,none,spend_wk,campaign,,0,,,,,,,
new SP campaigns — gated on the colour fix,SL-LC-SP-PHRASE-FLOOR,campaign,,,placement_multiplier,placementProductPage,0,none,spend_wk,campaign,,0,,,,,,,
new SP campaigns — gated on the colour fix,SL-LC-SP-PHRASE-FLOOR,product_ad,LINEN-CURTAIN-52x120-BEIGE-2-PCS,,create_product_ad,,LINEN-CURTAIN-52x120-BEIGE-2-PCS,none,spend_wk,campaign,,0,,,,,,,
new SP campaigns — gated on the colour fix,SL-LC-SP-PHRASE-FLOOR,product_ad,LINEN-CURTAIN-52x84-LINEN-2-PCS,,create_product_ad,,LINEN-CURTAIN-52x84-LINEN-2-PCS,none,spend_wk,campaign,,0,,,,,,,
new SP campaigns — gated on the colour fix,SL-LC-SP-PHRASE-FLOOR,product_ad,LINEN-CURTAIN-52x84-BEIGE-2-PCS,,create_product_ad,,LINEN-CURTAIN-52x84-BEIGE-2-PCS,none,spend_wk,campaign,,0,,,,,,,
new SP campaigns — gated on the colour fix,SL-LC-SP-PHRASE-FLOOR,product_ad,LINEN-CURTAIN-52x72-LIGHT-GREY-2-PCS,,create_product_ad,,LINEN-CURTAIN-52x72-LIGHT-GREY-2-PCS,none,spend_wk,campaign,,0,,,,,,,
new SP campaigns — gated on the colour fix,SL-LC-SP-PHRASE-FLOOR,product_ad,LINEN-CURTAIN-52x108-BEIGE-2-PCS,,create_product_ad,,LINEN-CURTAIN-52x108-BEIGE-2-PCS,none,spend_wk,campaign,,0,,,,,,,
new SP campaigns — gated on the colour fix,SL-LC-SP-PHRASE-FLOOR,product_ad,LINEN-CURTAIN-52x90-LINEN-2-PCS,,create_product_ad,,LINEN-CURTAIN-52x90-LINEN-2-PCS,none,spend_wk,campaign,,0,,,,,,,
new SP campaigns — gated on the colour fix,SL-LC-SP-PHRASE-FLOOR,product_ad,LINEN-CURTAIN-52x72-LINEN-2-PCS,,create_product_ad,,LINEN-CURTAIN-52x72-LINEN-2-PCS,none,spend_wk,campaign,,0,,,,,,,
new SP campaigns — gated on the colour fix,SL-LC-SP-PHRASE-FLOOR,product_ad,LINEN-CURTAIN-52x72-BEIGE-2-PCS,,create_product_ad,,LINEN-CURTAIN-52x72-BEIGE-2-PCS,none,spend_wk,campaign,,0,,,,,,,
new SP campaigns — gated on the colour fix,SL-LC-SP-PHRASE-FLOOR,product_ad,LINEN-CURTAIN-52x63-LINEN-2-PCS,,create_product_ad,,LINEN-CURTAIN-52x63-LINEN-2-PCS,none,spend_wk,campaign,,0,,,,,,,
new SP campaigns — gated on the colour fix,SL-LC-SP-PHRASE-FLOOR,product_ad,LINEN-CURTAIN-52x63-BEIGE-2-PCS,,create_product_ad,,LINEN-CURTAIN-52x63-BEIGE-2-PCS,none,spend_wk,campaign,,0,,,,,,,
new SP campaigns — gated on the colour fix,SL-LC-SP-PHRASE-FLOOR,product_ad,LINEN-CURTAIN-52x63-LIGHT-GREY-2-PCS,,create_product_ad,,LINEN-CURTAIN-52x63-LIGHT-GREY-2-PCS,none,spend_wk,campaign,,0,,,,,,,
new SP campaigns — gated on the colour fix,SL-LC-SP-PHRASE-FLOOR,product_ad,LINEN-CURTAIN-52x120-LINEN-2-PCS,,create_product_ad,,LINEN-CURTAIN-52x120-LINEN-2-PCS,none,spend_wk,campaign,,0,,,,,,,
new SP campaigns — gated on the colour fix,SL-LC-SP-PHRASE-FLOOR,product_ad,LINEN-CURTAIN-52x120-LIGHT-GREY-2-PCS,,create_product_ad,,LINEN-CURTAIN-52x120-LIGHT-GREY-2-PCS,none,spend_wk,campaign,,0,,,,,,,
new SP campaigns — gated on the colour fix,SL-LC-SP-PHRASE-FLOOR,product_ad,LINEN-CURTAIN-52x90-BEIGE-2-PCS,,create_product_ad,,LINEN-CURTAIN-52x90-BEIGE-2-PCS,none,spend_wk,campaign,,0,,,,,,,
new SP campaigns — gated on the colour fix,SL-LC-SP-PHRASE-FLOOR,product_ad,LINEN-CURTAIN-52x108-LINEN-2-PCS,,create_product_ad,,LINEN-CURTAIN-52x108-LINEN-2-PCS,none,spend_wk,campaign,,0,,,,,,,
new SP campaigns — gated on the colour fix,SL-LC-SP-PHRASE-FLOOR,product_ad,LINEN-CURTAIN-52x90-LIGHT-GREY-2-PCS,,create_product_ad,,LINEN-CURTAIN-52x90-LIGHT-GREY-2-PCS,none,spend_wk,campaign,,0,,,,,,,
new SP campaigns — gated on the colour fix,SL-LC-SP-PHRASE-FLOOR,product_ad,LINEN-CURTAIN-52x84-LIGHT-GREY-2-PCS,,create_product_ad,,LINEN-CURTAIN-52x84-LIGHT-GREY-2-PCS,none,spend_wk,campaign,,0,,,,,,,
new SP campaigns — gated on the colour fix,SL-LC-SP-PHRASE-FLOOR,product_ad,LINEN-CURTAIN-52x108-LIGHT-GREY-2-PCS,,create_product_ad,,LINEN-CURTAIN-52x108-LIGHT-GREY-2-PCS,none,spend_wk,campaign,,0,,,,,,,
new SP campaigns — gated on the colour fix,SL-LC-SP-PHRASE-FLOOR,keyword,linen curtains 96 inches long,PHRASE,create_keyword,,0.53,none,spend_wk,campaign,,0,,,,,,,
new SP campaigns — gated on the colour fix,SL-LC-SP-PHRASE-FLOOR,keyword,lined linen curtains,PHRASE,create_keyword,,0.53,none,spend_wk,campaign,,0,,,,,,,
new SP campaigns — gated on the colour fix,SL-LC-SP-PHRASE-FLOOR,keyword,linen curtain,PHRASE,create_keyword,,0.53,none,spend_wk,campaign,,0,,,,,,,
new SP campaigns — gated on the colour fix,SL-LC-SP-PHRASE-FLOOR,keyword,linen curtains 108 inches long,PHRASE,create_keyword,,0.53,none,spend_wk,campaign,,0,,,,,,,
new SP campaigns — gated on the colour fix,SL-LC-SP-PHRASE-FLOOR,keyword,thick linen curtains,PHRASE,create_keyword,,0.53,none,spend_wk,campaign,,0,,,,,,,
new SP campaigns — gated on the colour fix,SL-LC-SP-PHRASE-FLOOR,keyword,black linen curtains,PHRASE,create_keyword,,0.53,none,spend_wk,campaign,,0,,,,,,,
new SP campaigns — gated on the colour fix,SL-LC-SP-PHRASE-FLOOR,keyword,blue linen curtains,PHRASE,create_keyword,,0.53,none,spend_wk,campaign,,0,,,,,,,
new SP campaigns — gated on the colour fix,SL-LC-SP-PHRASE-FLOOR,keyword,faux linen curtains,PHRASE,create_keyword,,0.53,none,spend_wk,campaign,,0,,,,,,,
new SP campaigns — gated on the colour fix,SL-LC-SP-PHRASE-FLOOR,keyword,white linen blackout curtains,PHRASE,create_keyword,,0.53,none,spend_wk,campaign,,0,,,,,,,
new SP campaigns — gated on the colour fix,SL-LC-SP-PHRASE-FLOOR,keyword,linen black out curtains,PHRASE,create_keyword,,0.53,none,spend_wk,campaign,,0,,,,,,,
new SP campaigns — gated on the colour fix,SL-LC-SP-PHRASE-FLOOR,keyword,black out curtains linen,PHRASE,create_keyword,,0.53,none,spend_wk,campaign,,0,,,,,,,
new SP campaigns — gated on the colour fix,SL-LC-SP-PHRASE-FLOOR,keyword,linen look blackout curtains,PHRASE,create_keyword,,0.53,none,spend_wk,campaign,,0,,,,,,,
new SP campaigns — gated on the colour fix,SL-LC-SP-PHRASE-FLOOR,keyword,blackout curtains linen texture,PHRASE,create_keyword,,0.53,none,spend_wk,campaign,,0,,,,,,,
new SP campaigns — gated on the colour fix,SL-LC-SP-PHRASE-FLOOR,keyword,black out curtain 90 inches long,PHRASE,create_keyword,,0.53,none,spend_wk,campaign,,0,,,,,,,
new SP campaigns — gated on the colour fix,SL-LC-SP-PHRASE-FLOOR,keyword,beige curtain,PHRASE,create_keyword,,0.53,none,spend_wk,campaign,,0,,,,,,,
new SP campaigns — gated on the colour fix,SL-LC-SP-PHRASE-FLOOR,keyword,black out curtain,PHRASE,create_keyword,,0.53,none,spend_wk,campaign,,0,,,,,,,
new SP campaigns — gated on the colour fix,SL-LC-SP-PHRASE-FLOOR,keyword,cream curtains,PHRASE,create_keyword,,0.53,none,spend_wk,campaign,,0,,,,,,,
new SB campaigns — gated on brand registry,SL-LC-SB-BROAD-ROOM,campaign,,,create_campaign,,16,none,spend_wk,campaign,112,0,,,,held until brand registry clears; SB cannot run without it,,"do not upload — the gate is brand registry. SB also needs a logo in the Creative Asset Library and, with no Store, lands on Amazon's generated collection page",Five Sponsored Brands campaigns at $64/day. SB was Phrase-only before; Broad opens the same width on the surface where the lead competitor runs 97% of its impressions.
new SB campaigns — gated on brand registry,SL-LC-SB-BROAD-ROOM,ad_group,,,create_ad_group,,0.53,none,spend_wk,campaign,,0,,,,,,,
new SB campaigns — gated on brand registry,SL-LC-SB-BROAD-ROOM,product_ad,LINEN-CURTAIN-52x84-IVORY-2-PCS,,create_product_ad,,LINEN-CURTAIN-52x84-IVORY-2-PCS,none,spend_wk,campaign,,0,,,,,,,
new SB campaigns — gated on brand registry,SL-LC-SB-BROAD-ROOM,product_ad,LINEN-CURTAIN-52x84-LIGHT-BEIGE-2-PCS,,create_product_ad,,LINEN-CURTAIN-52x84-LIGHT-BEIGE-2-PCS,none,spend_wk,campaign,,0,,,,,,,
new SB campaigns — gated on brand registry,SL-LC-SB-BROAD-ROOM,product_ad,LINEN-CURTAIN-52x72-LIGHT-BEIGE-2-PCS,,create_product_ad,,LINEN-CURTAIN-52x72-LIGHT-BEIGE-2-PCS,none,spend_wk,campaign,,0,,,,,,,
new SB campaigns — gated on brand registry,SL-LC-SB-BROAD-ROOM,keyword,curtains for living room,BROAD,create_keyword,,0.53,none,spend_wk,campaign,,0,,,,,,,
new SB campaigns — gated on brand registry,SL-LC-SB-BROAD-ROOM,keyword,curtains for bedroom,BROAD,create_keyword,,0.53,none,spend_wk,campaign,,0,,,,,,,
new SB campaigns — gated on brand registry,SL-LC-SB-BROAD-ROOM,keyword,bedroom curtains,BROAD,create_keyword,,0.53,none,spend_wk,campaign,,0,,,,,,,
new SB campaigns — gated on brand registry,SL-LC-SB-BROAD-ROOM,keyword,sliding door curtains,BROAD,create_keyword,,0.53,none,spend_wk,campaign,,0,,,,,,,
new SB campaigns — gated on brand registry,SL-LC-SB-PHRASE-SIZE,campaign,,,create_campaign,,14,none,spend_wk,campaign,98,0,,,,,,,
new SB campaigns — gated on brand registry,SL-LC-SB-PHRASE-SIZE,ad_group,,,create_ad_group,,0.53,none,spend_wk,campaign,,0,,,,,,,
new SB campaigns — gated on brand registry,SL-LC-SB-PHRASE-SIZE,product_ad,LINEN-CURTAIN-52x120-IVORY-2-PCS,,create_product_ad,,LINEN-CURTAIN-52x120-IVORY-2-PCS,none,spend_wk,campaign,,0,,,,,,,
new SB campaigns — gated on brand registry,SL-LC-SB-PHRASE-SIZE,product_ad,LINEN-CURTAIN-52x108-IVORY-2-PCS,,create_product_ad,,LINEN-CURTAIN-52x108-IVORY-2-PCS,none,spend_wk,campaign,,0,,,,,,,
new SB campaigns — gated on brand registry,SL-LC-SB-PHRASE-SIZE,product_ad,LINEN-CURTAIN-52x120-LIGHT-BEIGE-2-PCS,,create_product_ad,,LINEN-CURTAIN-52x120-LIGHT-BEIGE-2-PCS,none,spend_wk,campaign,,0,,,,,,,
new SB campaigns — gated on brand registry,SL-LC-SB-PHRASE-SIZE,keyword,blackout curtains 92 inches long,PHRASE,create_keyword,,0.53,none,spend_wk,campaign,,0,,,,,,,
new SB campaigns — gated on brand registry,SL-LC-SB-PHRASE-SIZE,keyword,blackout curtains 60 inches long,PHRASE,create_keyword,,0.53,none,spend_wk,campaign,,0,,,,,,,
new SB campaigns — gated on brand registry,SL-LC-SB-PHRASE-SIZE,keyword,long curtain,PHRASE,create_keyword,,0.53,none,spend_wk,campaign,,0,,,,,,,
new SB campaigns — gated on brand registry,SL-LC-SB-PHRASE-SIZE,keyword,curtains 63 inch length,PHRASE,create_keyword,,0.53,none,spend_wk,campaign,,0,,,,,,,
new SB campaigns — gated on brand registry,SL-LC-SB-PHRASE-SIZE,keyword,84 inch curtains,PHRASE,create_keyword,,0.53,none,spend_wk,campaign,,0,,,,,,,
new SB campaigns — gated on brand registry,SL-LC-SB-PHRASE-SIZE,keyword,blackout curtains 95 inches long,PHRASE,create_keyword,,0.53,none,spend_wk,campaign,,0,,,,,,,
new SB campaigns — gated on brand registry,SL-LC-SB-PHRASE-SIZE,keyword,54 inch blackout curtains,PHRASE,create_keyword,,0.53,none,spend_wk,campaign,,0,,,,,,,
new SB campaigns — gated on brand registry,SL-LC-SB-PHRASE-SIZE,keyword,blackout curtains 86 inches long,PHRASE,create_keyword,,0.53,none,spend_wk,campaign,,0,,,,,,,
new SB campaigns — gated on brand registry,SL-LC-SB-PHRASE-SIZE,keyword,102 inch long curtains blackout,PHRASE,create_keyword,,0.53,none,spend_wk,campaign,,0,,,,,,,
new SB campaigns — gated on brand registry,SL-LC-SB-PHRASE-SIZE,keyword,86 inch blackout curtains,PHRASE,create_keyword,,0.53,none,spend_wk,campaign,,0,,,,,,,
new SB campaigns — gated on brand registry,SL-LC-SB-PHRASE-SIZE,keyword,blackout curtains 54 inches long,PHRASE,create_keyword,,0.53,none,spend_wk,campaign,,0,,,,,,,
new SB campaigns — gated on brand registry,SL-LC-SB-PHRASE-SIZE,keyword,curtains blackout 96 inches long,PHRASE,create_keyword,,0.53,none,spend_wk,campaign,,0,,,,,,,
new SB campaigns — gated on brand registry,SL-LC-SB-PHRASE-SIZE,keyword,82 inch blackout curtains,PHRASE,create_keyword,,0.53,none,spend_wk,campaign,,0,,,,,,,
new SB campaigns — gated on brand registry,SL-LC-SB-PHRASE-SIZE,keyword,92 inch blackout curtains,PHRASE,create_keyword,,0.53,none,spend_wk,campaign,,0,,,,,,,
new SB campaigns — gated on brand registry,SL-LC-SB-PHRASE-SIZE,keyword,96 blackout curtains,PHRASE,create_keyword,,0.53,none,spend_wk,campaign,,0,,,,,,,
new SB campaigns — gated on brand registry,SL-LC-SB-PHRASE-SIZE,keyword,blackout curtains 48 inch length,PHRASE,create_keyword,,0.53,none,spend_wk,campaign,,0,,,,,,,
new SB campaigns — gated on brand registry,SL-LC-SB-PHRASE-SIZE,keyword,96in blackout curtains,PHRASE,create_keyword,,0.53,none,spend_wk,campaign,,0,,,,,,,
new SB campaigns — gated on brand registry,SL-LC-SB-PHRASE-SIZE,keyword,100 inch blackout curtains,PHRASE,create_keyword,,0.53,none,spend_wk,campaign,,0,,,,,,,
new SB campaigns — gated on brand registry,SL-LC-SB-PHRASE-SIZE,keyword,blackout curtains 100 inches wide,PHRASE,create_keyword,,0.53,none,spend_wk,campaign,,0,,,,,,,
new SB campaigns — gated on brand registry,SL-LC-SB-PHRASE-SIZE,keyword,105 inch curtains blackout,PHRASE,create_keyword,,0.53,none,spend_wk,campaign,,0,,,,,,,
new SB campaigns — gated on brand registry,SL-LC-SB-PHRASE-SIZE,keyword,blackout curtains 36 inch length,PHRASE,create_keyword,,0.53,none,spend_wk,campaign,,0,,,,,,,
new SB campaigns — gated on brand registry,SL-LC-SB-PHRASE-SIZE,keyword,blackout curtains 68 inches long,PHRASE,create_keyword,,0.53,none,spend_wk,campaign,,0,,,,,,,
new SB campaigns — gated on brand registry,SL-LC-SB-PHRASE-SIZE,keyword,blackout curtains 80 inches long,PHRASE,create_keyword,,0.53,none,spend_wk,campaign,,0,,,,,,,
new SB campaigns — gated on brand registry,SL-LC-SB-PHRASE-SIZE,keyword,blackout curtains 94 inches long,PHRASE,create_keyword,,0.53,none,spend_wk,campaign,,0,,,,,,,
new SB campaigns — gated on brand registry,SL-LC-SB-PHRASE-SIZE,keyword,40 inch blackout curtains,PHRASE,create_keyword,,0.53,none,spend_wk,campaign,,0,,,,,,,
new SB campaigns — gated on brand registry,SL-LC-SB-PHRASE-SIZE,keyword,98 inch blackout curtains,PHRASE,create_keyword,,0.53,none,spend_wk,campaign,,0,,,,,,,
new SB campaigns — gated on brand registry,SL-LC-SB-PHRASE-SIZE,keyword,blackout curtains 82 inches long,PHRASE,create_keyword,,0.53,none,spend_wk,campaign,,0,,,,,,,
new SB campaigns — gated on brand registry,SL-LC-SB-PHRASE-SIZE,keyword,blackout curtains 55 inches long,PHRASE,create_keyword,,0.53,none,spend_wk,campaign,,0,,,,,,,
new SB campaigns — gated on brand registry,SL-LC-SB-PHRASE-SIZE,keyword,blackout curtains 42 inches long,PHRASE,create_keyword,,0.53,none,spend_wk,campaign,,0,,,,,,,
new SB campaigns — gated on brand registry,SL-LC-SB-PHRASE-SIZE,keyword,88 inch blackout curtains,PHRASE,create_keyword,,0.53,none,spend_wk,campaign,,0,,,,,,,
new SB campaigns — gated on brand registry,SL-LC-SB-PHRASE-SIZE,keyword,blackout curtains 74 inches long,PHRASE,create_keyword,,0.53,none,spend_wk,campaign,,0,,,,,,,
new SB campaigns — gated on brand registry,SL-LC-SB-PHRASE-SIZE,keyword,blackout curtains 108,PHRASE,create_keyword,,0.53,none,spend_wk,campaign,,0,,,,,,,
new SB campaigns — gated on brand registry,SL-LC-SB-PHRASE-SIZE,keyword,blackout curtains 96 inch,PHRASE,create_keyword,,0.53,none,spend_wk,campaign,,0,,,,,,,
new SB campaigns — gated on brand registry,SL-LC-SB-PHRASE-SIZE,keyword,blackout curtains 65 inch length,PHRASE,create_keyword,,0.53,none,spend_wk,campaign,,0,,,,,,,
new SB campaigns — gated on brand registry,SL-LC-SB-PHRASE-SIZE,keyword,blackout curtains 96 inches,PHRASE,create_keyword,,0.53,none,spend_wk,campaign,,0,,,,,,,
new SB campaigns — gated on brand registry,SL-LC-SB-PHRASE-SIZE,keyword,blackout curtains long,PHRASE,create_keyword,,0.53,none,spend_wk,campaign,,0,,,,,,,
new SB campaigns — gated on brand registry,SL-LC-SB-PHRASE-FEATURE,campaign,,,create_campaign,,12,none,spend_wk,campaign,84,0,,,,,,,
new SB campaigns — gated on brand registry,SL-LC-SB-PHRASE-FEATURE,ad_group,,,create_ad_group,,0.53,none,spend_wk,campaign,,0,,,,,,,
new SB campaigns — gated on brand registry,SL-LC-SB-PHRASE-FEATURE,product_ad,LINEN-CURTAIN-52x84-IVORY-2-PCS,,create_product_ad,,LINEN-CURTAIN-52x84-IVORY-2-PCS,none,spend_wk,campaign,,0,,,,,,,
new SB campaigns — gated on brand registry,SL-LC-SB-PHRASE-FEATURE,product_ad,LINEN-CURTAIN-52x84-LIGHT-BEIGE-2-PCS,,create_product_ad,,LINEN-CURTAIN-52x84-LIGHT-BEIGE-2-PCS,none,spend_wk,campaign,,0,,,,,,,
new SB campaigns — gated on brand registry,SL-LC-SB-PHRASE-FEATURE,product_ad,LINEN-CURTAIN-52x72-LIGHT-BEIGE-2-PCS,,create_product_ad,,LINEN-CURTAIN-52x72-LIGHT-BEIGE-2-PCS,none,spend_wk,campaign,,0,,,,,,,
new SB campaigns — gated on brand registry,SL-LC-SB-PHRASE-FEATURE,keyword,thermal curtains,PHRASE,create_keyword,,0.53,none,spend_wk,campaign,,0,,,,,,,
new SB campaigns — gated on brand registry,SL-LC-SB-PHRASE-FEATURE,keyword,thermal insulated curtains,PHRASE,create_keyword,,0.53,none,spend_wk,campaign,,0,,,,,,,
new SB campaigns — gated on brand registry,SL-LC-SB-PHRASE-FEATURE,keyword,blackout blinds,PHRASE,create_keyword,,0.53,none,spend_wk,campaign,,0,,,,,,,
new SB campaigns — gated on brand registry,SL-LC-SB-PHRASE-FEATURE,keyword,travel blackout curtains,PHRASE,create_keyword,,0.53,none,spend_wk,campaign,,0,,,,,,,
new SB campaigns — gated on brand registry,SL-LC-SB-PHRASE-FEATURE,keyword,vision home blackout curtains,PHRASE,create_keyword,,0.53,none,spend_wk,campaign,,0,,,,,,,
new SB campaigns — gated on brand registry,SL-LC-SB-PHRASE-FEATURE,keyword,light weight blackout curtains,PHRASE,create_keyword,,0.53,none,spend_wk,campaign,,0,,,,,,,
new SB campaigns — gated on brand registry,SL-LC-SB-PHRASE-FEATURE,keyword,true blackout curtains,PHRASE,create_keyword,,0.53,none,spend_wk,campaign,,0,,,,,,,
new SB campaigns — gated on brand registry,SL-LC-SB-PHRASE-FEATURE,keyword,blackout curtains for windows,PHRASE,create_keyword,,0.53,none,spend_wk,campaign,,0,,,,,,,
new SB campaigns — gated on brand registry,SL-LC-SB-PHRASE-FEATURE,keyword,blackout curtains 4 pack,PHRASE,create_keyword,,0.53,none,spend_wk,campaign,,0,,,,,,,
new SB campaigns — gated on brand registry,SL-LC-SB-PHRASE-FEATURE,keyword,aqua blackout curtains,PHRASE,create_keyword,,0.53,none,spend_wk,campaign,,0,,,,,,,
new SB campaigns — gated on brand registry,SL-LC-SB-PHRASE-FEATURE,keyword,khaki blackout curtains,PHRASE,create_keyword,,0.53,none,spend_wk,campaign,,0,,,,,,,
new SB campaigns — gated on brand registry,SL-LC-SB-EXACT-PROVEN,campaign,,,create_campaign,,10,none,spend_wk,campaign,70,0,,,,,,,
new SB campaigns — gated on brand registry,SL-LC-SB-EXACT-PROVEN,ad_group,,,create_ad_group,,0.53,none,spend_wk,campaign,,0,,,,,,,
new SB campaigns — gated on brand registry,SL-LC-SB-EXACT-PROVEN,product_ad,LINEN-CURTAIN-52x84-IVORY-2-PCS,,create_product_ad,,LINEN-CURTAIN-52x84-IVORY-2-PCS,none,spend_wk,campaign,,0,,,,,,,
new SB campaigns — gated on brand registry,SL-LC-SB-EXACT-PROVEN,product_ad,LINEN-CURTAIN-52x84-LIGHT-BEIGE-2-PCS,,create_product_ad,,LINEN-CURTAIN-52x84-LIGHT-BEIGE-2-PCS,none,spend_wk,campaign,,0,,,,,,,
new SB campaigns — gated on brand registry,SL-LC-SB-EXACT-PROVEN,product_ad,LINEN-CURTAIN-52x72-LIGHT-BEIGE-2-PCS,,create_product_ad,,LINEN-CURTAIN-52x72-LIGHT-BEIGE-2-PCS,none,spend_wk,campaign,,0,,,,,,,
new SB campaigns — gated on brand registry,SL-LC-SB-EXACT-PROVEN,keyword,curtain black,EXACT,create_keyword,,0.53,none,spend_wk,campaign,,0,,,,,,,
new SB campaigns — gated on brand registry,SL-LC-SB-EXACT-PROVEN,keyword,42 x 63 blackout curtains,EXACT,create_keyword,,0.53,none,spend_wk,campaign,,0,,,,,,,
new SB campaigns — gated on brand registry,SL-LC-SB-EXACT-PROVEN,keyword,blackout curtains 40 inches long,EXACT,create_keyword,,0.53,none,spend_wk,campaign,,0,,,,,,,
new SB campaigns — gated on brand registry,SL-LC-SB-EXACT-PROVEN,keyword,60 inch blackout curtains,EXACT,create_keyword,,0.53,none,spend_wk,campaign,,0,,,,,,,
new SB campaigns — gated on brand registry,SL-LC-SB-EXACT-PROVEN,keyword,63 blackout curtains,EXACT,create_keyword,,0.53,none,spend_wk,campaign,,0,,,,,,,
new SB campaigns — gated on brand registry,SL-LC-SB-EXACT-PROVEN,keyword,blackout curtains portable,EXACT,create_keyword,,0.53,none,spend_wk,campaign,,0,,,,,,,
new SB campaigns — gated on brand registry,SL-LC-SB-EXACT-PROVEN,keyword,blackout curtains 64 inches long,EXACT,create_keyword,,0.53,none,spend_wk,campaign,,0,,,,,,,
new SB campaigns — gated on brand registry,SL-LC-SB-EXACT-PROVEN,keyword,blackout curtains 63 inches long,EXACT,create_keyword,,0.53,none,spend_wk,campaign,,0,,,,,,,
new SB campaigns — gated on brand registry,SL-LC-SB-EXACT-PROVEN,keyword,blackout curtains 45 inches long,EXACT,create_keyword,,0.53,none,spend_wk,campaign,,0,,,,,,,
new SB campaigns — gated on brand registry,SL-LC-SB-EXACT-PROVEN,keyword,lemomo blackout curtains,EXACT,create_keyword,,0.53,none,spend_wk,campaign,,0,,,,,,,
new SB campaigns — gated on brand registry,SL-LC-SB-EXACT-PROVEN,keyword,108 blackout curtains,EXACT,create_keyword,,0.53,none,spend_wk,campaign,,0,,,,,,,
new SB campaigns — gated on brand registry,SL-LC-SB-EXACT-PROVEN,keyword,blackout curtains 70 inches long,EXACT,create_keyword,,0.53,none,spend_wk,campaign,,0,,,,,,,
new SB campaigns — gated on brand registry,SL-LC-SB-EXACT-PROVEN,keyword,blackout curtains 75 inches long,EXACT,create_keyword,,0.53,none,spend_wk,campaign,,0,,,,,,,
new SB campaigns — gated on brand registry,SL-LC-SB-EXACT-PROVEN,keyword,blackout curtains 50 inches long,EXACT,create_keyword,,0.53,none,spend_wk,campaign,,0,,,,,,,
new SB campaigns — gated on brand registry,SL-LC-SB-EXACT-PROVEN,keyword,blackout curtain 96 inches long,EXACT,create_keyword,,0.53,none,spend_wk,campaign,,0,,,,,,,
new SB campaigns — gated on brand registry,SL-LC-SB-EXACT-PROVEN,keyword,90inch blackout curtains,EXACT,create_keyword,,0.53,none,spend_wk,campaign,,0,,,,,,,
new SB campaigns — gated on brand registry,SL-LC-SB-EXACT-PROVEN,keyword,74 inch blackout curtains,EXACT,create_keyword,,0.53,none,spend_wk,campaign,,0,,,,,,,
new SB campaigns — gated on brand registry,SL-LC-SB-PC-CONQUEST,campaign,,,create_campaign,,12,none,spend_wk,campaign,84,0,,,,,,,
new SB campaigns — gated on brand registry,SL-LC-SB-PC-CONQUEST,ad_group,,,create_ad_group,,0.53,none,spend_wk,campaign,,0,,,,,,,
new SB campaigns — gated on brand registry,SL-LC-SB-PC-CONQUEST,product_ad,LINEN-CURTAIN-52x84-IVORY-2-PCS,,create_product_ad,,LINEN-CURTAIN-52x84-IVORY-2-PCS,none,spend_wk,campaign,,0,,,,,,,
new SB campaigns — gated on brand registry,SL-LC-SB-PC-CONQUEST,product_ad,LINEN-CURTAIN-52x84-LIGHT-BEIGE-2-PCS,,create_product_ad,,LINEN-CURTAIN-52x84-LIGHT-BEIGE-2-PCS,none,spend_wk,campaign,,0,,,,,,,
new SB campaigns — gated on brand registry,SL-LC-SB-PC-CONQUEST,product_ad,LINEN-CURTAIN-52x72-LIGHT-BEIGE-2-PCS,,create_product_ad,,LINEN-CURTAIN-52x72-LIGHT-BEIGE-2-PCS,none,spend_wk,campaign,,0,,,,,,,
new SB campaigns — gated on brand registry,SL-LC-SB-PC-CONQUEST,product_target,"asin=""B08SBYPF14""",,create_target,,0.55,none,spend_wk,campaign,,0,,,,,,,
new SB campaigns — gated on brand registry,SL-LC-SB-PC-CONQUEST,product_target,"asin=""B0DG84XRDW""",,create_target,,0.55,none,spend_wk,campaign,,0,,,,,,,
new SB campaigns — gated on brand registry,SL-LC-SB-PC-CONQUEST,product_target,"asin=""B07C9HL1G1""",,create_target,,0.55,none,spend_wk,campaign,,0,,,,,,,
new SB campaigns — gated on brand registry,SL-LC-SB-PC-CONQUEST,product_target,"asin=""B0B7DX7C51""",,create_target,,0.55,none,spend_wk,campaign,,0,,,,,,,
new SB campaigns — gated on brand registry,SL-LC-SB-PC-CONQUEST,product_target,"asin=""B0BWJ8B48S""",,create_target,,0.55,none,spend_wk,campaign,,0,,,,,,,
new SB campaigns — gated on brand registry,SL-LC-SB-PC-CONQUEST,product_target,"asin=""B0DFWNNRZT""",,create_target,,0.55,none,spend_wk,campaign,,0,,,,,,,
new SB campaigns — gated on brand registry,SL-LC-SB-PC-CONQUEST,product_target,"asin=""B0CQYSVL2S""",,create_target,,0.55,none,spend_wk,campaign,,0,,,,,,,
new SB campaigns — gated on brand registry,SL-LC-SB-PC-CONQUEST,product_target,"asin=""B0CYLS2C62""",,create_target,,0.55,none,spend_wk,campaign,,0,,,,,,,
new SB campaigns — gated on brand registry,SL-LC-SB-PC-CONQUEST,product_target,"asin=""B0CRTM5ZDN""",,create_target,,0.55,none,spend_wk,campaign,,0,,,,,,,
new SB campaigns — gated on reprice + brand registry,SL-LC-SB-BROAD-HEAD,campaign,,,create_campaign,,20,none,spend_wk,campaign,140,0,,,,held until both the 52x84 reprice and brand registry clear,,"do not upload — two gates, both open before this ships","One head-root SB campaign at $20/day, carrying both the SB and the reprice gate."
new SB campaigns — gated on reprice + brand registry,SL-LC-SB-BROAD-HEAD,ad_group,,,create_ad_group,,0.53,none,spend_wk,campaign,,0,,,,,,,
new SB campaigns — gated on reprice + brand registry,SL-LC-SB-BROAD-HEAD,product_ad,LINEN-CURTAIN-52x84-IVORY-2-PCS,,create_product_ad,,LINEN-CURTAIN-52x84-IVORY-2-PCS,none,spend_wk,campaign,,0,,,,,,,
new SB campaigns — gated on reprice + brand registry,SL-LC-SB-BROAD-HEAD,product_ad,LINEN-CURTAIN-52x84-LIGHT-BEIGE-2-PCS,,create_product_ad,,LINEN-CURTAIN-52x84-LIGHT-BEIGE-2-PCS,none,spend_wk,campaign,,0,,,,,,,
new SB campaigns — gated on reprice + brand registry,SL-LC-SB-BROAD-HEAD,product_ad,LINEN-CURTAIN-52x72-LIGHT-BEIGE-2-PCS,,create_product_ad,,LINEN-CURTAIN-52x72-LIGHT-BEIGE-2-PCS,none,spend_wk,campaign,,0,,,,,,,
new SB campaigns — gated on reprice + brand registry,SL-LC-SB-BROAD-HEAD,keyword,curtains,BROAD,create_keyword,,0.53,none,spend_wk,campaign,,0,,,,,,,
new SB campaigns — gated on reprice + brand registry,SL-LC-SB-BROAD-HEAD,keyword,curtain,BROAD,create_keyword,,0.53,none,spend_wk,campaign,,0,,,,,,,
new SD campaigns — tranche A,SL-LC-SD-PT-COMPETITOR,campaign,,,create_campaign,,12,none,spend_wk,campaign,84,0,2026-09-16,,,the two product-targeting SD campaigns spend to their $20/day cap; the three audience campaigns cannot be measured until they are built in console,2026-09-23,"build SL-LC-SD-VIEWS, SL-LC-SD-PURCHASE and SL-LC-SD-AUDIENCE in console — they carry no targeting expression, so no bulk can create them","Five Sponsored Display campaigns at $39/day: two product-targeting lanes onto nine competitor ASINs and price-banded categories, plus views, purchase and in-market audience remarketing. The three audience campaigns have no expression in the decided file and the account holds no example to model from, so they are console-built."
new SD campaigns — tranche A,SL-LC-SD-PT-COMPETITOR,ad_group,,,create_ad_group,,0.53,none,spend_wk,campaign,,0,2026-09-16,,,,,,
new SD campaigns — tranche A,SL-LC-SD-PT-COMPETITOR,product_ad,LINEN-CURTAIN-52x84-IVORY-2-PCS,,create_product_ad,,LINEN-CURTAIN-52x84-IVORY-2-PCS,none,spend_wk,campaign,,0,2026-09-16,,,,,,
new SD campaigns — tranche A,SL-LC-SD-PT-COMPETITOR,product_ad,LINEN-CURTAIN-52x84-LIGHT-BEIGE-2-PCS,,create_product_ad,,LINEN-CURTAIN-52x84-LIGHT-BEIGE-2-PCS,none,spend_wk,campaign,,0,2026-09-16,,,,,,
new SD campaigns — tranche A,SL-LC-SD-PT-COMPETITOR,product_ad,LINEN-CURTAIN-52x72-LIGHT-BEIGE-2-PCS,,create_product_ad,,LINEN-CURTAIN-52x72-LIGHT-BEIGE-2-PCS,none,spend_wk,campaign,,0,2026-09-16,,,,,,
new SD campaigns — tranche A,SL-LC-SD-PT-COMPETITOR,product_ad,LINEN-CURTAIN-52x120-IVORY-2-PCS,,create_product_ad,,LINEN-CURTAIN-52x120-IVORY-2-PCS,none,spend_wk,campaign,,0,2026-09-16,,,,,,
new SD campaigns — tranche A,SL-LC-SD-PT-COMPETITOR,product_ad,LINEN-CURTAIN-52x72-IVORY-2-PCS,,create_product_ad,,LINEN-CURTAIN-52x72-IVORY-2-PCS,none,spend_wk,campaign,,0,2026-09-16,,,,,,
new SD campaigns — tranche A,SL-LC-SD-PT-COMPETITOR,product_ad,LINEN-CURTAIN-52x90-LIGHT-BEIGE-2-PCS,,create_product_ad,,LINEN-CURTAIN-52x90-LIGHT-BEIGE-2-PCS,none,spend_wk,campaign,,0,2026-09-16,,,,,,
new SD campaigns — tranche A,SL-LC-SD-PT-COMPETITOR,product_ad,LINEN-CURTAIN-52x63-LIGHT-BEIGE-2-PCS,,create_product_ad,,LINEN-CURTAIN-52x63-LIGHT-BEIGE-2-PCS,none,spend_wk,campaign,,0,2026-09-16,,,,,,
new SD campaigns — tranche A,SL-LC-SD-PT-COMPETITOR,product_ad,LINEN-CURTAIN-52x90-IVORY-2-PCS,,create_product_ad,,LINEN-CURTAIN-52x90-IVORY-2-PCS,none,spend_wk,campaign,,0,2026-09-16,,,,,,
new SD campaigns — tranche A,SL-LC-SD-PT-COMPETITOR,product_ad,LINEN-CURTAIN-52x108-IVORY-2-PCS,,create_product_ad,,LINEN-CURTAIN-52x108-IVORY-2-PCS,none,spend_wk,campaign,,0,2026-09-16,,,,,,
new SD campaigns — tranche A,SL-LC-SD-PT-COMPETITOR,product_ad,LINEN-CURTAIN-52x120-LIGHT-BEIGE-2-PCS,,create_product_ad,,LINEN-CURTAIN-52x120-LIGHT-BEIGE-2-PCS,none,spend_wk,campaign,,0,2026-09-16,,,,,,
new SD campaigns — tranche A,SL-LC-SD-PT-COMPETITOR,product_ad,LINEN-CURTAIN-52x108-LIGHT-BEIGE-2-PCS,,create_product_ad,,LINEN-CURTAIN-52x108-LIGHT-BEIGE-2-PCS,none,spend_wk,campaign,,0,2026-09-16,,,,,,
new SD campaigns — tranche A,SL-LC-SD-PT-COMPETITOR,product_target,"asin=""B08SBYPF14""",,create_target,,0.55,none,spend_wk,campaign,,0,2026-09-16,,,,,,
new SD campaigns — tranche A,SL-LC-SD-PT-COMPETITOR,product_target,"asin=""B0DG84XRDW""",,create_target,,0.55,none,spend_wk,campaign,,0,2026-09-16,,,,,,
new SD campaigns — tranche A,SL-LC-SD-PT-COMPETITOR,product_target,"asin=""B07C9HL1G1""",,create_target,,0.55,none,spend_wk,campaign,,0,2026-09-16,,,,,,
new SD campaigns — tranche A,SL-LC-SD-PT-COMPETITOR,product_target,"asin=""B0B7DX7C51""",,create_target,,0.55,none,spend_wk,campaign,,0,2026-09-16,,,,,,
new SD campaigns — tranche A,SL-LC-SD-PT-COMPETITOR,product_target,"asin=""B0BWJ8B48S""",,create_target,,0.55,none,spend_wk,campaign,,0,2026-09-16,,,,,,
new SD campaigns — tranche A,SL-LC-SD-PT-COMPETITOR,product_target,"asin=""B0DFWNNRZT""",,create_target,,0.55,none,spend_wk,campaign,,0,2026-09-16,,,,,,
new SD campaigns — tranche A,SL-LC-SD-PT-COMPETITOR,product_target,"asin=""B0CQYSVL2S""",,create_target,,0.55,none,spend_wk,campaign,,0,2026-09-16,,,,,,
new SD campaigns — tranche A,SL-LC-SD-PT-COMPETITOR,product_target,"asin=""B0CYLS2C62""",,create_target,,0.55,none,spend_wk,campaign,,0,2026-09-16,,,,,,
new SD campaigns — tranche A,SL-LC-SD-PT-COMPETITOR,product_target,"asin=""B0CRTM5ZDN""",,create_target,,0.55,none,spend_wk,campaign,,0,2026-09-16,,,,,,
new SD campaigns — tranche A,SL-LC-SD-PT-CATEGORY,campaign,,,create_campaign,,8,none,spend_wk,campaign,56,0,2026-09-16,,,,,,
new SD campaigns — tranche A,SL-LC-SD-PT-CATEGORY,ad_group,,,create_ad_group,,0.53,none,spend_wk,campaign,,0,2026-09-16,,,,,,
new SD campaigns — tranche A,SL-LC-SD-PT-CATEGORY,product_ad,LINEN-CURTAIN-52x84-IVORY-2-PCS,,create_product_ad,,LINEN-CURTAIN-52x84-IVORY-2-PCS,none,spend_wk,campaign,,0,2026-09-16,,,,,,
new SD campaigns — tranche A,SL-LC-SD-PT-CATEGORY,product_ad,LINEN-CURTAIN-52x84-LIGHT-BEIGE-2-PCS,,create_product_ad,,LINEN-CURTAIN-52x84-LIGHT-BEIGE-2-PCS,none,spend_wk,campaign,,0,2026-09-16,,,,,,
new SD campaigns — tranche A,SL-LC-SD-PT-CATEGORY,product_ad,LINEN-CURTAIN-52x72-LIGHT-BEIGE-2-PCS,,create_product_ad,,LINEN-CURTAIN-52x72-LIGHT-BEIGE-2-PCS,none,spend_wk,campaign,,0,2026-09-16,,,,,,
new SD campaigns — tranche A,SL-LC-SD-PT-CATEGORY,product_ad,LINEN-CURTAIN-52x120-IVORY-2-PCS,,create_product_ad,,LINEN-CURTAIN-52x120-IVORY-2-PCS,none,spend_wk,campaign,,0,2026-09-16,,,,,,
new SD campaigns — tranche A,SL-LC-SD-PT-CATEGORY,product_ad,LINEN-CURTAIN-52x72-IVORY-2-PCS,,create_product_ad,,LINEN-CURTAIN-52x72-IVORY-2-PCS,none,spend_wk,campaign,,0,2026-09-16,,,,,,
new SD campaigns — tranche A,SL-LC-SD-PT-CATEGORY,product_ad,LINEN-CURTAIN-52x90-LIGHT-BEIGE-2-PCS,,create_product_ad,,LINEN-CURTAIN-52x90-LIGHT-BEIGE-2-PCS,none,spend_wk,campaign,,0,2026-09-16,,,,,,
new SD campaigns — tranche A,SL-LC-SD-PT-CATEGORY,product_ad,LINEN-CURTAIN-52x63-LIGHT-BEIGE-2-PCS,,create_product_ad,,LINEN-CURTAIN-52x63-LIGHT-BEIGE-2-PCS,none,spend_wk,campaign,,0,2026-09-16,,,,,,
new SD campaigns — tranche A,SL-LC-SD-PT-CATEGORY,product_ad,LINEN-CURTAIN-52x90-IVORY-2-PCS,,create_product_ad,,LINEN-CURTAIN-52x90-IVORY-2-PCS,none,spend_wk,campaign,,0,2026-09-16,,,,,,
new SD campaigns — tranche A,SL-LC-SD-PT-CATEGORY,product_ad,LINEN-CURTAIN-52x108-IVORY-2-PCS,,create_product_ad,,LINEN-CURTAIN-52x108-IVORY-2-PCS,none,spend_wk,campaign,,0,2026-09-16,,,,,,
new SD campaigns — tranche A,SL-LC-SD-PT-CATEGORY,product_ad,LINEN-CURTAIN-52x120-LIGHT-BEIGE-2-PCS,,create_product_ad,,LINEN-CURTAIN-52x120-LIGHT-BEIGE-2-PCS,none,spend_wk,campaign,,0,2026-09-16,,,,,,
new SD campaigns — tranche A,SL-LC-SD-PT-CATEGORY,product_ad,LINEN-CURTAIN-52x108-LIGHT-BEIGE-2-PCS,,create_product_ad,,LINEN-CURTAIN-52x108-LIGHT-BEIGE-2-PCS,none,spend_wk,campaign,,0,2026-09-16,,,,,,
new SD campaigns — tranche A,SL-LC-SD-PT-CATEGORY,product_target,"category=""Blackout Curtains"" price>18 price<40 rating<4.5",,create_target,,0.45,none,spend_wk,campaign,,0,2026-09-16,,,,,,
new SD campaigns — tranche A,SL-LC-SD-PT-CATEGORY,product_target,"category=""Window Curtains & Drapes"" price>18 price<40 rating<4.5",,create_target,,0.45,none,spend_wk,campaign,,0,2026-09-16,,,,,,
new SD campaigns — tranche A,SL-LC-SD-VIEWS,campaign,,,create_campaign,,8,none,spend_wk,campaign,56,0,2026-09-16,,,,,,
new SD campaigns — tranche A,SL-LC-SD-VIEWS,ad_group,,,create_ad_group,,0.53,none,spend_wk,campaign,,0,2026-09-16,,,,,,
new SD campaigns — tranche A,SL-LC-SD-VIEWS,product_ad,LINEN-CURTAIN-52x84-IVORY-2-PCS,,create_product_ad,,LINEN-CURTAIN-52x84-IVORY-2-PCS,none,spend_wk,campaign,,0,2026-09-16,,,,,,
new SD campaigns — tranche A,SL-LC-SD-VIEWS,product_ad,LINEN-CURTAIN-52x84-LIGHT-BEIGE-2-PCS,,create_product_ad,,LINEN-CURTAIN-52x84-LIGHT-BEIGE-2-PCS,none,spend_wk,campaign,,0,2026-09-16,,,,,,
new SD campaigns — tranche A,SL-LC-SD-VIEWS,product_ad,LINEN-CURTAIN-52x72-LIGHT-BEIGE-2-PCS,,create_product_ad,,LINEN-CURTAIN-52x72-LIGHT-BEIGE-2-PCS,none,spend_wk,campaign,,0,2026-09-16,,,,,,
new SD campaigns — tranche A,SL-LC-SD-VIEWS,product_ad,LINEN-CURTAIN-52x120-IVORY-2-PCS,,create_product_ad,,LINEN-CURTAIN-52x120-IVORY-2-PCS,none,spend_wk,campaign,,0,2026-09-16,,,,,,
new SD campaigns — tranche A,SL-LC-SD-VIEWS,product_ad,LINEN-CURTAIN-52x72-IVORY-2-PCS,,create_product_ad,,LINEN-CURTAIN-52x72-IVORY-2-PCS,none,spend_wk,campaign,,0,2026-09-16,,,,,,
new SD campaigns — tranche A,SL-LC-SD-VIEWS,product_ad,LINEN-CURTAIN-52x90-LIGHT-BEIGE-2-PCS,,create_product_ad,,LINEN-CURTAIN-52x90-LIGHT-BEIGE-2-PCS,none,spend_wk,campaign,,0,2026-09-16,,,,,,
new SD campaigns — tranche A,SL-LC-SD-VIEWS,product_ad,LINEN-CURTAIN-52x63-LIGHT-BEIGE-2-PCS,,create_product_ad,,LINEN-CURTAIN-52x63-LIGHT-BEIGE-2-PCS,none,spend_wk,campaign,,0,2026-09-16,,,,,,
new SD campaigns — tranche A,SL-LC-SD-VIEWS,product_ad,LINEN-CURTAIN-52x90-IVORY-2-PCS,,create_product_ad,,LINEN-CURTAIN-52x90-IVORY-2-PCS,none,spend_wk,campaign,,0,2026-09-16,,,,,,
new SD campaigns — tranche A,SL-LC-SD-VIEWS,product_ad,LINEN-CURTAIN-52x108-IVORY-2-PCS,,create_product_ad,,LINEN-CURTAIN-52x108-IVORY-2-PCS,none,spend_wk,campaign,,0,2026-09-16,,,,,,
new SD campaigns — tranche A,SL-LC-SD-VIEWS,product_ad,LINEN-CURTAIN-52x120-LIGHT-BEIGE-2-PCS,,create_product_ad,,LINEN-CURTAIN-52x120-LIGHT-BEIGE-2-PCS,none,spend_wk,campaign,,0,2026-09-16,,,,,,
new SD campaigns — tranche A,SL-LC-SD-VIEWS,product_ad,LINEN-CURTAIN-52x108-LIGHT-BEIGE-2-PCS,,create_product_ad,,LINEN-CURTAIN-52x108-LIGHT-BEIGE-2-PCS,none,spend_wk,campaign,,0,2026-09-16,,,,,,
new SD campaigns — tranche A,SL-LC-SD-PURCHASE,campaign,,,create_campaign,,5,none,spend_wk,campaign,35,0,2026-09-16,,,,,,
new SD campaigns — tranche A,SL-LC-SD-PURCHASE,ad_group,,,create_ad_group,,0.53,none,spend_wk,campaign,,0,2026-09-16,,,,,,
new SD campaigns — tranche A,SL-LC-SD-PURCHASE,product_ad,LINEN-CURTAIN-52x84-IVORY-2-PCS,,create_product_ad,,LINEN-CURTAIN-52x84-IVORY-2-PCS,none,spend_wk,campaign,,0,2026-09-16,,,,,,
new SD campaigns — tranche A,SL-LC-SD-PURCHASE,product_ad,LINEN-CURTAIN-52x84-LIGHT-BEIGE-2-PCS,,create_product_ad,,LINEN-CURTAIN-52x84-LIGHT-BEIGE-2-PCS,none,spend_wk,campaign,,0,2026-09-16,,,,,,
new SD campaigns — tranche A,SL-LC-SD-PURCHASE,product_ad,LINEN-CURTAIN-52x72-LIGHT-BEIGE-2-PCS,,create_product_ad,,LINEN-CURTAIN-52x72-LIGHT-BEIGE-2-PCS,none,spend_wk,campaign,,0,2026-09-16,,,,,,
new SD campaigns — tranche A,SL-LC-SD-PURCHASE,product_ad,LINEN-CURTAIN-52x120-IVORY-2-PCS,,create_product_ad,,LINEN-CURTAIN-52x120-IVORY-2-PCS,none,spend_wk,campaign,,0,2026-09-16,,,,,,
new SD campaigns — tranche A,SL-LC-SD-PURCHASE,product_ad,LINEN-CURTAIN-52x72-IVORY-2-PCS,,create_product_ad,,LINEN-CURTAIN-52x72-IVORY-2-PCS,none,spend_wk,campaign,,0,2026-09-16,,,,,,
new SD campaigns — tranche A,SL-LC-SD-PURCHASE,product_ad,LINEN-CURTAIN-52x90-LIGHT-BEIGE-2-PCS,,create_product_ad,,LINEN-CURTAIN-52x90-LIGHT-BEIGE-2-PCS,none,spend_wk,campaign,,0,2026-09-16,,,,,,
new SD campaigns — tranche A,SL-LC-SD-PURCHASE,product_ad,LINEN-CURTAIN-52x63-LIGHT-BEIGE-2-PCS,,create_product_ad,,LINEN-CURTAIN-52x63-LIGHT-BEIGE-2-PCS,none,spend_wk,campaign,,0,2026-09-16,,,,,,
new SD campaigns — tranche A,SL-LC-SD-PURCHASE,product_ad,LINEN-CURTAIN-52x90-IVORY-2-PCS,,create_product_ad,,LINEN-CURTAIN-52x90-IVORY-2-PCS,none,spend_wk,campaign,,0,2026-09-16,,,,,,
new SD campaigns — tranche A,SL-LC-SD-PURCHASE,product_ad,LINEN-CURTAIN-52x108-IVORY-2-PCS,,create_product_ad,,LINEN-CURTAIN-52x108-IVORY-2-PCS,none,spend_wk,campaign,,0,2026-09-16,,,,,,
new SD campaigns — tranche A,SL-LC-SD-PURCHASE,product_ad,LINEN-CURTAIN-52x120-LIGHT-BEIGE-2-PCS,,create_product_ad,,LINEN-CURTAIN-52x120-LIGHT-BEIGE-2-PCS,none,spend_wk,campaign,,0,2026-09-16,,,,,,
new SD campaigns — tranche A,SL-LC-SD-PURCHASE,product_ad,LINEN-CURTAIN-52x108-LIGHT-BEIGE-2-PCS,,create_product_ad,,LINEN-CURTAIN-52x108-LIGHT-BEIGE-2-PCS,none,spend_wk,campaign,,0,2026-09-16,,,,,,
new SD campaigns — tranche A,SL-LC-SD-AUDIENCE,campaign,,,create_campaign,,6,none,spend_wk,campaign,42,0,2026-09-16,,,,,,
new SD campaigns — tranche A,SL-LC-SD-AUDIENCE,ad_group,,,create_ad_group,,0.53,none,spend_wk,campaign,,0,2026-09-16,,,,,,
new SD campaigns — tranche A,SL-LC-SD-AUDIENCE,product_ad,LINEN-CURTAIN-52x84-IVORY-2-PCS,,create_product_ad,,LINEN-CURTAIN-52x84-IVORY-2-PCS,none,spend_wk,campaign,,0,2026-09-16,,,,,,
new SD campaigns — tranche A,SL-LC-SD-AUDIENCE,product_ad,LINEN-CURTAIN-52x84-LIGHT-BEIGE-2-PCS,,create_product_ad,,LINEN-CURTAIN-52x84-LIGHT-BEIGE-2-PCS,none,spend_wk,campaign,,0,2026-09-16,,,,,,
new SD campaigns — tranche A,SL-LC-SD-AUDIENCE,product_ad,LINEN-CURTAIN-52x72-LIGHT-BEIGE-2-PCS,,create_product_ad,,LINEN-CURTAIN-52x72-LIGHT-BEIGE-2-PCS,none,spend_wk,campaign,,0,2026-09-16,,,,,,
new SD campaigns — tranche A,SL-LC-SD-AUDIENCE,product_ad,LINEN-CURTAIN-52x120-IVORY-2-PCS,,create_product_ad,,LINEN-CURTAIN-52x120-IVORY-2-PCS,none,spend_wk,campaign,,0,2026-09-16,,,,,,
new SD campaigns — tranche A,SL-LC-SD-AUDIENCE,product_ad,LINEN-CURTAIN-52x72-IVORY-2-PCS,,create_product_ad,,LINEN-CURTAIN-52x72-IVORY-2-PCS,none,spend_wk,campaign,,0,2026-09-16,,,,,,
new SD campaigns — tranche A,SL-LC-SD-AUDIENCE,product_ad,LINEN-CURTAIN-52x90-LIGHT-BEIGE-2-PCS,,create_product_ad,,LINEN-CURTAIN-52x90-LIGHT-BEIGE-2-PCS,none,spend_wk,campaign,,0,2026-09-16,,,,,,
new SD campaigns — tranche A,SL-LC-SD-AUDIENCE,product_ad,LINEN-CURTAIN-52x63-LIGHT-BEIGE-2-PCS,,create_product_ad,,LINEN-CURTAIN-52x63-LIGHT-BEIGE-2-PCS,none,spend_wk,campaign,,0,2026-09-16,,,,,,
new SD campaigns — tranche A,SL-LC-SD-AUDIENCE,product_ad,LINEN-CURTAIN-52x90-IVORY-2-PCS,,create_product_ad,,LINEN-CURTAIN-52x90-IVORY-2-PCS,none,spend_wk,campaign,,0,2026-09-16,,,,,,
new SD campaigns — tranche A,SL-LC-SD-AUDIENCE,product_ad,LINEN-CURTAIN-52x108-IVORY-2-PCS,,create_product_ad,,LINEN-CURTAIN-52x108-IVORY-2-PCS,none,spend_wk,campaign,,0,2026-09-16,,,,,,
new SD campaigns — tranche A,SL-LC-SD-AUDIENCE,product_ad,LINEN-CURTAIN-52x120-LIGHT-BEIGE-2-PCS,,create_product_ad,,LINEN-CURTAIN-52x120-LIGHT-BEIGE-2-PCS,none,spend_wk,campaign,,0,2026-09-16,,,,,,
new SD campaigns — tranche A,SL-LC-SD-AUDIENCE,product_ad,LINEN-CURTAIN-52x108-LIGHT-BEIGE-2-PCS,,create_product_ad,,LINEN-CURTAIN-52x108-LIGHT-BEIGE-2-PCS,none,spend_wk,campaign,,0,2026-09-16,,,,,,
