decision,campaign,entity_type,entity,match_type,attribute,placement,new_value,prior_value,mechanism_metric,mechanism_level,mechanism_target,mechanism_from,check_date,outcome_keyword,outcome_rank,outcome_bound,outcome_date,fallback,rationale
refund gate pause,D-LC-SP-BROAD-RAN-DO-(Curtains|Blackout)-(LINEN-CURTAIN-52x96-BEIGE-2-PCS)-(blackout curtains 96),campaign,,,state,,paused,enabled,spend_wk,campaign,0,1.16,2026-09-16,,,"spend on these 215 campaigns falls to 0; units cleared per week holds, because these SKUs return 37.5-45.5% of what they sell",2026-09-23,release in tranche C when the lab dip and re-shot images land; re-enable at the prior budget and read refund rate before any bid move,"12 BLOCK-tier SKUs refund at 37.5-45.5% on a reliable sample. Effective ad cost per unit actually cleared is $20.66-$23.67 against a $19.69 ceiling, so every incremental unit loses money. Return reason on file is ""colour lighter than pictures"" and these are the affected colourways and drops."
refund gate pause,D-LC-SP-EXACT-RAN-DO-(Curtains|Blackout)-(LINEN-CURTAIN-52x96-IVORY-2-PCS)-(blackout curtains 96 inches long),campaign,,,state,,paused,enabled,spend_wk,campaign,0,3.86,2026-09-16,,,,,,
refund gate pause,D-LC-SP-black out curtains 96 inch long-(Blackout)-VHSV-Exact-Conv-DO-LINEN-CURTAIN-52x96-BEIGE-2-PCS,campaign,,,state,,paused,enabled,spend_wk,campaign,0,0,2026-09-16,,,,,,
refund gate pause,DLC - SP - Auto - LINEN-CURTAIN-52x84-G2,campaign,,,state,,paused,enabled,spend_wk,campaign,0,0,2026-09-16,,,,,,
refund gate pause,DLC - SP - Auto -DO- LINEN-CURTAIN-52x96-G1,campaign,,,state,,paused,enabled,spend_wk,campaign,0,0.89,2026-09-16,,,,,,
refund gate pause,DLC - SP - Auto -DO- LINEN-CURTAIN-52x96-G2,campaign,,,state,,paused,enabled,spend_wk,campaign,0,1.39,2026-09-16,,,,,,
refund gate pause,D-LC-SP-EXACT-RAN-DO-(Curtains|Blackout)-(LINEN-CURTAIN-52x84-NATURAL-2-PCS)-(blackout curtains),campaign,,,state,,paused,enabled,spend_wk,campaign,0,0,2026-09-16,,,,,,
refund gate pause,D-LC-SP-black out curtains-(Blackout)-VHSV-Exact-Conv-DO-LINEN-CURTAIN-52x96-NATURAL-2-PCS,campaign,,,state,,paused,enabled,spend_wk,campaign,0,1.37,2026-09-16,,,,,,
refund gate pause,D-Linen Curtains-SP-Exact-Ranking-Fixed-LINEN-CURTAIN-52x96-LIGHT-BEIGE-2-PCS-B0F639YZ3D - beige linen blackout curtains,campaign,,,state,,paused,enabled,spend_wk,campaign,0,0,2026-09-16,,,,,,
refund gate pause,D-LC-SP-EXACT-RAN-DO-(Curtains|Blackout)-(LINEN-CURTAIN-52x120-NATURAL-2-PCS)-(120 inch blackout curtains),campaign,,,state,,paused,enabled,spend_wk,campaign,0,9,2026-09-16,,,,,,
refund gate pause,D-LC-SP-PHRASE-RAN-DO-(Curtains)-(LINEN-CURTAIN-52x96-IVORY-2-PCS)-(curtains 96 inch long),campaign,,,state,,paused,enabled,spend_wk,campaign,0,0,2026-09-16,,,,,,
refund gate pause,D-Linen Curtains-SP-Exact-Ranking-Fixed-LINEN-CURTAIN-52x96-NATURAL-2-PCS-B0F6366Z7N - blackout linen curtains 96 inches long,campaign,,,state,,paused,enabled,spend_wk,campaign,0,1.8,2026-09-16,,,,,,
refund gate pause,D-LC-SP-EXACT-RAN-DO-(Curtains|Blackout)-(LINEN-CURTAIN-52x120-NATURAL-2-PCS)-(blackout curtains 120 inches long),campaign,,,state,,paused,enabled,spend_wk,campaign,0,14.03,2026-09-16,,,,,,
refund gate pause,D-LC-SP-EXACT-RAN-DO-(Curtains|Blackout)-(LINEN-CURTAIN-52x120-NATURAL-2-PCS)-(120 inch curtains blackout),campaign,,,state,,paused,enabled,spend_wk,campaign,0,6.34,2026-09-16,,,,,,
refund gate pause,D-Linen Curtains-SP-Exact-Ranking-Fixed-LINEN-CURTAIN-52x84-NATURAL-2-PCS-B0F639CWS1 - curtains for living room linen,campaign,,,state,,paused,enabled,spend_wk,campaign,0,10.89,2026-09-16,,,,,,
refund gate pause,D-LC-SP-EXACT-RAN-DO-(Curtains|Blackout)-(LINEN-CURTAIN-52x120-NATURAL-2-PCS)-(120 blackout curtains),campaign,,,state,,paused,enabled,spend_wk,campaign,0,3.66,2026-09-16,,,,,,
refund gate pause,D-LC-SP-blackout curtains for bedrooms-(Blackout)-HSV-Exact-Conv-DO-LINEN-CURTAIN-52x96-NATURAL-2-PCS,campaign,,,state,,paused,enabled,spend_wk,campaign,0,0,2026-09-16,,,,,,
refund gate pause,D-LC-SP-EXACT-RAN-DO-(Curtains|Blackout)-(LINEN-CURTAIN-52x96-IVORY-2-PCS)-(96 inch blackout curtains),campaign,,,state,,paused,enabled,spend_wk,campaign,0,0,2026-09-16,,,,,,
refund gate pause,D-LC-SP-PHRASE-RAN-DO-(Curtains|Blackout)-(LINEN-CURTAIN-52x96-BEIGE-2-PCS)-(96 inch blackout curtains),campaign,,,state,,paused,enabled,spend_wk,campaign,0,0,2026-09-16,,,,,,
refund gate pause,D-LC-SP-BROAD-RAN-DO-(Linen|Curtains|Blackout)-(LINEN-CURTAIN-52x84-NATURAL-2-PCS)-(natural linen blackout curtains),campaign,,,state,,paused,enabled,spend_wk,campaign,0,0,2026-09-16,,,,,,
refund gate pause,D-LC-SP-PHRASE-RAN-DO-(Linen|Curtains|Blackout)-(LINEN-CURTAIN-52x84-NATURAL-2-PCS)-(linen blackout curtains),campaign,,,state,,paused,enabled,spend_wk,campaign,0,0,2026-09-16,,,,,,
refund gate pause,D-LC-SP-PHRASE-RAN-DO-(Curtains)-(LINEN-CURTAIN-52x96-IVORY-2-PCS)-(96 inch curtains),campaign,,,state,,paused,enabled,spend_wk,campaign,0,0.7,2026-09-16,,,,,,
refund gate pause,D-LC-SP-EXACT-RAN-DO-(Curtains|Blackout)-(LINEN-CURTAIN-52x96-IVORY-2-PCS)-(96 inch curtains 2 panel set blackout),campaign,,,state,,paused,enabled,spend_wk,campaign,0,1.09,2026-09-16,,,,,,
refund gate pause,D-LC-SP-EXACT-RAN-DO-(Curtains|Blackout)-(LINEN-CURTAIN-52x96-NATURAL-2-PCS)-(blackout curtains 92+ inches long),campaign,,,state,,paused,enabled,spend_wk,campaign,0,1.5,2026-09-16,,,,,,
refund gate pause,D-LC-SP-EXACT-RAN-DO-(Curtains|Blackout|Bedroom)-(LINEN-CURTAIN-52x84-NATURAL-2-PCS)-(blackout curtains for bedroom),campaign,,,state,,paused,enabled,spend_wk,campaign,0,1.49,2026-09-16,,,,,,
refund gate pause,D-Linen Curtains-SP-Exact-Ranking-Fixed-LINEN-CURTAIN-52x84-NATURAL-2-PCS-B0F639CWS1 - ivory linen curtains,campaign,,,state,,paused,enabled,spend_wk,campaign,0,0,2026-09-16,,,,,,
refund gate pause,D-LC-SP-EXACT-RAN-DO-(Curtains|Blackout)-(LINEN-CURTAIN-52x84-NATURAL-2-PCS)-(thermal insulated blackout curtains),campaign,,,state,,paused,enabled,spend_wk,campaign,0,0,2026-09-16,,,,,,
refund gate pause,D-LC-SP-room darkening curtains-(Blackout)-VHSV-Exact-Conv-DO-LINEN-CURTAIN-52x96-NATURAL-2-PCS,campaign,,,state,,paused,enabled,spend_wk,campaign,0,0,2026-09-16,,,,,,
refund gate pause,D-LC-SP-blackout drapes-(Blackout)-HSV-Exact-Conv-DO-LINEN-CURTAIN-52x96-NATURAL-2-PCS,campaign,,,state,,paused,enabled,spend_wk,campaign,0,0,2026-09-16,,,,,,
refund gate pause,DLC - SP - phrase-DO- LINEN-CURTAIN-52x96-G1,campaign,,,state,,paused,enabled,spend_wk,campaign,0,0,2026-09-16,,,,,,
refund gate pause,D-Linen Curtains-SP-Exact-Ranking-Fixed-LINEN-CURTAIN-52x84-NATURAL-2-PCS-B0F639CWS1 - pinch pleated linen curtains blackout,campaign,,,state,,paused,enabled,spend_wk,campaign,0,0,2026-09-16,,,,,,
refund gate pause,D-LC-SP-EXACT-RAN-DO-(Curtains|Blackout)-(LINEN-CURTAIN-52x84-NATURAL-2-PCS)-(blackout curtains 84 inches long),campaign,,,state,,paused,enabled,spend_wk,campaign,0,0,2026-09-16,,,,,,
refund gate pause,D-LC-SP-BROAD-RAN-DO-(Curtains|Blackout)-(LINEN-CURTAIN-52x96-IVORY-2-PCS)-(ivory blackout curtains 96 inch long),campaign,,,state,,paused,enabled,spend_wk,campaign,0,0,2026-09-16,,,,,,
refund gate pause,D-Linen Curtains-SP-Exact-Ranking-Fixed-LINEN-CURTAIN-52x84-NATURAL-2-PCS-B0F639CWS1 - pinch pleat linen curtains,campaign,,,state,,paused,enabled,spend_wk,campaign,0,0,2026-09-16,,,,,,
refund gate pause,D-LC-SP-EXACT-RAN-DO-(Curtains|Blackout)-(LINEN-CURTAIN-52x96-IVORY-2-PCS)-(ivory curtains blackout),campaign,,,state,,paused,enabled,spend_wk,campaign,0,1.1,2026-09-16,,,,,,
refund gate pause,D-LC-SP-EXACT-RAN-DO-(Curtains|Blackout)-(LINEN-CURTAIN-52x96-IVORY-2-PCS)-(blackout curtains 96),campaign,,,state,,paused,enabled,spend_wk,campaign,0,0,2026-09-16,,,,,,
refund gate pause,D-LC-SP-EXACT-RAN-DO-(Curtains|Blackout|Living Room)-(LINEN-CURTAIN-52x84-NATURAL-2-PCS)-(blackout curtains for the living room),campaign,,,state,,paused,enabled,spend_wk,campaign,0,0,2026-09-16,,,,,,
refund gate pause,D-LC-SP-EXACT-RAN-DO-(Curtains|Blackout)-(LINEN-CURTAIN-52x96-BEIGE-2-PCS)-(beige blackout curtains 96 inches long),campaign,,,state,,paused,enabled,spend_wk,campaign,0,0,2026-09-16,,,,,,
refund gate pause,D-LC-SP-blackout curtain for living room-(Blackout)-MSV-Exact-Conv-DO-LINEN-CURTAIN-52x96-NATURAL-2-PCS,campaign,,,state,,paused,enabled,spend_wk,campaign,0,1.5,2026-09-16,,,,,,
refund gate pause,D-LC-SP-EXACT-RAN-DO-(Curtains|Blackout)-(LINEN-CURTAIN-52x96-IVORY-2-PCS)-(warm ivory blackout curtains),campaign,,,state,,paused,enabled,spend_wk,campaign,0,0,2026-09-16,,,,,,
refund gate pause,D-LC-SP-BROAD-RAN-DO-(Linen|Curtains|Blackout)-(LINEN-CURTAIN-52x96-LINEN-2-PCS)-(linen blackout curtains 96 inch long),campaign,,,state,,paused,enabled,spend_wk,campaign,0,0,2026-09-16,,,,,,
refund gate pause,D-Linen Curtains-SP-Exact-Ranking-Fixed-LINEN-CURTAIN-52x96-LIGHT-BEIGE-2-PCS-B0F639YZ3D-G,campaign,,,state,,paused,enabled,spend_wk,campaign,0,0,2026-09-16,,,,,,
refund gate pause,D-LC-SP-linen textured curtains bedroom-(Linen)-HSV-Exact-Conv-DO-LINEN-CURTAIN-52x84-NATURAL-2-PCS,campaign,,,state,,paused,enabled,spend_wk,campaign,0,0,2026-09-16,,,,,,
refund gate pause,D-LC-SP-BROAD-RAN-DO-(Curtains|Room Darkening)-(LINEN-CURTAIN-52x96-LINEN-2-PCS)-(room darkening curtains 96 inch long),campaign,,,state,,paused,enabled,spend_wk,campaign,0,0,2026-09-16,,,,,,
refund gate pause,D-LC-SP-EXACT-RAN-DO-(Curtains|Blackout|Bedroom)-(LINEN-CURTAIN-52x84-NATURAL-2-PCS)-(bedroom curtains blackout),campaign,,,state,,paused,enabled,spend_wk,campaign,0,1.5,2026-09-16,,,,,,
refund gate pause,D-LC-SP-BROAD-RAN-DO-(Curtains)-(LINEN-CURTAIN-52x96-LINEN-2-PCS)-(96 curtains 2 panel set),campaign,,,state,,paused,enabled,spend_wk,campaign,0,0,2026-09-16,,,,,,
refund gate pause,D-LC-SP-PHRASE-RAN-DO-(Curtains|Blackout)-(LINEN-CURTAIN-52x96-BEIGE-2-PCS)-(blackout curtains 96 inch long),campaign,,,state,,paused,enabled,spend_wk,campaign,0,0,2026-09-16,,,,,,
refund gate pause,D-LC-SP-room darkening curtains 96 inches long-(Blackout)-MSV-Exact-Conv-DO-LINEN-CURTAIN-52x96-BEIGE-2-PCS,campaign,,,state,,paused,enabled,spend_wk,campaign,0,0,2026-09-16,,,,,,
refund gate pause,DLC - SP - phrase-DO- LINEN-CURTAIN-52x84-G2,campaign,,,state,,paused,enabled,spend_wk,campaign,0,0,2026-09-16,,,,,,
refund gate pause,D-LC-SP-EXACT-RAN-DO-(Curtains|Blackout|Bedroom)-(LINEN-CURTAIN-52x84-NATURAL-2-PCS)-(blackout bedroom curtain),campaign,,,state,,paused,enabled,spend_wk,campaign,0,0,2026-09-16,,,,,,
refund gate pause,D-LC-SP-BROAD-RAN-DO-(Curtains)-(LINEN-CURTAIN-52x96-LINEN-2-PCS)-(curtain 96 inch long),campaign,,,state,,paused,enabled,spend_wk,campaign,0,0,2026-09-16,,,,,,
refund gate pause,D-LC-SP-EXACT-RAN-DO-(Curtains|Blackout)-(LINEN-CURTAIN-52x84-NATURAL-2-PCS)-(52 x 84 blackout curtains),campaign,,,state,,paused,enabled,spend_wk,campaign,0,0,2026-09-16,,,,,,
refund gate pause,D-LC-SP-PAT-B0GR67MC4D-LINEN-CURTAIN-52x84-NATURAL-2-PCS,campaign,,,state,,paused,enabled,spend_wk,campaign,0,0,2026-09-16,,,,,,
refund gate pause,D-LC-SP-PHRASE-RAN-DO-(Linen|Curtains)-(LINEN-CURTAIN-52x84-NATURAL-2-PCS)-(natural linen curtains),campaign,,,state,,paused,enabled,spend_wk,campaign,0,0,2026-09-16,,,,,,
refund gate pause,D-LC-SP-EXACT-RAN-DO-(Curtains|Blackout|Bedroom)-(52x120-NATURAL-2-PCS)-(blackout curtains for bedroom 120 inches long),campaign,,,state,,paused,enabled,spend_wk,campaign,0,0,2026-09-16,,,,,,
refund gate pause,D-Linen Curtains-SP-Exact-Ranking-Fixed-LINEN-CURTAIN-52x96-LIGHT-BEIGE-2-PCS-B0F639YZ3D - linen beige curtains,campaign,,,state,,paused,enabled,spend_wk,campaign,0,0,2026-09-16,,,,,,
refund gate pause,D-LC-SP-darkening curtains-(Blackout)-HSV-Exact-Conv-DO-LINEN-CURTAIN-52x96-NATURAL-2-PCS,campaign,,,state,,paused,enabled,spend_wk,campaign,0,0,2026-09-16,,,,,,
refund gate pause,D-LC-SP-cortinas blackout-(Blackout-ES)-HSV-Exact-Conv-DO-LINEN-CURTAIN-52x96-NATURAL-2-PCS,campaign,,,state,,paused,enabled,spend_wk,campaign,0,0,2026-09-16,,,,,,
refund gate pause,D-LC-SP-EXACT-RAN-DO-(Curtains|Blackout)-(LINEN-CURTAIN-52x84-NATURAL-2-PCS)-(textured blackout curtains),campaign,,,state,,paused,enabled,spend_wk,campaign,0,0,2026-09-16,,,,,,
refund gate pause,D-LC-SP-PAT-B0FKGF76ZQ-LINEN-CURTAIN-52x84-NATURAL-2-PCS,campaign,,,state,,paused,enabled,spend_wk,campaign,0,0,2026-09-16,,,,,,
refund gate pause,D-LC-SP-black out linen curtains-(Linen)-HSV-Exact-Conv-DO-LINEN-CURTAIN-52x96-NATURAL-2-PCS,campaign,,,state,,paused,enabled,spend_wk,campaign,0,0,2026-09-16,,,,,,
refund gate pause,D-LC-SP-EXACT-RAN-DO-(Curtains|Blackout)-(LINEN-CURTAIN-52x84-NATURAL-2-PCS)-(blackout curtains 84),campaign,,,state,,paused,enabled,spend_wk,campaign,0,0,2026-09-16,,,,,,
refund gate pause,D-LC-SP-EXACT-RAN-DO-(Curtains|Blackout)-(LINEN-CURTAIN-52x84-NATURAL-2-PCS)-(84 inch blackout curtains 2 panel set),campaign,,,state,,paused,enabled,spend_wk,campaign,0,0,2026-09-16,,,,,,
refund gate pause,D-LC-SP-EXACT-RAN-DO-(Curtains|Blackout|Bedroom)-(LINEN-CURTAIN-52x84-NATURAL-2-PCS)-(curtains for bedroom blackout),campaign,,,state,,paused,enabled,spend_wk,campaign,0,0,2026-09-16,,,,,,
refund gate pause,D-LC-SP-EXACT-RAN-DO-(Curtains|Blackout)-(LINEN-CURTAIN-52x96-IVORY-2-PCS)-(ivory blackout curtains 96 inches long),campaign,,,state,,paused,enabled,spend_wk,campaign,0,0,2026-09-16,,,,,,
refund gate pause,DLC - SP - phrase-DO- LINEN-CURTAIN-52x96-G2,campaign,,,state,,paused,enabled,spend_wk,campaign,0,0,2026-09-16,,,,,,
refund gate pause,D-LC-SP-cortinas blackout para dormitorio-(Blackout-ES)-VHSV-Exact-Conv-DO-LINEN-CURTAIN-52x96-NATURAL-2-PCS,campaign,,,state,,paused,enabled,spend_wk,campaign,0,0,2026-09-16,,,,,,
refund gate pause,D-LC-SP-linen curtains for bedroom-(Linen)-HSV-Exact-Conv-DO-LINEN-CURTAIN-52x84-NATURAL-2-PCS,campaign,,,state,,paused,enabled,spend_wk,campaign,0,0,2026-09-16,,,,,,
refund gate pause,D-LC-SP-EXACT-RAN-DO-(Curtains|Blackout)-(LINEN-CURTAIN-52x84-NATURAL-2-PCS)-(lightweight blackout curtains),campaign,,,state,,paused,enabled,spend_wk,campaign,0,0,2026-09-16,,,,,,
refund gate pause,D-Linen Curtains-SP-Exact-Ranking-Fixed-LINEN-CURTAIN-52x84-NATURAL-2-PCS-B0F639CWS1 - linen pinch pleated curtains,campaign,,,state,,paused,enabled,spend_wk,campaign,0,0,2026-09-16,,,,,,
refund gate pause,D-LC-SP-EXACT-RAN-DO-(Curtains|Blackout|Living Room)-(LINEN-CURTAIN-52x84-NATURAL-2-PCS)-(living room blackout curtains),campaign,,,state,,paused,enabled,spend_wk,campaign,0,1.49,2026-09-16,,,,,,
refund gate pause,D-LC-SP-textured linen curtains-(Linen)-MSV-Exact-Conv-DO-LINEN-CURTAIN-52x84-NATURAL-2-PCS,campaign,,,state,,paused,enabled,spend_wk,campaign,0,0,2026-09-16,,,,,,
refund gate pause,D-LC-SP-EXACT-RAN-DO-(Curtains|Blackout)-(LINEN-CURTAIN-52x84-NATURAL-2-PCS)-(natural blackout curtains),campaign,,,state,,paused,enabled,spend_wk,campaign,0,0,2026-09-16,,,,,,
refund gate pause,D-Linen Curtains-SP-Exact-Ranking-Fixed-LINEN-CURTAIN-52x96-NATURAL-2-PCS-B0F6366Z7N-G,campaign,,,state,,paused,enabled,spend_wk,campaign,0,0,2026-09-16,,,,,,
refund gate pause,D-LC-SP-linen drapes-(Linen)-HSV-Exact-Conv-DO-LINEN-CURTAIN-52x84-NATURAL-2-PCS,campaign,,,state,,paused,enabled,spend_wk,campaign,0,1.8,2026-09-16,,,,,,
refund gate pause,D-LC-SP-EXACT-RAN-DO-(Curtains|Blackout)-(LINEN-CURTAIN-52x84-NATURAL-2-PCS)-(total blackout curtains),campaign,,,state,,paused,enabled,spend_wk,campaign,0,0,2026-09-16,,,,,,
refund gate pause,D-LC-SP-100 percent linen curtains-(Linen)-HSV-Exact-Conv-DO-LINEN-CURTAIN-52x84-NATURAL-2-PCS,campaign,,,state,,paused,enabled,spend_wk,campaign,0,0,2026-09-16,,,,,,
refund gate pause,D-LC-SP-light blocking curtains-(Blackout)-HSV-Exact-Conv-DO-LINEN-CURTAIN-52x84-NATURAL-2-PCS,campaign,,,state,,paused,enabled,spend_wk,campaign,0,0,2026-09-16,,,,,,
refund gate pause,D-LC-SP-black out curtains 96 inch long 2 panels-(Blackout)-LSV-Exact-Conv-DO-LINEN-CURTAIN-52x96-BEIGE-2-PCS,campaign,,,state,,paused,enabled,spend_wk,campaign,0,0,2026-09-16,,,,,,
refund gate pause,D-LC-SP-EXACT-RAN-DO-(Curtains|Blackout)-(LINEN-CURTAIN-52x84-NATURAL-2-PCS)-(84 inch blackout curtains),campaign,,,state,,paused,enabled,spend_wk,campaign,0,0,2026-09-16,,,,,,
refund gate pause,D-LC-SP-EXACT-RAN-DO-(Curtains|Blackout)-(LINEN-CURTAIN-52x84-NATURAL-2-PCS)-(curtains blackout 84 inch length),campaign,,,state,,paused,enabled,spend_wk,campaign,0,0,2026-09-16,,,,,,
refund gate pause,D-LC-SP-EXACT-RAN-DO-(Curtains|Blackout)-(LINEN-CURTAIN-52x96-IVORY-2-PCS)-(52 x 96 blackout curtains 2 panels),campaign,,,state,,paused,enabled,spend_wk,campaign,0,0,2026-09-16,,,,,,
refund gate pause,D-LC-SP-black out curtains for bedroom-(Blackout)-HSV-Exact-Conv-DO-LINEN-CURTAIN-52x96-NATURAL-2-PCS,campaign,,,state,,paused,enabled,spend_wk,campaign,0,0,2026-09-16,,,,,,
refund gate pause,D-LC-SP-EXACT-RAN-DO-(Curtains|Blackout|Living Room)-(LINEN-CURTAIN-52x84-NATURAL-2-PCS)-(curtains for living room blackout),campaign,,,state,,paused,enabled,spend_wk,campaign,0,0,2026-09-16,,,,,,
refund gate pause,D-LC-SP-EXACT-RAN-DO-(Curtains|Blackout)-(LINEN-CURTAIN-52x84-NATURAL-2-PCS)-(blackout curtains 52x84),campaign,,,state,,paused,enabled,spend_wk,campaign,0,0,2026-09-16,,,,,,
refund gate pause,D-LC-SP-cortinas blackout para sala elegantes-(Blackout-ES)-MSV-Exact-Conv-DO-LINEN-CURTAIN-52x96-NATURAL-2-PCS,campaign,,,state,,paused,enabled,spend_wk,campaign,0,0,2026-09-16,,,,,,
refund gate pause,D-LC-SP-sun zero blackout curtains-(Blackout)-HSV-Exact-Conv-DO-LINEN-CURTAIN-52x96-NATURAL-2-PCS,campaign,,,state,,paused,enabled,spend_wk,campaign,0,0,2026-09-16,,,,,,
refund gate pause,D-LC-SP-extra wide blackout curtains-(Blackout)-HSV-Exact-Conv-DO-LINEN-CURTAIN-52x96-NATURAL-2-PCS,campaign,,,state,,paused,enabled,spend_wk,campaign,0,0,2026-09-16,,,,,,
refund gate pause,D-Linen Curtains-SP-Exact-Ranking-Fixed-LINEN-CURTAIN-52x84-NATURAL-2-PCS-B0F639CWS1 - pinch pleated curtains linen,campaign,,,state,,paused,enabled,spend_wk,campaign,0,0,2026-09-16,,,,,,
refund gate pause,D-LC-SP-black out curtains for living room-(Blackout)-HSV-Exact-Conv-DO-LINEN-CURTAIN-52x96-NATURAL-2-PCS,campaign,,,state,,paused,enabled,spend_wk,campaign,0,1.5,2026-09-16,,,,,,
refund gate pause,D-LC-SP-EXACT-RAN-DO-(Curtains|Blackout)-(LINEN-CURTAIN-52x84-NATURAL-2-PCS)-(blackout curtains textured),campaign,,,state,,paused,enabled,spend_wk,campaign,0,0,2026-09-16,,,,,,
refund gate pause,D-Linen Curtains-SP-Exact-Ranking-Fixed-LINEN-CURTAIN-52x84-NATURAL-2-PCS-B0F639CWS1 - linen privacy curtains,campaign,,,state,,paused,enabled,spend_wk,campaign,0,1.79,2026-09-16,,,,,,
refund gate pause,D-LC-SP-EXACT-RAN-DO-(Curtains|Blackout|Living Room)-(LINEN-CURTAIN-52x84-NATURAL-2-PCS)-(blackout living room curtains),campaign,,,state,,paused,enabled,spend_wk,campaign,0,0,2026-09-16,,,,,,
refund gate pause,D-LC-SP-white blackout curtains 96 inches long-(Blackout)-MSV-Exact-Conv-DO-LINEN-CURTAIN-52x96-IVORY-2-PCS,campaign,,,state,,paused,enabled,spend_wk,campaign,0,0,2026-09-16,,,,,,
refund gate pause,D-LC-SP-linen black out curtains 96 inches long-(Linen)-LSV-Exact-Conv-DO-LINEN-CURTAIN-52x96-BEIGE-2-PCS,campaign,,,state,,paused,enabled,spend_wk,campaign,0,0,2026-09-16,,,,,,
refund gate pause,D-LC-SP-PHRASE-RAN-DO-(Linen|Curtains)-(LINEN-CURTAIN-52x96-LINEN-2-PCS)-(linen curtains 96 inch long),campaign,,,state,,paused,enabled,spend_wk,campaign,0,0,2026-09-16,,,,,,
refund gate pause,D-LC-SP-EXACT-RAN-DO-(Curtains|Blackout)-(LINEN-CURTAIN-52x84-NATURAL-2-PCS)-(blackout curtains 84 inch length),campaign,,,state,,paused,enabled,spend_wk,campaign,0,0,2026-09-16,,,,,,
refund gate pause,D-Linen Curtains-SP-Exact-Ranking-Fixed-LINEN-CURTAIN-52x84-NATURAL-2-PCS-B0F639CWS1 - linen curtains pinch pleat,campaign,,,state,,paused,enabled,spend_wk,campaign,0,0,2026-09-16,,,,,,
refund gate pause,D-LC-SP-EXACT-RAN-DO-(Curtains|Blackout|Living Room)-(52x84-NATURAL-2-PCS)-(long blackout curtains for living room),campaign,,,state,,paused,enabled,spend_wk,campaign,0,0,2026-09-16,,,,,,
refund gate pause,D-Linen Curtains-SP-Exact-Ranking-Fixed-LINEN-CURTAIN-52x84-NATURAL-2-PCS-B0F639CWS1 - linen curtains 2 panel set,campaign,,,state,,paused,enabled,spend_wk,campaign,0,0,2026-09-16,,,,,,
refund gate pause,D-LC-SP-black out drapes-(Blackout)-HSV-Exact-Conv-DO-LINEN-CURTAIN-52x96-NATURAL-2-PCS,campaign,,,state,,paused,enabled,spend_wk,campaign,0,0,2026-09-16,,,,,,
refund gate pause,D-LC-SP-black out curtains living room-(Blackout)-HSV-Exact-Conv-DO-LINEN-CURTAIN-52x96-NATURAL-2-PCS,campaign,,,state,,paused,enabled,spend_wk,campaign,0,0,2026-09-16,,,,,,
refund gate pause,D-LC-SP-EXACT-RAN-DO-(Curtains|Blackout|Bedroom)-(52x84-NATURAL-2-PCS)-(blackout curtains for bedroom 84 inches long),campaign,,,state,,paused,enabled,spend_wk,campaign,0,0,2026-09-16,,,,,,
refund gate pause,D-LC-SP-EXACT-RAN-DO-(Curtains|Blackout)-(LINEN-CURTAIN-52x84-NATURAL-2-PCS)-(84 in blackout curtains),campaign,,,state,,paused,enabled,spend_wk,campaign,0,0,2026-09-16,,,,,,
refund gate pause,D-LC-SP-dark curtains for bedroom-(Blackout)-HSV-Exact-Conv-DO-LINEN-CURTAIN-52x84-NATURAL-2-PCS,campaign,,,state,,paused,enabled,spend_wk,campaign,0,0,2026-09-16,,,,,,
refund gate pause,D-LC-SP-EXACT-RAN-DO-(Curtains|Blackout)-(LINEN-CURTAIN-52x84-NATURAL-2-PCS)-(84 blackout curtains 2 panel set),campaign,,,state,,paused,enabled,spend_wk,campaign,0,0,2026-09-16,,,,,,
refund gate pause,D-LC-SP-darkening curtains for bedroom-(Blackout)-HSV-Exact-Conv-DO-LINEN-CURTAIN-52x96-NATURAL-2-PCS,campaign,,,state,,paused,enabled,spend_wk,campaign,0,0,2026-09-16,,,,,,
refund gate pause,D-LC-SP-EXACT-RAN-DO-(Linen|Curtains|Blackout)-(LINEN-CURTAIN-52x96-IVORY-2-PCS)-(ivory linen curtains blackout),campaign,,,state,,paused,enabled,spend_wk,campaign,0,0,2026-09-16,,,,,,
refund gate pause,D-Linen Curtains-SP-Exact-Ranking-Fixed-LINEN-CURTAIN-52x84-NATURAL-2-PCS-B0F639CWS1 - two drapes pinch pleated linen curtains,campaign,,,state,,paused,enabled,spend_wk,campaign,0,0,2026-09-16,,,,,,
refund gate pause,D-LC-SP-EXACT-RAN-DO-(Curtains|Blackout|Bedroom)-(LINEN-CURTAIN-52x84-NATURAL-2-PCS)-(best blackout curtains for bedroom),campaign,,,state,,paused,enabled,spend_wk,campaign,0,0,2026-09-16,,,,,,
refund gate pause,D-LC-SP-EXACT-RAN-DO-(Curtains|Blackout)-(LINEN-CURTAIN-52x84-NATURAL-2-PCS)-(52x84 blackout curtains 2 panels),campaign,,,state,,paused,enabled,spend_wk,campaign,0,0,2026-09-16,,,,,,
refund gate pause,D-Linen Curtains-SP-Exact-Ranking-Fixed-LINEN-CURTAIN-52x84-NATURAL-2-PCS-B0F639CWS1 - lined linen curtains 84 inches long,campaign,,,state,,paused,enabled,spend_wk,campaign,0,0,2026-09-16,,,,,,
refund gate pause,D-LC-SP-EXACT-RAN-DO-(Curtains|Blackout)-(LINEN-CURTAIN-52x84-NATURAL-2-PCS)-(floor length blackout curtains),campaign,,,state,,paused,enabled,spend_wk,campaign,0,0,2026-09-16,,,,,,
refund gate pause,D-LC-SP-cortinas blackout para sala-(Blackout-ES)-HSV-Exact-Conv-DO-LINEN-CURTAIN-52x96-NATURAL-2-PCS,campaign,,,state,,paused,enabled,spend_wk,campaign,0,0,2026-09-16,,,,,,
refund gate pause,D-LC-SP-room darkening curtains for bedroom-(Blackout)-VHSV-Exact-Conv-DO-LINEN-CURTAIN-52x96-NATURAL-2-PCS,campaign,,,state,,paused,enabled,spend_wk,campaign,0,0,2026-09-16,,,,,,
refund gate pause,D-LC-SP-EXACT-RAN-DO-(Curtains|Blackout)-(LINEN-CURTAIN-52x96-NATURAL-2-PCS)-(blackout curtains 52x96),campaign,,,state,,paused,enabled,spend_wk,campaign,0,0,2026-09-16,,,,,,
refund gate pause,D-LC-SP-blackout drapes for bedroom-(Blackout)-HSV-Exact-Conv-DO-LINEN-CURTAIN-52x96-NATURAL-2-PCS,campaign,,,state,,paused,enabled,spend_wk,campaign,0,0,2026-09-16,,,,,,
refund gate pause,D-LC-SP-long black out curtains for living room-(Blackout)-MSV-Exact-Conv-DO-LINEN-CURTAIN-52x96-NATURAL-2-PCS,campaign,,,state,,paused,enabled,spend_wk,campaign,0,0,2026-09-16,,,,,,
refund gate pause,D-LC-SP-thermal insulated blackout curtains bedroom-(Blackout)-HSV-Exact-Conv-DO-LINEN-CURTAIN-52x96-NATURAL-2-PCS,campaign,,,state,,paused,enabled,spend_wk,campaign,0,0,2026-09-16,,,,,,
refund gate pause,D-LC-SP-EXACT-RAN-DO-(Curtains|Blackout)-(LINEN-CURTAIN-52x84-NATURAL-2-PCS)-(84in blackout curtains),campaign,,,state,,paused,enabled,spend_wk,campaign,0,0,2026-09-16,,,,,,
refund gate pause,D-LC-SP-linen curtains bedroom-(Linen)-MSV-Exact-Conv-DO-LINEN-CURTAIN-52x84-NATURAL-2-PCS,campaign,,,state,,paused,enabled,spend_wk,campaign,0,0,2026-09-16,,,,,,
refund gate pause,D-LC-SP-EXACT-RAN-DO-(Curtains|Blackout|Bedroom)-(LINEN-CURTAIN-52x84-NATURAL-2-PCS)-(blackout curtains for bedroom short),campaign,,,state,,paused,enabled,spend_wk,campaign,0,0,2026-09-16,,,,,,
refund gate pause,D-LC-SP-cortinas de cuarto blackout-(Blackout-ES)-LSV-Exact-Conv-DO-LINEN-CURTAIN-52x96-NATURAL-2-PCS,campaign,,,state,,paused,enabled,spend_wk,campaign,0,0,2026-09-16,,,,,,
refund gate pause,D-Linen Curtains-SP-Exact-Ranking-Fixed-LINEN-CURTAIN-52x84-NATURAL-2-PCS-B0F639CWS1 - linen farmhouse curtains,campaign,,,state,,paused,enabled,spend_wk,campaign,0,0,2026-09-16,,,,,,
refund gate pause,D-LC-SP-EXACT-RAN-DO-(Curtains|Blackout)-(LINEN-CURTAIN-52x84-NATURAL-2-PCS)-(oeko tex blackout curtains),campaign,,,state,,paused,enabled,spend_wk,campaign,0,0,2026-09-16,,,,,,
refund gate pause,D-LC-SP-EXACT-RAN-DO-(Curtains|Blackout)-(LINEN-CURTAIN-52x84-NATURAL-2-PCS)-(blackout curtains farmhouse),campaign,,,state,,paused,enabled,spend_wk,campaign,0,0,2026-09-16,,,,,,
refund gate pause,D-LC-SP-room darkening curtains bedroom-(Blackout)-LSV-Exact-Conv-DO-LINEN-CURTAIN-52x96-NATURAL-2-PCS,campaign,,,state,,paused,enabled,spend_wk,campaign,0,0,2026-09-16,,,,,,
refund gate pause,D-LC-SP-room darkening drapes-(Blackout)-MSV-Exact-Conv-DO-LINEN-CURTAIN-52x96-NATURAL-2-PCS,campaign,,,state,,paused,enabled,spend_wk,campaign,0,0,2026-09-16,,,,,,
refund gate pause,D-LC-SP-blackout curtains for dorm-(Blackout)-HSV-Exact-Conv-DO-LINEN-CURTAIN-52x96-NATURAL-2-PCS,campaign,,,state,,paused,enabled,spend_wk,campaign,0,0,2026-09-16,,,,,,
refund gate pause,D-LC-SP-EXACT-RAN-DO-(Curtains|Blackout)-(LINEN-CURTAIN-52x84-NATURAL-2-PCS)-(thermal blackout curtains 84 inch),campaign,,,state,,paused,enabled,spend_wk,campaign,0,0,2026-09-16,,,,,,
refund gate pause,D-LC-SP-EXACT-RAN-DO-(Curtains|Blackout)-(LINEN-CURTAIN-52x84-NATURAL-2-PCS)-(best blackout curtains),campaign,,,state,,paused,enabled,spend_wk,campaign,0,0,2026-09-16,,,,,,
refund gate pause,D-LC-SP-EXACT-RAN-DO-(Curtains|Blackout)-(LINEN-CURTAIN-52x84-NATURAL-2-PCS)-(room curtains blackout),campaign,,,state,,paused,enabled,spend_wk,campaign,0,0,2026-09-16,,,,,,
refund gate pause,D-LC-SP-blackout curtains energy efficient-(Blackout)-HSV-Exact-Conv-DO-LINEN-CURTAIN-52x96-NATURAL-2-PCS,campaign,,,state,,paused,enabled,spend_wk,campaign,0,0,2026-09-16,,,,,,
refund gate pause,D-LC-SP-EXACT-RAN-DO-(Curtains|Blackout|Living Room)-(LINEN-CURTAIN-52x84-NATURAL-2-PCS)-(84 inch blackout curtains living room),campaign,,,state,,paused,enabled,spend_wk,campaign,0,0,2026-09-16,,,,,,
refund gate pause,D-LC-SP-black out curtains for bedroom windows-(Blackout)-HSV-Exact-Conv-DO-LINEN-CURTAIN-52x96-NATURAL-2-PCS,campaign,,,state,,paused,enabled,spend_wk,campaign,0,0,2026-09-16,,,,,,
refund gate pause,D-LC-SP-EXACT-RAN-DO-(Curtains|Blackout|Bedroom)-(LINEN-CURTAIN-52x84-NATURAL-2-PCS)-(blackout boho curtains for bedroom),campaign,,,state,,paused,enabled,spend_wk,campaign,0,0,2026-09-16,,,,,,
refund gate pause,D-LC-SP-EXACT-RAN-DO-(Curtains|Blackout|Bedroom)-(LINEN-CURTAIN-52x84-NATURAL-2-PCS)-(farmhouse blackout curtains for bedroom),campaign,,,state,,paused,enabled,spend_wk,campaign,0,0,2026-09-16,,,,,,
refund gate pause,D-LC-SP-blackout drapes living room-(Blackout)-MSV-Exact-Conv-DO-LINEN-CURTAIN-52x96-NATURAL-2-PCS,campaign,,,state,,paused,enabled,spend_wk,campaign,0,0,2026-09-16,,,,,,
refund gate pause,D-LC-SP-cortinas black out para dormitorio-(Blackout-ES)-MSV-Exact-Conv-DO-LINEN-CURTAIN-52x96-NATURAL-2-PCS,campaign,,,state,,paused,enabled,spend_wk,campaign,0,0,2026-09-16,,,,,,
refund gate pause,D-LC-SP-52 inch blackout curtains-(Blackout)-LSV-Exact-Conv-DO-LINEN-CURTAIN-52x96-NATURAL-2-PCS,campaign,,,state,,paused,enabled,spend_wk,campaign,0,0,2026-09-16,,,,,,
refund gate pause,D-LC-SP-EXACT-RAN-DO-(Curtains|Blackout)-(LINEN-CURTAIN-52x84-NATURAL-2-PCS)-(blackout curtains 84 inches long 2 panels set),campaign,,,state,,paused,enabled,spend_wk,campaign,0,0,2026-09-16,,,,,,
refund gate pause,D-LC-SP-PAT-B0CSSDGWVT-LINEN-CURTAIN-52x84-NATURAL-2-PCS,campaign,,,state,,paused,enabled,spend_wk,campaign,0,0,2026-09-16,,,,,,
refund gate pause,D-LC-SP-blackout drapes for living room-(Blackout)-LSV-Exact-Conv-DO-LINEN-CURTAIN-52x96-NATURAL-2-PCS,campaign,,,state,,paused,enabled,spend_wk,campaign,0,0,2026-09-16,,,,,,
refund gate pause,D-LC-SP-EXACT-RAN-DO-(Curtains|Blackout)-(LINEN-CURTAIN-52x84-NATURAL-2-PCS)-(blackout farmhouse curtains),campaign,,,state,,paused,enabled,spend_wk,campaign,0,0,2026-09-16,,,,,,
refund gate pause,D-LC-SP-EXACT-RAN-DO-(Curtains|Blackout)-(LINEN-CURTAIN-52x84-NATURAL-2-PCS)-(84 blackout curtains),campaign,,,state,,paused,enabled,spend_wk,campaign,0,0,2026-09-16,,,,,,
refund gate pause,D-LC-SP-PHRASE-RAN-DO-(Linen|Curtains)-(LINEN-CURTAIN-52x84-NATURAL-2-PCS)-(linen curtains natural fabric),campaign,,,state,,paused,enabled,spend_wk,campaign,0,0,2026-09-16,,,,,,
refund gate pause,D-Linen Curtains-SP-Exact-Ranking-Fixed-LINEN-CURTAIN-52x84-NATURAL-2-PCS-B0F639CWS1 - linen lined curtains,campaign,,,state,,paused,enabled,spend_wk,campaign,0,0,2026-09-16,,,,,,
refund gate pause,D-LC-SP-EXACT-RAN-DO-(Curtains|Blackout)-(LINEN-CURTAIN-52x84-NATURAL-2-PCS)-(84 inch curtains blackout),campaign,,,state,,paused,enabled,spend_wk,campaign,0,0,2026-09-16,,,,,,
refund gate pause,D-LC-SP-EXACT-RAN-DO-(Curtains|Blackout)-(LINEN-CURTAIN-52x84-NATURAL-2-PCS)-(livingroom blackout curtains),campaign,,,state,,paused,enabled,spend_wk,campaign,0,0,2026-09-16,,,,,,
refund gate pause,D-LC-SP-PAT-B0DBLRPBT6-LINEN-CURTAIN-52x84-NATURAL-2-PCS,campaign,,,state,,paused,enabled,spend_wk,campaign,0,0,2026-09-16,,,,,,
refund gate pause,D-LC-SP-bedroom black out curtains-(Blackout)-MSV-Exact-Conv-DO-LINEN-CURTAIN-52x96-NATURAL-2-PCS,campaign,,,state,,paused,enabled,spend_wk,campaign,0,0,2026-09-16,,,,,,
refund gate pause,D-LC-SP-B0F639CWS1-Exact-Def-DO-LINEN-CURTAIN-52x84-NATURAL-2-PCS,campaign,,,state,,paused,enabled,spend_wk,campaign,0,0,2026-09-16,,,,,,
refund gate pause,D-LC-SP-cortinas blackout para dormitorio largas-(Blackout-ES)-LSV-Exact-Conv-DO-LINEN-CURTAIN-52x96-NATURAL-2-PCS,campaign,,,state,,paused,enabled,spend_wk,campaign,0,0,2026-09-16,,,,,,
refund gate pause,D-Linen Curtains-SP-Exact-Ranking-Fixed-LINEN-CURTAIN-52x84-NATURAL-2-PCS-B0F639CWS1 - 84 inch curtains linen,campaign,,,state,,paused,enabled,spend_wk,campaign,0,0,2026-09-16,,,,,,
refund gate pause,D-LC-SP-B0F6366Z7N-Exact-Def-DO-LINEN-CURTAIN-52x96-NATURAL-2-PCS,campaign,,,state,,paused,enabled,spend_wk,campaign,0,0,2026-09-16,,,,,,
refund gate pause,D-Linen Curtains-SP-Exact-Ranking-Fixed-LINEN-CURTAIN-52x84-NATURAL-2-PCS-B0F639CWS1 - linen panels curtains,campaign,,,state,,paused,enabled,spend_wk,campaign,0,0,2026-09-16,,,,,,
refund gate pause,D-LC-SP-window darkening curtains-(Blackout)-LSV-Exact-Conv-DO-LINEN-CURTAIN-52x96-NATURAL-2-PCS,campaign,,,state,,paused,enabled,spend_wk,campaign,0,0,2026-09-16,,,,,,
refund gate pause,D-LC-SP-B0F6392CDG-Exact-Def-DO-LINEN-CURTAIN-52x96-IVORY-2-PCS,campaign,,,state,,paused,enabled,spend_wk,campaign,0,0,2026-09-16,,,,,,
refund gate pause,D-LC-SP-cortina blackout para cuarto-(Blackout-ES)-HSV-Exact-Conv-DO-LINEN-CURTAIN-52x96-NATURAL-2-PCS,campaign,,,state,,paused,enabled,spend_wk,campaign,0,0,2026-09-16,,,,,,
refund gate pause,D-LC-SP-linen blackout curtains 96 + inches long-(Linen)-HSV-Exact-Conv-DO-LINEN-CURTAIN-52x96-BEIGE-2-PCS,campaign,,,state,,paused,enabled,spend_wk,campaign,0,0,2026-09-16,,,,,,
refund gate pause,D-LC-SP-cortinas para habitacion blackout-(Blackout-ES)-LSV-Exact-Conv-DO-LINEN-CURTAIN-52x96-NATURAL-2-PCS,campaign,,,state,,paused,enabled,spend_wk,campaign,0,0,2026-09-16,,,,,,
refund gate pause,D-LC-SP-EXACT-RAN-DO-(Curtains|Blackout|Sliding Door)-(LINEN-CURTAIN-52x84-NATURAL-2-PCS)-(sliding door curtains blackout),campaign,,,state,,paused,enabled,spend_wk,campaign,0,0,2026-09-16,,,,,,
refund gate pause,D-LC-SP-black out curtains thermal insulated-(Blackout)-MSV-Exact-Conv-DO-LINEN-CURTAIN-52x96-NATURAL-2-PCS,campaign,,,state,,paused,enabled,spend_wk,campaign,0,0,2026-09-16,,,,,,
refund gate pause,D-LC-SP-PAT-B0DR49RC45-LINEN-CURTAIN-52x84-NATURAL-2-PCS,campaign,,,state,,paused,enabled,spend_wk,campaign,0,0,2026-09-16,,,,,,
refund gate pause,D-LC-SP-two drapes blackout curtains-(Blackout)-MSV-Exact-Conv-DO-LINEN-CURTAIN-52x96-NATURAL-2-PCS,campaign,,,state,,paused,enabled,spend_wk,campaign,0,0,2026-09-16,,,,,,
refund gate pause,D-Linen Curtains-SP-Exact-Ranking-Fixed-LINEN-CURTAIN-52x120-NATURAL-2-PCS-B0F63C3Z95-faux linen blackout curtains 52x120,campaign,,,state,,paused,enabled,spend_wk,campaign,0,0,2026-09-16,,,,,,
refund gate pause,D-LC-SP-ivory linen curtains 96 inches long-(Linen)-LSV-Exact-Conv-DO-LINEN-CURTAIN-52x96-IVORY-2-PCS,campaign,,,state,,paused,enabled,spend_wk,campaign,0,0,2026-09-16,,,,,,
refund gate pause,D-LC-SP-blackout drapes curtains-(Blackout)-MSV-Exact-Conv-DO-LINEN-CURTAIN-52x96-NATURAL-2-PCS,campaign,,,state,,paused,enabled,spend_wk,campaign,0,0,2026-09-16,,,,,,
refund gate pause,D-LC-SP-black out drapes for bedroom-(Blackout)-HSV-Exact-Conv-DO-LINEN-CURTAIN-52x96-NATURAL-2-PCS,campaign,,,state,,paused,enabled,spend_wk,campaign,0,0,2026-09-16,,,,,,
refund gate pause,D-Linen Curtains-SP-Exact-Ranking-Fixed-LINEN-CURTAIN-52x84-NATURAL-2-PCS-B0F639CWS1 - linen pleated curtains,campaign,,,state,,paused,enabled,spend_wk,campaign,0,0,2026-09-16,,,,,,
refund gate pause,D-LC-SP-linen curtains 96 + inches long-(Linen)-MSV-Exact-Conv-DO-LINEN-CURTAIN-52x96-BEIGE-2-PCS,campaign,,,state,,paused,enabled,spend_wk,campaign,0,0,2026-09-16,,,,,,
refund gate pause,D-LC-SP-PAT-B0D8KY5HVQ-LINEN-CURTAIN-52x84-NATURAL-2-PCS,campaign,,,state,,paused,enabled,spend_wk,campaign,0,0,2026-09-16,,,,,,
refund gate pause,D-Linen Curtains-SP-Exact-Ranking-Fixed-LINEN-CURTAIN-52x84-NATURAL-2-PCS-B0F639CWS1 - pinch pleated linen curtains,campaign,,,state,,paused,enabled,spend_wk,campaign,0,0,2026-09-16,,,,,,
refund gate pause,D-LC-SP-EXACT-RAN-DO-(Curtains|Blackout|Bedroom)-(LINEN-CURTAIN-52x84-NATURAL-2-PCS)-(blackout thermal curtains for bedroom),campaign,,,state,,paused,enabled,spend_wk,campaign,0,0,2026-09-16,,,,,,
refund gate pause,D-LC-SP-PAT-B0DFWNNRZT-LINEN-CURTAIN-52x84-NATURAL-2-PCS,campaign,,,state,,paused,enabled,spend_wk,campaign,0,0,2026-09-16,,,,,,
refund gate pause,D-LC-SP-blackout curtains for dorm room-(Blackout)-HSV-Exact-Conv-DO-LINEN-CURTAIN-52x96-NATURAL-2-PCS,campaign,,,state,,paused,enabled,spend_wk,campaign,0,0,2026-09-16,,,,,,
refund gate pause,D-Linen Curtains-SP-Exact-Ranking-Fixed-LINEN-CURTAIN-52x84-NATURAL-2-PCS-B0F639CWS1 - high end linen curtains,campaign,,,state,,paused,enabled,spend_wk,campaign,0,0,2026-09-16,,,,,,
refund gate pause,D-LC-SP-curtain blackout linen-(Linen)-LSV-Exact-Conv-DO-LINEN-CURTAIN-52x96-NATURAL-2-PCS,campaign,,,state,,paused,enabled,spend_wk,campaign,0,0,2026-09-16,,,,,,
refund gate pause,D-LC-SP-PAT-B0FK58S5VW-LINEN-CURTAIN-52x84-NATURAL-2-PCS,campaign,,,state,,paused,enabled,spend_wk,campaign,0,0,2026-09-16,,,,,,
refund gate pause,D-Linen Curtains-SP-Exact-Ranking-Fixed-LINEN-CURTAIN-52x84-NATURAL-2-PCS-B0F639CWS1 - farmhouse linen curtains,campaign,,,state,,paused,enabled,spend_wk,campaign,0,0,2026-09-16,,,,,,
refund gate pause,D-LC-SP-linen curtain panels-(Linen)-HSV-Exact-Conv-DO-LINEN-CURTAIN-52x84-NATURAL-2-PCS,campaign,,,state,,paused,enabled,spend_wk,campaign,0,0,2026-09-16,,,,,,
refund gate pause,D-LC-SP-black out thermal curtains-(Blackout)-HSV-Exact-Conv-DO-LINEN-CURTAIN-52x96-NATURAL-2-PCS,campaign,,,state,,paused,enabled,spend_wk,campaign,0,0,2026-09-16,,,,,,
refund gate pause,D-LC-SP-cream blackout curtains 96 + inches long-(Blackout)-LSV-Exact-Conv-DO-LINEN-CURTAIN-52x96-IVORY-2-PCS,campaign,,,state,,paused,enabled,spend_wk,campaign,0,0,2026-09-16,,,,,,
refund gate pause,D-LC-SP-96 inch faux linen curtains 2 panel-(Linen)-LSV-Exact-Conv-DO-LINEN-CURTAIN-52x96-BEIGE-2-PCS,campaign,,,state,,paused,enabled,spend_wk,campaign,0,0,2026-09-16,,,,,,
refund gate pause,D-Linen Curtains-SP-Exact-Ranking-Fixed-LINEN-CURTAIN-52x84-NATURAL-2-PCS-B0F639CWS1 - pleated linen curtains,campaign,,,state,,paused,enabled,spend_wk,campaign,0,0,2026-09-16,,,,,,
refund gate pause,D-LC-SP-blackout curtains renter friendly-(Blackout)-HSV-Exact-Conv-DO-LINEN-CURTAIN-52x96-NATURAL-2-PCS,campaign,,,state,,paused,enabled,spend_wk,campaign,0,0,2026-09-16,,,,,,
refund gate pause,D-LC-SP-dorm blackout curtains-(Blackout)-HSV-Exact-Conv-DO-LINEN-CURTAIN-52x96-NATURAL-2-PCS,campaign,,,state,,paused,enabled,spend_wk,campaign,0,0,2026-09-16,,,,,,
refund gate pause,D-LC-SP-textured fabric curtains linen-(Linen)-LSV-Exact-Conv-DO-LINEN-CURTAIN-52x84-NATURAL-2-PCS,campaign,,,state,,paused,enabled,spend_wk,campaign,0,0,2026-09-16,,,,,,
refund gate pause,D-LC-SP-PAT-B0F7GY74WD-LINEN-CURTAIN-52x84-NATURAL-2-PCS,campaign,,,state,,paused,enabled,spend_wk,campaign,0,0,2026-09-16,,,,,,
refund gate pause,D-LC-SP-EXACT-RAN-DO-(Curtains|Blackout)-(LINEN-CURTAIN-52x84-NATURAL-2-PCS)-(blackout curtains 84 inches),campaign,,,state,,paused,enabled,spend_wk,campaign,0,0,2026-09-16,,,,,,
refund gate pause,D-LC-SP-linen curtains 2 panel bedroom-(Linen)-HSV-Exact-Conv-DO-LINEN-CURTAIN-52x84-NATURAL-2-PCS,campaign,,,state,,paused,enabled,spend_wk,campaign,0,0,2026-09-16,,,,,,
refund gate pause,D-LC-SP-cortinas black out-(Blackout-ES)-MSV-Exact-Conv-DO-LINEN-CURTAIN-52x96-NATURAL-2-PCS,campaign,,,state,,paused,enabled,spend_wk,campaign,0,0,2026-09-16,,,,,,
refund gate pause,D-LC-SP-darkening curtains for living room-(Blackout)-HSV-Exact-Conv-DO-LINEN-CURTAIN-52x96-NATURAL-2-PCS,campaign,,,state,,paused,enabled,spend_wk,campaign,0,0,2026-09-16,,,,,,
refund gate pause,D-LC-SP-EXACT-RAN-DO-(Curtains|Blackout|Bedroom)-(LINEN-CURTAIN-52x84-NATURAL-2-PCS)-(total blackout curtains for bedroom),campaign,,,state,,paused,enabled,spend_wk,campaign,0,0,2026-09-16,,,,,,
refund gate pause,D-LC-SP-PAT-B0FK5859JV-LINEN-CURTAIN-52x84-NATURAL-2-PCS,campaign,,,state,,paused,enabled,spend_wk,campaign,0,0,2026-09-16,,,,,,
refund gate pause,D-LC-SP-bedroom black out curtains 2 panel sets-(Blackout)-MSV-Exact-Conv-DO-LINEN-CURTAIN-52x96-NATURAL-2-PCS,campaign,,,state,,paused,enabled,spend_wk,campaign,0,0,2026-09-16,,,,,,
refund gate pause,D-LC-SP-light blocking curtains for bedroom-(Blackout)-MSV-Exact-Conv-DO-LINEN-CURTAIN-52x84-NATURAL-2-PCS,campaign,,,state,,paused,enabled,spend_wk,campaign,0,0,2026-09-16,,,,,,
refund gate pause,D-LC-SP-blackout panel curtains-(Blackout)-LSV-Exact-Conv-DO-LINEN-CURTAIN-52x96-NATURAL-2-PCS,campaign,,,state,,paused,enabled,spend_wk,campaign,0,0,2026-09-16,,,,,,
refund gate pause,D-Linen Curtains-SP-Exact-Ranking-Fixed-LINEN-CURTAIN-52x84-NATURAL-2-PCS-B0F639CWS1 - linen curtains neutral colors,campaign,,,state,,paused,enabled,spend_wk,campaign,0,0,2026-09-16,,,,,,
refund gate pause,D-LC-SP-black out curtains 2 panel-(Blackout)-HSV-Exact-Conv-DO-LINEN-CURTAIN-52x96-NATURAL-2-PCS,campaign,,,state,,paused,enabled,spend_wk,campaign,0,0,2026-09-16,,,,,,
refund gate pause,D-LC-SP-small black out curtains-(Blackout)-HSV-Exact-Conv-DO-LINEN-CURTAIN-52x96-NATURAL-2-PCS,campaign,,,state,,paused,enabled,spend_wk,campaign,0,0,2026-09-16,,,,,,
refund gate pause,D-LC-SP-EXACT-RAN-DO-(Curtains|Blackout)-(LINEN-CURTAIN-52x84-NATURAL-2-PCS)-(blackout curtains 84 inch 2 panels),campaign,,,state,,paused,enabled,spend_wk,campaign,0,0,2026-09-16,,,,,,
refund gate pause,D-LC-SP-black out window curtain-(Blackout)-HSV-Exact-Conv-DO-LINEN-CURTAIN-52x96-NATURAL-2-PCS,campaign,,,state,,paused,enabled,spend_wk,campaign,0,0,2026-09-16,,,,,,
refund gate pause,D-LC-SP-EXACT-RAN-DO-(Curtains|Blackout|Bedroom)-(LINEN-CURTAIN-52x84-NATURAL-2-PCS)-(blackout curtain panels bedroom),campaign,,,state,,paused,enabled,spend_wk,campaign,0,0,2026-09-16,,,,,,
refund gate pause,D-Linen Curtains-SP-Exact-Ranking-Fixed-LINEN-CURTAIN-52x84-NATURAL-2-PCS-B0F639CWS1 - linen living room curtains,campaign,,,state,,paused,enabled,spend_wk,campaign,0,0,2026-09-16,,,,,,
refund gate pause,D-LC-SP-EXACT-RAN-DO-(Linen|Curtains|Blackout)-(LINEN-CURTAIN-52x84-NATURAL-2-PCS)-(natural flax linen curtains blackout),campaign,,,state,,paused,enabled,spend_wk,campaign,0,0,2026-09-16,,,,,,
refund gate pause,D-LC-SP-PAT-B0FK58Y375-LINEN-CURTAIN-52x84-NATURAL-2-PCS,campaign,,,state,,paused,enabled,spend_wk,campaign,0,0,2026-09-16,,,,,,
refund gate pause,D-Linen Curtains-SP-Exact-Ranking-Fixed-LINEN-CURTAIN-52x84-NATURAL-2-PCS-B0F639CWS1 - liz linen drape pleated curtains,campaign,,,state,,paused,enabled,spend_wk,campaign,0,0,2026-09-16,,,,,,
refund gate pause,D-LC-SP-natural linen curtains 96 inches long-(Linen)-LSV-Exact-Conv-DO-LINEN-CURTAIN-52x96-NATURAL-2-PCS,campaign,,,state,,paused,enabled,spend_wk,campaign,0,0,2026-09-16,,,,,,
refund gate pause,D-LC-SP-blackout curtains light blocking-(Blackout)-LSV-Exact-Conv-DO-LINEN-CURTAIN-52x96-NATURAL-2-PCS,campaign,,,state,,paused,enabled,spend_wk,campaign,0,0,2026-09-16,,,,,,
refund gate pause,D-Linen Curtains-SP-Exact-Ranking-Fixed-LINEN-CURTAIN-52x84-NATURAL-2-PCS-B0F639CWS1 - long linen curtains,campaign,,,state,,paused,enabled,spend_wk,campaign,0,0,2026-09-16,,,,,,
refund gate pause,D-LC-SP-EXACT-RAN-DO-(Curtains|Blackout|Bedroom)-(LINEN-CURTAIN-52x84-NATURAL-2-PCS)-(blackout curtains for bedroom long),campaign,,,state,,paused,enabled,spend_wk,campaign,0,0,2026-09-16,,,,,,
refund gate pause,D-LC-SP-PHRASE-RAN-DO-(Curtains|Blackout)-(LINEN-CURTAIN-52x96-IVORY-2-PCS)-(96 inch curtains 2 panel set blackout),campaign,,,state,,paused,enabled,spend_wk,campaign,0,0,2026-09-16,,,,,,
refund gate pause,D-LC-SP-linen curtains room darkening-(Linen)-LSV-Exact-Conv-DO-LINEN-CURTAIN-52x96-NATURAL-2-PCS,campaign,,,state,,paused,enabled,spend_wk,campaign,0,0,2026-09-16,,,,,,
refund gate pause,D-LC-SP-energy efficient blackout curtains for bedroom-(Blackout)-LSV-Exact-Conv-DO-LINEN-CURTAIN-52x96-NATURAL-2-PCS,campaign,,,state,,paused,enabled,spend_wk,campaign,0,0,2026-09-16,,,,,,
net-negative pause,D-LC-SP-EXACT-blackout curtain-LINEN-CURTAIN-52x90-BEIGE-2-PCS,campaign,,,state,,paused,enabled,spend_wk,campaign,0,5.6,2026-09-16,,,"spend on these 82 campaigns falls to 0; the $32.99 of sales they carried is already net-negative after returns, so contribution improves",2026-09-23,"if total product orders fall more than 15% below the 30-day average over any 5 consecutive days, re-enable only the campaigns that held an order, at the prior budget",These 82 campaigns are net-negative after refunds: 1 order and $32.99 of sales against $72.95 of spend and 3 recorded returns.
net-negative pause,D-LC-SP-EXACT-RAN-DO-(Curtains|Blackout|Bedroom)-(LINEN-CURTAIN-52x90-BEIGE-2-PCS)-(blackout curtain bedroom),campaign,,,state,,paused,enabled,spend_wk,campaign,0,4.44,2026-09-16,,,,,,
net-negative pause,D-LC-SP-BROAD-RAN-DO-(Linen|Curtains|Blackout)-(LINEN-CURTAIN-52x90-BEIGE-2-PCS)-(beige linen blackout curtains),campaign,,,state,,paused,enabled,spend_wk,campaign,0,0,2026-09-16,,,,,,
net-negative pause,D-LC-SP-EXACT-RAN-DO-(Curtains|Blackout)-(LINEN-CURTAIN-52x90-BEIGE-2-PCS)-(52x90 blackout curtains 2 panels),campaign,,,state,,paused,enabled,spend_wk,campaign,0,0,2026-09-16,,,,,,
net-negative pause,D-LC-SP-PHRASE-RAN-DO-(Curtains|Blackout)-(LINEN-CURTAIN-52x90-BEIGE-2-PCS)-(beige blackout curtains),campaign,,,state,,paused,enabled,spend_wk,campaign,0,0,2026-09-16,,,,,,
net-negative pause,D-LC-SP-BROAD-RAN-DO-(Curtains|Blackout|Bedroom)-(LINEN-CURTAIN-52x90-BEIGE-2-PCS)-(beige blackout curtains for bedroom),campaign,,,state,,paused,enabled,spend_wk,campaign,0,0,2026-09-16,,,,,,
net-negative pause,D-LC-SP-EXACT-RAN-DO-(Curtains|Blackout)-(LINEN-CURTAIN-52x90-LIGHT-GREY-2-PCS)-(grey blackout curtains),campaign,,,state,,paused,enabled,spend_wk,campaign,0,0,2026-09-16,,,,,,
net-negative pause,D-LC-SP-EXACT-RAN-DO-(Curtains|Blackout)-(LINEN-CURTAIN-52x90-BEIGE-2-PCS)-(thermal blackout curtains),campaign,,,state,,paused,enabled,spend_wk,campaign,0,0,2026-09-16,,,,,,
net-negative pause,D-LC-SP-BROAD-RAN-DO-(Linen|Curtains)-(LINEN-CURTAIN-52x90-BEIGE-2-PCS)-(linen beige curtains),campaign,,,state,,paused,enabled,spend_wk,campaign,0,0.56,2026-09-16,,,,,,
net-negative pause,D-LC-SP-EXACT-RAN-DO-(Curtains|Blackout)-(LINEN-CURTAIN-52x90-BEIGE-2-PCS)-(blackout curtains 90 inches long),campaign,,,state,,paused,enabled,spend_wk,campaign,0,0,2026-09-16,,,,,,
net-negative pause,D-LC-SP-blackout curtain 120 inches long-(Blackout)-LSV-Exact-Conv-DO-LINEN-CURTAIN-52x120-LINEN-2-PCS,campaign,,,state,,paused,enabled,spend_wk,campaign,0,1.5,2026-09-16,,,,,,
net-negative pause,D-LC-SP-EXACT-RAN-DO-(Curtains|Blackout)-(LINEN-CURTAIN-52x90-BEIGE-2-PCS)-(90 inch blackout curtains),campaign,,,state,,paused,enabled,spend_wk,campaign,0,0,2026-09-16,,,,,,
net-negative pause,D-LC-SP-EXACT-RAN-DO-(Curtains|Blackout)-(LINEN-CURTAIN-52x90-BEIGE-2-PCS)-(curtains blackout),campaign,,,state,,paused,enabled,spend_wk,campaign,0,0,2026-09-16,,,,,,
net-negative pause,D-LC-SP-PHRASE-RAN-DO-(Curtains)-(LINEN-CURTAIN-52x90-LINEN-2-PCS)-(90 inch curtains),campaign,,,state,,paused,enabled,spend_wk,campaign,0,0,2026-09-16,,,,,,
net-negative pause,D-LC-SP-EXACT-RAN-DO-(Linen|Curtains|Blackout)-(LINEN-CURTAIN-52x90-BEIGE-2-PCS)-(linen blackout curtain),campaign,,,state,,paused,enabled,spend_wk,campaign,0,0.85,2026-09-16,,,,,,
net-negative pause,D-LC-SP-EXACT-RAN-DO-(Curtains|Blackout)-(LINEN-CURTAIN-52x90-BEIGE-2-PCS)-(beige curtains blackout),campaign,,,state,,paused,enabled,spend_wk,campaign,0,0,2026-09-16,,,,,,
net-negative pause,D-LC-SP-black out curtains 84 inch long-(Blackout)-VHSV-Exact-Conv-DO-LINEN-CURTAIN-52x84-BEIGE-2-PCS,campaign,,,state,,paused,enabled,spend_wk,campaign,0,0,2026-09-16,,,,,,
net-negative pause,D-LC-SP-EXACT-RAN-DO-(Curtains|Blackout)-(LINEN-CURTAIN-52x90-BEIGE-2-PCS)-(52 x 90 blackout curtains),campaign,,,state,,paused,enabled,spend_wk,campaign,0,0,2026-09-16,,,,,,
net-negative pause,D-LC-SP-EXACT-RAN-DO-(Curtains|Blackout)-(LINEN-CURTAIN-52x90-BEIGE-2-PCS)-(90 blackout curtains),campaign,,,state,,paused,enabled,spend_wk,campaign,0,0,2026-09-16,,,,,,
net-negative pause,D-LC-SP-greige blackout curtains-(Blackout)-HSV-Exact-Conv-DO-LINEN-CURTAIN-52x84-LIGHT-BEIGE-2-PCS,campaign,,,state,,paused,enabled,spend_wk,campaign,0,0,2026-09-16,,,,,,
net-negative pause,D-LC-SP-black out curtains 120 inches long-(Blackout)-MSV-Exact-Conv-DO-LINEN-CURTAIN-52x120-LINEN-2-PCS,campaign,,,state,,paused,enabled,spend_wk,campaign,0,4.5,2026-09-16,,,,,,
net-negative pause,D-LC-SP-EXACT-RAN-DO-(Curtains|Blackout|Living Room)-(52x90-BEIGE-2-PCS)-(thermal insulated blackout curtains for living room),campaign,,,state,,paused,enabled,spend_wk,campaign,0,0,2026-09-16,,,,,,
net-negative pause,D-LC-SP-EXACT-RAN-DO-(Curtains|Blackout)-(LINEN-CURTAIN-52x90-BEIGE-2-PCS)-(window curtains blackout),campaign,,,state,,paused,enabled,spend_wk,campaign,0,0,2026-09-16,,,,,,
net-negative pause,D-LC-SP-EXACT-RAN-DO-(Curtains|Blackout)-(LINEN-CURTAIN-52x90-BEIGE-2-PCS)-(blackout curtains beige),campaign,,,state,,paused,enabled,spend_wk,campaign,0,0,2026-09-16,,,,,,
net-negative pause,D-LC-SP-EXACT-RAN-DO-(Curtains|Blackout|Living Room)-(LINEN-CURTAIN-52x90-BEIGE-2-PCS)-(blackout curtains for living room),campaign,,,state,,paused,enabled,spend_wk,campaign,0,0,2026-09-16,,,,,,
net-negative pause,D-LC-SP-PHRASE-RAN-DO-(Linen|Curtains)-(LINEN-CURTAIN-52x90-BEIGE-2-PCS)-(beige linen curtains),campaign,,,state,,paused,enabled,spend_wk,campaign,0,0,2026-09-16,,,,,,
net-negative pause,D-LC-SP-PHRASE-RAN-DO-(Curtains|Blackout)-(LINEN-CURTAIN-52x90-BEIGE-2-PCS)-(blackout curtains beige),campaign,,,state,,paused,enabled,spend_wk,campaign,0,0,2026-09-16,,,,,,
net-negative pause,D-LC-SP-EXACT-RAN-DO-(Curtains|Blackout)-(LINEN-CURTAIN-52x90-BEIGE-2-PCS)-(complete blackout curtains),campaign,,,state,,paused,enabled,spend_wk,campaign,0,0,2026-09-16,,,,,,
net-negative pause,D-LC-SP-EXACT-RAN-DO-(Curtains|Blackout|Bedroom)-(LINEN-CURTAIN-52x90-BEIGE-2-PCS)-(bedroom blackout curtains),campaign,,,state,,paused,enabled,spend_wk,campaign,0,0,2026-09-16,,,,,,
net-negative pause,D-LC-SP-EXACT-RAN-DO-(Curtains|Blackout|Living Room)-(LINEN-CURTAIN-52x90-BEIGE-2-PCS)-(blackout curtains living room),campaign,,,state,,paused,enabled,spend_wk,campaign,0,0,2026-09-16,,,,,,
net-negative pause,D-LC-SP-EXACT-RAN-DO-(Linen|Curtains|Blackout)-(LINEN-CURTAIN-52x90-BEIGE-2-PCS)-(blackout lined linen curtains),campaign,,,state,,paused,enabled,spend_wk,campaign,0,0,2026-09-16,,,,,,
net-negative pause,D-LC-SP-black out curtains 90 inch long-(Blackout)-HSV-Exact-Conv-DO-LINEN-CURTAIN-52x90-LIGHT-GREY-2-PCS,campaign,,,state,,paused,enabled,spend_wk,campaign,0,0,2026-09-16,,,,,,
net-negative pause,D-LC-SP-EXACT-RAN-DO-(Curtains|Blackout|Bedroom)-(52x90-BEIGE-2-PCS)-(thermal insulated blackout curtains for bedroom),campaign,,,state,,paused,enabled,spend_wk,campaign,0,0,2026-09-16,,,,,,
net-negative pause,D-LC-SP-EXACT-RAN-DO-(Curtains|Blackout|Bedroom)-(LINEN-CURTAIN-52x90-BEIGE-2-PCS)-(neutral blackout curtains for bedroom),campaign,,,state,,paused,enabled,spend_wk,campaign,0,0,2026-09-16,,,,,,
net-negative pause,D-LC-SP-EXACT-RAN-DO-(Linen|Curtains|Blackout|Bedroom)-(LINEN-CURTAIN-52x90-BEIGE-2-PCS)-(linen blackout curtains for bedroom),campaign,,,state,,paused,enabled,spend_wk,campaign,0,0,2026-09-16,,,,,,
net-negative pause,D-LC-SP-EXACT-RAN-DO-(Linen|Curtains|Blackout)-(LINEN-CURTAIN-52x90-BEIGE-2-PCS)-(blackout curtain linen),campaign,,,state,,paused,enabled,spend_wk,campaign,0,0,2026-09-16,,,,,,
net-negative pause,D-LC-SP-EXACT-RAN-DO-(Curtains|Blackout)-(LINEN-CURTAIN-52x90-BEIGE-2-PCS)-(90 inch curtains blackout),campaign,,,state,,paused,enabled,spend_wk,campaign,0,0,2026-09-16,,,,,,
net-negative pause,D-LC-SP-room darkening curtains 84 inches long-(Blackout)-HSV-Exact-Conv-DO-LINEN-CURTAIN-52x84-BEIGE-2-PCS,campaign,,,state,,paused,enabled,spend_wk,campaign,0,1.1,2026-09-16,,,,,,
net-negative pause,D-LC-SP-EXACT-RAN-DO-(Curtains|Blackout)-(LINEN-CURTAIN-52x90-BEIGE-2-PCS)-(blackout curtains 2 panel set),campaign,,,state,,paused,enabled,spend_wk,campaign,0,0,2026-09-16,,,,,,
net-negative pause,D-LC-SP-off white blackout curtains-(Blackout)-HSV-Exact-Conv-DO-LINEN-CURTAIN-52x84-IVORY-2-PCS,campaign,,,state,,paused,enabled,spend_wk,campaign,0,0,2026-09-16,,,,,,
net-negative pause,D-LC-SP-beige linen curtains-(Linen)-HSV-Exact-Conv-DO-LINEN-CURTAIN-52x84-BEIGE-2-PCS,campaign,,,state,,paused,enabled,spend_wk,campaign,0,0,2026-09-16,,,,,,
net-negative pause,D-LC-SP-EXACT-RAN-DO-(Curtains|Blackout)-(LINEN-CURTAIN-52x90-BEIGE-2-PCS)-(beige blackout curtains),campaign,,,state,,paused,enabled,spend_wk,campaign,0,0,2026-09-16,,,,,,
net-negative pause,D-LC-SP-PHRASE-RAN-DO-(Curtains|Blackout)-(LINEN-CURTAIN-52x90-BEIGE-2-PCS)-(beige curtains blackout),campaign,,,state,,paused,enabled,spend_wk,campaign,0,0,2026-09-16,,,,,,
net-negative pause,D-LC-SP-EXACT-RAN-DO-(Curtains|Blackout)-(LINEN-CURTAIN-52x90-BEIGE-2-PCS)-(90 blackout curtains 2 panel set),campaign,,,state,,paused,enabled,spend_wk,campaign,0,0,2026-09-16,,,,,,
net-negative pause,D-LC-SP-EXACT-RAN-DO-(Curtains|Blackout)-(LINEN-CURTAIN-52x84-BEIGE-2-PCS)-(beige blackout curtains 84 inches long),campaign,,,state,,paused,enabled,spend_wk,campaign,0,1.1,2026-09-16,,,,,,
net-negative pause,D-LC-SP-linen curtains 120 inches long-(Linen)-LSV-Exact-Conv-DO-LINEN-CURTAIN-52x120-LINEN-2-PCS,campaign,,,state,,paused,enabled,spend_wk,campaign,0,1.8,2026-09-16,,,,,,
net-negative pause,D-LC-SP-EXACT-RAN-DO-(Curtains|Blackout)-(LINEN-CURTAIN-52x90-BEIGE-2-PCS)-(wide panel blackout curtains 52 inch),campaign,,,state,,paused,enabled,spend_wk,campaign,0,0,2026-09-16,,,,,,
net-negative pause,D-LC-SP-EXACT-RAN-DO-(Curtains|Blackout)-(LINEN-CURTAIN-52x90-BEIGE-2-PCS)-(long blackout curtains),campaign,,,state,,paused,enabled,spend_wk,campaign,0,0,2026-09-16,,,,,,
net-negative pause,D-LC-SP-blackout curtains 120-(Blackout)-LSV-Exact-Conv-DO-LINEN-CURTAIN-52x120-LINEN-2-PCS,campaign,,,state,,paused,enabled,spend_wk,campaign,0,2.6,2026-09-16,,,,,,
net-negative pause,D-LC-SP-120 inch linen curtains-(Linen)-MSV-Exact-Conv-DO-LINEN-CURTAIN-52x120-LINEN-2-PCS,campaign,,,state,,paused,enabled,spend_wk,campaign,0,1.8,2026-09-16,,,,,,
net-negative pause,D-LC-SP-EXACT-RAN-DO-(Curtains|Blackout)-(LINEN-CURTAIN-52x90-BEIGE-2-PCS)-(curtains blackout 90 inches long),campaign,,,state,,paused,enabled,spend_wk,campaign,0,0,2026-09-16,,,,,,
net-negative pause,D-LC-SP-EXACT-RAN-DO-(Curtains|Blackout)-(LINEN-CURTAIN-52x90-BEIGE-2-PCS)-(luxury blackout curtains),campaign,,,state,,paused,enabled,spend_wk,campaign,0,1.1,2026-09-16,,,,,,
net-negative pause,D-LC-SP-PHRASE-RAN-DO-(Curtains|Blackout)-(LINEN-CURTAIN-52x90-BEIGE-2-PCS)-(blackout beige curtains),campaign,,,state,,paused,enabled,spend_wk,campaign,0,0,2026-09-16,,,,,,
net-negative pause,D-LC-SP-EXACT-RAN-DO-(Curtains|Blackout|Bedroom)-(LINEN-CURTAIN-52x90-BEIGE-2-PCS)-(curtain blackout bedroom),campaign,,,state,,paused,enabled,spend_wk,campaign,0,0,2026-09-16,,,,,,
net-negative pause,D-LC-SP-EXACT-RAN-DO-(Curtains|Blackout|Living Room)-(LINEN-CURTAIN-52x90-BEIGE-2-PCS)-(living room curtains blackout),campaign,,,state,,paused,enabled,spend_wk,campaign,0,0,2026-09-16,,,,,,
net-negative pause,D-LC-SP-EXACT-RAN-DO-(Curtains|Blackout|Bedroom)-(LINEN-CURTAIN-52x90-BEIGE-2-PCS)-(long blackout curtains for bedroom),campaign,,,state,,paused,enabled,spend_wk,campaign,0,0,2026-09-16,,,,,,
net-negative pause,D-LC-SP-EXACT-RAN-DO-(Curtains|Blackout)-(LINEN-CURTAIN-52x90-BEIGE-2-PCS)-(blackout curtains with rings),campaign,,,state,,paused,enabled,spend_wk,campaign,0,0,2026-09-16,,,,,,
net-negative pause,D-LC-SP-EXACT-RAN-DO-(Curtains|Blackout|Bedroom)-(LINEN-CURTAIN-52x90-BEIGE-2-PCS)-(bedroom curtains 2 panel sets blackout),campaign,,,state,,paused,enabled,spend_wk,campaign,0,0,2026-09-16,,,,,,
net-negative pause,D-LC-SP-EXACT-RAN-DO-(Linen|Curtains|Blackout)-(LINEN-CURTAIN-52x90-BEIGE-2-PCS)-(flax linen blackout curtains),campaign,,,state,,paused,enabled,spend_wk,campaign,0,0,2026-09-16,,,,,,
net-negative pause,D-LC-SP-black out drapes 84 inch length 2 panels set-(Blackout)-MSV-Exact-Conv-DO-LINEN-CURTAIN-52x84-BEIGE-2-PCS,campaign,,,state,,paused,enabled,spend_wk,campaign,0,0,2026-09-16,,,,,,
net-negative pause,D-LC-SP-EXACT-RAN-DO-(Curtains|Blackout)-(LINEN-CURTAIN-52x90-BEIGE-2-PCS)-(sun blackout curtains),campaign,,,state,,paused,enabled,spend_wk,campaign,0,0,2026-09-16,,,,,,
net-negative pause,D-LC-SP-EXACT-RAN-DO-(Curtains|Blackout)-(LINEN-CURTAIN-52x90-BEIGE-2-PCS)-(neutral blackout curtains),campaign,,,state,,paused,enabled,spend_wk,campaign,0,0,2026-09-16,,,,,,
net-negative pause,D-LC-SP-EXACT-RAN-DO-(Curtains|Blackout)-(LINEN-CURTAIN-52x90-BEIGE-2-PCS)-(blackout curtains 2 panels),campaign,,,state,,paused,enabled,spend_wk,campaign,0,0,2026-09-16,,,,,,
net-negative pause,D-LC-SP-EXACT-RAN-DO-(Curtains|Blackout)-(LINEN-CURTAIN-52x90-BEIGE-2-PCS)-(farmhouse curtains blackout),campaign,,,state,,paused,enabled,spend_wk,campaign,0,0,2026-09-16,,,,,,
net-negative pause,D-LC-SP-EXACT-RAN-DO-(Curtains|Blackout|Bedroom)-(LINEN-CURTAIN-52x90-BEIGE-2-PCS)-(blackout curtains 2 panel bedroom),campaign,,,state,,paused,enabled,spend_wk,campaign,0,0,2026-09-16,,,,,,
net-negative pause,D-LC-SP-EXACT-RAN-DO-(Curtains|Blackout)-(LINEN-CURTAIN-52x90-BEIGE-2-PCS)-(cottage core blackout curtains),campaign,,,state,,paused,enabled,spend_wk,campaign,0,0,2026-09-16,,,,,,
net-negative pause,D-LC-SP-EXACT-RAN-DO-(Curtains|Blackout)-(LINEN-CURTAIN-52x90-BEIGE-2-PCS)-(true blackout curtains no light),campaign,,,state,,paused,enabled,spend_wk,campaign,0,0,2026-09-16,,,,,,
net-negative pause,D-LC-SP-EXACT-RAN-DO-(Curtains|Blackout)-(LINEN-CURTAIN-52x90-BEIGE-2-PCS)-(90 inch blackout curtains 2 panel set),campaign,,,state,,paused,enabled,spend_wk,campaign,0,0,2026-09-16,,,,,,
net-negative pause,D-LC-SP-EXACT-RAN-DO-(Curtains|Blackout)-(LINEN-CURTAIN-52x90-BEIGE-2-PCS)-(blackout curtain panels),campaign,,,state,,paused,enabled,spend_wk,campaign,0,0,2026-09-16,,,,,,
net-negative pause,D-LC-SP-EXACT-RAN-DO-(Curtains|Blackout)-(LINEN-CURTAIN-52x90-BEIGE-2-PCS)-(2 panel blackout curtains),campaign,,,state,,paused,enabled,spend_wk,campaign,0,0,2026-09-16,,,,,,
net-negative pause,D-LC-SP-EXACT-RAN-DO-(Curtains|Blackout)-(LINEN-CURTAIN-52x90-BEIGE-2-PCS)-(light colored blackout curtains),campaign,,,state,,paused,enabled,spend_wk,campaign,0,0,2026-09-16,,,,,,
net-negative pause,D-LC-SP-EXACT-RAN-DO-(Curtains|Blackout)-(LINEN-CURTAIN-52x90-BEIGE-2-PCS)-(blackout beige curtains),campaign,,,state,,paused,enabled,spend_wk,campaign,0,0,2026-09-16,,,,,,
net-negative pause,D-LC-SP-EXACT-RAN-DO-(Curtains|Blackout)-(LINEN-CURTAIN-52x90-BEIGE-2-PCS)-(blackout curtains for window),campaign,,,state,,paused,enabled,spend_wk,campaign,0,0,2026-09-16,,,,,,
net-negative pause,D-LC-SP-EXACT-RAN-DO-(Curtains|Blackout)-(LINEN-CURTAIN-52x90-BEIGE-2-PCS)-(machine washable blackout curtains),campaign,,,state,,paused,enabled,spend_wk,campaign,0,0,2026-09-16,,,,,,
net-negative pause,D-LC-SP-EXACT-RAN-DO-(Curtains|Blackout)-(LINEN-CURTAIN-52x90-BEIGE-2-PCS)-(blackout curtains farmhouse style),campaign,,,state,,paused,enabled,spend_wk,campaign,0,0,2026-09-16,,,,,,
net-negative pause,D-LC-SP-EXACT-RAN-DO-(Curtains|Blackout)-(LINEN-CURTAIN-52x90-BEIGE-2-PCS)-(farmhouse blackout curtains),campaign,,,state,,paused,enabled,spend_wk,campaign,0,0,2026-09-16,,,,,,
net-negative pause,D-LC-SP-EXACT-RAN-DO-(Curtains|Blackout)-(LINEN-CURTAIN-52x63-BEIGE-2-PCS)-(beige blackout curtains 63 inch length),campaign,,,state,,paused,enabled,spend_wk,campaign,0,0,2026-09-16,,,,,,
net-negative pause,D-LC-SP-EXACT-RAN-DO-(Curtains|Blackout|Bedroom)-(LINEN-CURTAIN-52x90-BEIGE-2-PCS)-(beige blackout curtains for bedroom),campaign,,,state,,paused,enabled,spend_wk,campaign,0,0,2026-09-16,,,,,,
net-negative pause,D-LC-SP-EXACT-RAN-DO-(Curtains|Blackout|Living Room)-(52x90-BEIGE-2-PCS)-(farmhouse blackout curtains for living room),campaign,,,state,,paused,enabled,spend_wk,campaign,0,0,2026-09-16,,,,,,
net-negative pause,D-LC-SP-EXACT-RAN-DO-(Curtains|Blackout)-(LINEN-CURTAIN-52x90-BEIGE-2-PCS)-(blackout curtains two panels),campaign,,,state,,paused,enabled,spend_wk,campaign,0,0,2026-09-16,,,,,,
net-negative pause,D-LC-SP-EXACT-RAN-DO-(Curtains|Blackout)-(LINEN-CURTAIN-52x90-BEIGE-2-PCS)-(light blackout curtains),campaign,,,state,,paused,enabled,spend_wk,campaign,0,0,2026-09-16,,,,,,
net-negative pause,D-LC-SP-white blackout curtains 63 inch length-(Blackout)-MSV-Exact-Conv-DO-LINEN-CURTAIN-52x63-IVORY-2-PCS,campaign,,,state,,paused,enabled,spend_wk,campaign,0,0,2026-09-16,,,,,,
refund watch budget cut,D-LC-SP-EXACT-RAN-DO-(Curtains|Blackout)-(LINEN-CURTAIN-52x108-IVORY-2-PCS)-(blackout curtains 108 inches long),campaign,,,budget,,5,10,spend_wk,campaign,35,9.88,2026-09-16,,,"the weekly cap on these 12 campaigns falls from 70 to 35 against a run rate well under it; delivered spend does not move, because utilisation was 1.5% and the cap was never binding",2026-09-23,"if a FLOOR SKU drops below 5 units a week, restore its campaigns to the prior budget rather than raising bids","18 FLOOR-tier SKUs refund at 25.0-30.0%, an effective $17.21-$17.75 per unit cleared against the $19.69 ceiling — marginal rather than loss-making. Kept live at a bounded budget rather than paused. Corrected 8 September: the decided file cut all 73 to $3.00, below the $5.00 floor with no override stated; the 61 already at $5.00 are dropped, since a cut to a cap the lane never reached releases nothing."
refund watch budget cut,D-LC-SP-EXACT-RAN-DO-(Linen|Curtains|Blackout)-(LINEN-CURTAIN-52x108-IVORY-2-PCS)-(linen blackout curtains 108 inches long),campaign,,,budget,,5,10,spend_wk,campaign,35,0.77,2026-09-16,,,,,,
refund watch budget cut,DLC - SP - phrase-DO- LINEN-CURTAIN-52x84-G,campaign,,,budget,,5,10,spend_wk,campaign,35,0,2026-09-16,,,,,,
refund watch budget cut,D-LC-SP-EXACT-RAN-DO-(Curtains|Blackout)-(LINEN-CURTAIN-52x63-LINEN-2-PCS)-(blackout curtains 60+ inches long),campaign,,,budget,,5,10,spend_wk,campaign,35,1.5,2026-09-16,,,,,,
refund watch budget cut,D-LC-SP-EXACT-RAN-DO-(Curtains|Blackout)-(LINEN-CURTAIN-52x63-LINEN-2-PCS)-(63 inch blackout curtains),campaign,,,budget,,5,10,spend_wk,campaign,35,1.09,2026-09-16,,,,,,
refund watch budget cut,D-LC-SP-EXACT-RAN-DO-(Curtains|Blackout|Bedroom)-(52x63-LINEN-2-PCS)-(blackout curtains for bedroom 63 inches long),campaign,,,budget,,5,10,spend_wk,campaign,35,0,2026-09-16,,,,,,
refund watch budget cut,D-LC-SP-EXACT-RAN-DO-(Curtains|Blackout)-(LINEN-CURTAIN-52x63-LINEN-2-PCS)-(blackout curtains 52x63),campaign,,,budget,,5,10,spend_wk,campaign,35,0,2026-09-16,,,,,,
refund watch budget cut,D-LC-SP-EXACT-RAN-DO-(Curtains|Blackout)-(LINEN-CURTAIN-52x63-LINEN-2-PCS)-(52 x 63 blackout curtains),campaign,,,budget,,5,10,spend_wk,campaign,35,0,2026-09-16,,,,,,
refund watch budget cut,D-LC-SP-EXACT-RAN-DO-(Curtains|Blackout)-(LINEN-CURTAIN-52x63-LINEN-2-PCS)-(52x63 blackout curtains 2 panels),campaign,,,budget,,5,10,spend_wk,campaign,35,1.5,2026-09-16,,,,,,
refund watch budget cut,D-LC-SP-EXACT-RAN-DO-(Curtains|Blackout)-(LINEN-CURTAIN-52x63-LINEN-2-PCS)-(curtains blackout 63 inch length),campaign,,,budget,,5,10,spend_wk,campaign,35,0,2026-09-16,,,,,,
refund watch budget cut,D-LC-SP-EXACT-RAN-DO-(Curtains|Blackout)-(LINEN-CURTAIN-52x63-LINEN-2-PCS)-(blackout curtains 63),campaign,,,budget,,5,10,spend_wk,campaign,35,0,2026-09-16,,,,,,
refund watch budget cut,D-LC-SP-EXACT-RAN-DO-(Curtains|Blackout)-(LINEN-CURTAIN-52x63-LINEN-2-PCS)-(blackout curtains 63 inch length 2 panels set),campaign,,,budget,,5,10,spend_wk,campaign,35,0,2026-09-16,,,,,,
budget right-size,D-LC-SP-EXACT-RAN-DO-(Curtains|Blackout)-(LINEN-CURTAIN-52x108-IVORY-2-PCS)-(108 inch blackout curtains),campaign,,,budget,,13,10,spend_wk,campaign,91,21.97,2026-09-16,,,"no change in delivered spend — portfolio utilisation was 1.5%, so these caps were never reached; the cap is squared to required budget so the number means something next cycle",2026-09-23,"if any of these campaigns runs out of budget before 6pm on two consecutive days, restore the prior cap and re-read","Budget right-sized to required budget on 12 FUND-tier SKUs (0-16.1% refunds). Utilisation across the portfolio was 1.5%, so budget was never the constraint — this squares the caps, it does not release spend."
budget right-size,D-LC-SP-black out curtains 72 inch long-(Blackout)-VHSV-Exact-Conv-DO-LINEN-CURTAIN-52x72-LIGHT-BEIGE-2-PCS,campaign,,,budget,,8,5,spend_wk,campaign,56,0,2026-09-16,,,,,,
budget right-size,D-LC-SP-BROAD-RAN-DO-(Linen|Curtains|Blackout)-(LINEN-CURTAIN-52x84-LIGHT-BEIGE-2-PCS)-(blackout linen curtains 84 inch long),campaign,,,budget,,6,5,spend_wk,campaign,42,0,2026-09-16,,,,,,
budget right-size,D-LC-SP-BROAD-RAN-DO-(Curtains|Blackout)-(LINEN-CURTAIN-52x84-IVORY-2-PCS)-(ivory curtains blackout),campaign,,,budget,,6,5,spend_wk,campaign,42,0,2026-09-16,,,,,,
budget right-size,D-LC-SP-EXACT-RAN-DO-(Curtains|Blackout)-(LINEN-CURTAIN-52x72-LIGHT-BEIGE-2-PCS)-(72 inch blackout curtains),campaign,,,budget,,6,10,spend_wk,campaign,42,1.5,2026-09-16,,,,,,
budget right-size,D-LC-SP-PHRASE-RAN-DO-(Curtains)-(LINEN-CURTAIN-52x108-IVORY-2-PCS)-(curtains 108 inch long),campaign,,,budget,,6,5,spend_wk,campaign,42,1.96,2026-09-16,,,,,,
budget right-size,D-LC-SP-EXACT-RAN-DO-(Curtains|Blackout)-(LINEN-CURTAIN-52x72-LIGHT-BEIGE-2-PCS)-(blackout curtains 72 inches long),campaign,,,budget,,6,10,spend_wk,campaign,42,1.1,2026-09-16,,,,,,
budget right-size,D-LC-SP-EXACT-RAN-DO-(Curtains|Blackout)-(LINEN-CURTAIN-52x108-IVORY-2-PCS)-(108 inch curtains blackout),campaign,,,budget,,6,10,spend_wk,campaign,42,5.84,2026-09-16,,,,,,
budget right-size,D-LC-SP-BROAD-RAN-DO-(Curtains|Blackout)-(LINEN-CURTAIN-52x90-LIGHT-BEIGE-2-PCS)-(light beige blackout curtains),campaign,,,budget,,6,5,spend_wk,campaign,42,0,2026-09-16,,,,,,
budget right-size,D-LC-SP-PHRASE-RAN-DO-(Curtains|Blackout)-(LINEN-CURTAIN-52x84-IVORY-2-PCS)-(ivory blackout curtains),campaign,,,budget,,6,5,spend_wk,campaign,42,0,2026-09-16,,,,,,
budget right-size,D-LC-SP-BROAD-RAN-DO-(Linen|Curtains)-(LINEN-CURTAIN-52x108-IVORY-2-PCS)-(linen curtains 108 inch long),campaign,,,budget,,6,5,spend_wk,campaign,42,0,2026-09-16,,,,,,
budget right-size,D-LC-SP-EXACT-RAN-DO-(Curtains|Blackout)-(LINEN-CURTAIN-52x72-LIGHT-BEIGE-2-PCS)-(52 x 72 blackout curtains),campaign,,,budget,,8,10,spend_wk,campaign,56,0,2026-09-16,,,,,,
budget right-size,D-LC-SP-cream blackout curtains-(Blackout)-VHSV-Exact-Conv-DO-LINEN-CURTAIN-52x84-IVORY-2-PCS,campaign,,,budget,,6,5,spend_wk,campaign,42,0,2026-09-16,,,,,,
budget right-size,D-LC-SP-PHRASE-RAN-DO-(Linen|Curtains)-(LINEN-CURTAIN-52x84-IVORY-2-PCS)-(ivory linen curtains),campaign,,,budget,,6,5,spend_wk,campaign,42,0.7,2026-09-16,,,,,,
budget right-size,D-LC-SP-EXACT-RAN-DO-(Curtains|Blackout|Bedroom)-(52x72-LIGHT-BEIGE-2-PCS)-(blackout curtains for bedroom 72 inches long),campaign,,,budget,,6,10,spend_wk,campaign,42,0,2026-09-16,,,,,,
budget right-size,D-LC-SP-EXACT-RAN-DO-(Curtains|Blackout|Bedroom)-(52x108-IVORY-2-PCS)-(blackout curtains for bedroom 108 inches long),campaign,,,budget,,6,10,spend_wk,campaign,42,1.49,2026-09-16,,,,,,
budget right-size,D-LC-SP-EXACT-RAN-DO-(Curtains|Blackout)-(LINEN-CURTAIN-52x72-LIGHT-BEIGE-2-PCS)-(72 blackout curtains),campaign,,,budget,,6,10,spend_wk,campaign,42,0,2026-09-16,,,,,,
budget right-size,D-LC-SP-ivory black out curtains-(Blackout)-MSV-Exact-Conv-DO-LINEN-CURTAIN-52x84-IVORY-2-PCS,campaign,,,budget,,6,5,spend_wk,campaign,42,0,2026-09-16,,,,,,
budget right-size,D-LC-SP-white blackout curtains 72 inches long-(Blackout)-LSV-Exact-Conv-DO-LINEN-CURTAIN-52x72-IVORY-2-PCS,campaign,,,budget,,6,5,spend_wk,campaign,42,0,2026-09-16,,,,,,
budget right-size,D-LC-SP-EXACT-RAN-DO-(Curtains|Blackout)-(LINEN-CURTAIN-52x72-LIGHT-BEIGE-2-PCS)-(blackout curtains 52x72),campaign,,,budget,,6,10,spend_wk,campaign,42,0,2026-09-16,,,,,,
budget right-size,D-LC-SP-PHRASE-RAN-DO-(Linen|Curtains|Blackout)-(LINEN-CURTAIN-52x84-IVORY-2-PCS)-(ivory linen blackout curtains),campaign,,,budget,,6,5,spend_wk,campaign,42,0,2026-09-16,,,,,,
budget right-size,D-LC-SP-blackout curtain 72 inches long-(Blackout)-LSV-Exact-Conv-DO-LINEN-CURTAIN-52x72-LIGHT-BEIGE-2-PCS,campaign,,,budget,,6,5,spend_wk,campaign,42,0,2026-09-16,,,,,,
budget right-size,D-LC-SP-EXACT-RAN-DO-(Curtains|Blackout)-(LINEN-CURTAIN-52x72-LIGHT-BEIGE-2-PCS)-(72 inch curtains blackout),campaign,,,budget,,6,10,spend_wk,campaign,42,0,2026-09-16,,,,,,
budget right-size,D-LC-SP-blackout curtains 72 inches wide-(Blackout)-MSV-Exact-Conv-DO-LINEN-CURTAIN-52x72-LIGHT-BEIGE-2-PCS,campaign,,,budget,,6,5,spend_wk,campaign,42,1.1,2026-09-16,,,,,,
budget right-size,D-LC-SP-72 blackout curtains 2 panel set-(Blackout)-LSV-Exact-Conv-DO-LINEN-CURTAIN-52x72-LIGHT-BEIGE-2-PCS,campaign,,,budget,,6,5,spend_wk,campaign,42,0,2026-09-16,,,,,,
budget right-size,D-LC-SP-white room darkening curtains-(Blackout)-MSV-Exact-Conv-DO-LINEN-CURTAIN-52x84-IVORY-2-PCS,campaign,,,budget,,6,5,spend_wk,campaign,42,0,2026-09-16,,,,,,
budget right-size,D-LC-SP-EXACT-RAN-DO-(Curtains|Blackout)-(LINEN-CURTAIN-52x72-LIGHT-BEIGE-2-PCS)-(52x72 blackout curtains),campaign,,,budget,,6,10,spend_wk,campaign,42,0,2026-09-16,,,,,,
budget right-size,D-LC-SP-EXACT-RAN-DO-(Curtains|Blackout)-(LINEN-CURTAIN-52x108-IVORY-2-PCS)-(108 blackout curtains 2 panel set),campaign,,,budget,,6,10,spend_wk,campaign,42,3,2026-09-16,,,,,,
budget right-size,D-LC-SP-PHRASE-RAN-DO-(Curtains|Blackout)-(LINEN-CURTAIN-52x84-IVORY-2-PCS)-(84 inch blackout curtains),campaign,,,budget,,6,5,spend_wk,campaign,42,0,2026-09-16,,,,,,
budget right-size,D-LC-SP-EXACT-RAN-DO-(Curtains|Blackout)-(LINEN-CURTAIN-52x72-LIGHT-BEIGE-2-PCS)-(blackout curtains 72 inch length),campaign,,,budget,,6,10,spend_wk,campaign,42,0,2026-09-16,,,,,,
budget right-size,D-LC-SP-72 wide blackout curtains-(Blackout)-MSV-Exact-Conv-DO-LINEN-CURTAIN-52x72-LIGHT-BEIGE-2-PCS,campaign,,,budget,,6,5,spend_wk,campaign,42,0,2026-09-16,,,,,,
budget right-size,D-LC-SP-cream blackout curtains 84 inches long-(Blackout)-HSV-Exact-Conv-DO-LINEN-CURTAIN-52x84-IVORY-2-PCS,campaign,,,budget,,6,5,spend_wk,campaign,42,0,2026-09-16,,,,,,
budget right-size,D-LC-SP-EXACT-RAN-DO-(Curtains|Blackout)-(LINEN-CURTAIN-52x72-LIGHT-BEIGE-2-PCS)-(curtains blackout 72 inch length),campaign,,,budget,,6,10,spend_wk,campaign,42,0,2026-09-16,,,,,,
budget right-size,D-LC-SP-EXACT-RAN-DO-(Curtains|Blackout)-(LINEN-CURTAIN-52x72-LIGHT-BEIGE-2-PCS)-(blackout curtains 72),campaign,,,budget,,6,10,spend_wk,campaign,42,0,2026-09-16,,,,,,
budget right-size,D-LC-SP-ivory blackout curtains 90 inches long-(Blackout)-LSV-Exact-Conv-DO-LINEN-CURTAIN-52x90-IVORY-2-PCS,campaign,,,budget,,6,5,spend_wk,campaign,42,0,2026-09-16,,,,,,
budget right-size,D-LC-SP-EXACT-RAN-DO-(Curtains|Blackout)-(LINEN-CURTAIN-52x90-LIGHT-BEIGE-2-PCS)-(light beige blackout curtains),campaign,,,budget,,6,10,spend_wk,campaign,42,0,2026-09-16,,,,,,
budget right-size,D-LC-SP-room darkening curtains 72 inches long-(Blackout)-MSV-Exact-Conv-DO-LINEN-CURTAIN-52x72-LIGHT-BEIGE-2-PCS,campaign,,,budget,,6,5,spend_wk,campaign,42,1.1,2026-09-16,,,,,,
budget right-size,D-LC-SP-blackout curtains for bedroom 72 wide-(Blackout)-LSV-Exact-Conv-DO-LINEN-CURTAIN-52x72-LIGHT-BEIGE-2-PCS,campaign,,,budget,,6,5,spend_wk,campaign,42,0,2026-09-16,,,,,,
budget right-size,D-LC-SP-EXACT-RAN-DO-(Curtains|Blackout)-(LINEN-CURTAIN-52x84-IVORY-2-PCS)-(ivory blackout curtains 84 inches long),campaign,,,budget,,6,10,spend_wk,campaign,42,0,2026-09-16,,,,,,
budget right-size,D-LC-SP-black out curtains 72 inch wide-(Blackout)-MSV-Exact-Conv-DO-LINEN-CURTAIN-52x72-LIGHT-BEIGE-2-PCS,campaign,,,budget,,6,5,spend_wk,campaign,42,0,2026-09-16,,,,,,
budget right-size,D-LC-SP-PHRASE-RAN-DO-(Linen|Curtains)-(LINEN-CURTAIN-52x84-IVORY-2-PCS)-(warm ivory linen curtains),campaign,,,budget,,6,5,spend_wk,campaign,42,0,2026-09-16,,,,,,
budget right-size,D-LC-SP-linen curtains 72 inch length-(Linen)-LSV-Exact-Conv-DO-LINEN-CURTAIN-52x72-LIGHT-BEIGE-2-PCS,campaign,,,budget,,6,5,spend_wk,campaign,42,0,2026-09-16,,,,,,
budget right-size,D-LC-SP-EXACT-RAN-DO-(Curtains|Blackout)-(LINEN-CURTAIN-52x72-LIGHT-BEIGE-2-PCS)-(72 inch blackout curtains 2 panel set),campaign,,,budget,,6,10,spend_wk,campaign,42,0,2026-09-16,,,,,,
budget right-size,D-LC-SP-cream blackout curtains 90 inches long-(Blackout)-LSV-Exact-Conv-DO-LINEN-CURTAIN-52x90-IVORY-2-PCS,campaign,,,budget,,6,5,spend_wk,campaign,42,0,2026-09-16,,,,,,
budget right-size,D-LC-SP-PHRASE-RAN-DO-(Curtains)-(LINEN-CURTAIN-52x90-LIGHT-BEIGE-2-PCS)-(light beige curtains),campaign,,,budget,,6,5,spend_wk,campaign,42,0,2026-09-16,,,,,,
budget right-size,D-LC-SP-PHRASE-RAN-DO-(Curtains|Blackout)-(LINEN-CURTAIN-52x84-LIGHT-BEIGE-2-PCS)-(84 inch curtains blackout),campaign,,,budget,,6,5,spend_wk,campaign,42,0,2026-09-16,,,,,,
budget right-size,D-LC-SP-PHRASE-RAN-DO-(Curtains|Blackout)-(LINEN-CURTAIN-52x84-LIGHT-BEIGE-2-PCS)-(blackout drapes 84 inch 2 panels),campaign,,,budget,,6,5,spend_wk,campaign,42,0,2026-09-16,,,,,,
budget right-size,D-LC-SP-PHRASE-RAN-DO-(Curtains|Blackout)-(LINEN-CURTAIN-52x108-IVORY-2-PCS)-(blackout curtains 108 inch long),campaign,,,budget,,6,5,spend_wk,campaign,42,0,2026-09-16,,,,,,
budget right-size,D-LC-SP-cream black out curtains-(Blackout)-HSV-Exact-Conv-DO-LINEN-CURTAIN-52x84-IVORY-2-PCS,campaign,,,budget,,6,5,spend_wk,campaign,42,0,2026-09-16,,,,,,
budget right-size,D-LC-SP-EXACT-RAN-DO-(Curtains|Blackout)-(LINEN-CURTAIN-52x72-LIGHT-BEIGE-2-PCS)-(52x72 blackout curtains 2 panels),campaign,,,budget,,6,10,spend_wk,campaign,42,0,2026-09-16,,,,,,
budget right-size,D-LC-SP-EXACT-RAN-DO-(Curtains|Blackout)-(LINEN-CURTAIN-52x72-LIGHT-BEIGE-2-PCS)-(thermal blackout curtains 72 inches long),campaign,,,budget,,6,10,spend_wk,campaign,42,0,2026-09-16,,,,,,
budget right-size,D-LC-SP-EXACT-RAN-DO-(Curtains|Blackout)-(LINEN-CURTAIN-52x72-LIGHT-BEIGE-2-PCS)-(blackout curtains 72 inch length 2 panels set),campaign,,,budget,,6,10,spend_wk,campaign,42,0,2026-09-16,,,,,,
budget right-size,D-LC-SP-PHRASE-RAN-DO-(Curtains|Blackout)-(LINEN-CURTAIN-52x84-IVORY-2-PCS)-(blackout curtains 84 inch long),campaign,,,budget,,6,5,spend_wk,campaign,42,0,2026-09-16,,,,,,
budget right-size,D-LC-SP-off white blackout curtains 84 inches long-(Blackout)-MSV-Exact-Conv-DO-LINEN-CURTAIN-52x84-IVORY-2-PCS,campaign,,,budget,,6,5,spend_wk,campaign,42,0,2026-09-16,,,,,,
budget right-size,D-LC-SP-EXACT-RAN-DO-(Curtains|Blackout)-(LINEN-CURTAIN-52x72-LIGHT-BEIGE-2-PCS)-(thermal insulated blackout curtains 72 inch),campaign,,,budget,,6,10,spend_wk,campaign,42,0,2026-09-16,,,,,,
budget right-size,D-LC-SP-blackout ivory curtains bedroom-(Blackout)-LSV-Exact-Conv-DO-LINEN-CURTAIN-52x84-IVORY-2-PCS,campaign,,,budget,,6,5,spend_wk,campaign,42,0,2026-09-16,,,,,,
budget right-size,D-LC-SP-cream beige blackout curtains-(Blackout)-MSV-Exact-Conv-DO-LINEN-CURTAIN-52x84-IVORY-2-PCS,campaign,,,budget,,6,5,spend_wk,campaign,42,0,2026-09-16,,,,,,
budget right-size,D-LC-SP-off white black out curtains-(Blackout)-MSV-Exact-Conv-DO-LINEN-CURTAIN-52x84-IVORY-2-PCS,campaign,,,budget,,6,5,spend_wk,campaign,42,0,2026-09-16,,,,,,
budget right-size,D-LC-SP-PHRASE-RAN-DO-(Curtains|Room Darkening)-(LINEN-CURTAIN-52x84-LIGHT-BEIGE-2-PCS)-(room darkening curtains 84 inch),campaign,,,budget,,6,5,spend_wk,campaign,42,0,2026-09-16,,,,,,
budget right-size,D-LC-SP-PHRASE-RAN-DO-(Curtains|Room Darkening)-(LINEN-CURTAIN-52x84-IVORY-2-PCS)-(room darkening curtains 84 inch long),campaign,,,budget,,6,5,spend_wk,campaign,42,0,2026-09-16,,,,,,
budget right-size,D-LC-SP-taupe linen blackout curtains-(Linen)-LSV-Exact-Conv-DO-LINEN-CURTAIN-52x84-LIGHT-BEIGE-2-PCS,campaign,,,budget,,6,5,spend_wk,campaign,42,0,2026-09-16,,,,,,
budget right-size,D-LC-SP-cream room darkening curtains-(Blackout)-MSV-Exact-Conv-DO-LINEN-CURTAIN-52x84-IVORY-2-PCS,campaign,,,budget,,6,5,spend_wk,campaign,42,0,2026-09-16,,,,,,
budget right-size,D-LC-SP-PHRASE-RAN-DO-(Linen|Curtains|Blackout)-(LINEN-CURTAIN-52x84-LIGHT-BEIGE-2-PCS)-(linen blackout curtains 84 inch long),campaign,,,budget,,6,5,spend_wk,campaign,42,0,2026-09-16,,,,,,
budget right-size,D-LC-SP-soft ivory linen curtains-(Linen)-MSV-Exact-Conv-DO-LINEN-CURTAIN-52x84-IVORY-2-PCS,campaign,,,budget,,6,5,spend_wk,campaign,42,0,2026-09-16,,,,,,
budget right-size,D-LC-SP-PHRASE-RAN-DO-(Curtains|Blackout)-(LINEN-CURTAIN-52x84-LIGHT-BEIGE-2-PCS)-(blackout curtains 84 inch long 2 panels set),campaign,,,budget,,6,5,spend_wk,campaign,42,0,2026-09-16,,,,,,
refund watch bid cut,D-LC-SP-EXACT-RAN-DO-(Curtains|Blackout)-(LINEN-CURTAIN-52x108-IVORY-2-PCS)-(blackout curtains 108 inches long),keyword,blackout curtains 108 inches long,EXACT,bid,,0.4,0.67,cpc,target,0.76,1.27,2026-09-16,,,average bid on these 67 targets falls from 0.52 to 0.32; cost per unit cleared on the FLOOR SKUs comes back under the 19.69 ceiling,2026-09-23,restore the prior bid on any target that holds its orders and comes in under $19.69 per unit cleared for two consecutive weeks,"Parent campaign is on the refund watch list. Bids held down until the colour fix lands, so the lane keeps its placements without funding units that come back."
refund watch bid cut,D-LC-SP-black out curtains 63 inch long-(Blackout)-VHSV-Exact-Conv-DO-LINEN-CURTAIN-52x63-LINEN-2-PCS,keyword,black out curtains 63 inch long,EXACT,bid,,0.3,0.5,cpc,target,0.66,1.1,2026-09-16,,,,,,
refund watch bid cut,D-LC-SP-blackout curtain 63 inch length-(Blackout)-LSV-Exact-Conv-DO-LINEN-CURTAIN-52x63-LINEN-2-PCS,keyword,blackout curtain 63 inch length,EXACT,bid,,0.3,0.5,cpc,target,0,0,2026-09-16,,,,,,
refund watch bid cut,D-LC-SP-light grey blackout curtains-(Blackout)-HSV-Exact-Conv-DO-LINEN-CURTAIN-52x84-LIGHT-GREY-2-PCS,keyword,light grey blackout curtains,EXACT,bid,,0.3,0.5,cpc,target,0.9,1.5,2026-09-16,,,,,,
refund watch bid cut,D-LC-SP-light gray blackout curtains-(Blackout)-HSV-Exact-Conv-DO-LINEN-CURTAIN-52x84-LIGHT-GREY-2-PCS,keyword,light gray blackout curtains,EXACT,bid,,0.3,0.5,cpc,target,0.9,1.5,2026-09-16,,,,,,
refund watch bid cut,D-LC-SP-BROAD-RAN-DO-(Curtains)-(LINEN-CURTAIN-52x90-LINEN-2-PCS)-(curtains 90 inch long),keyword,curtains 90 inch long,BROAD,bid,,0.34,0.56,cpc,target,0.34,0.56,2026-09-16,,,,,,
refund watch bid cut,D-LC-SP-BROAD-RAN-DO-(Curtains|Blackout)-(LINEN-CURTAIN-52x90-LIGHT-GREY-2-PCS)-(90 inch blackout curtains),keyword,90 inch blackout curtains,BROAD,bid,,0.34,0.56,cpc,target,0,0,2026-09-16,,,,,,
refund watch bid cut,D-LC-SP-grey linen curtains-(Linen)-MSV-Exact-Conv-DO-LINEN-CURTAIN-52x84-LIGHT-GREY-2-PCS,keyword,grey linen curtains,EXACT,bid,,0.3,0.5,cpc,target,1.07,1.79,2026-09-16,,,,,,
refund watch bid cut,D-LC-SP-BROAD-RAN-DO-(Curtains|Blackout)-(LINEN-CURTAIN-52x90-LIGHT-GREY-2-PCS)-(90 blackout curtains),keyword,90 blackout curtains,BROAD,bid,,0.34,0.56,cpc,target,0,0,2026-09-16,,,,,,
refund watch bid cut,D-LC-SP-BROAD-RAN-DO-(Linen|Curtains|Blackout)-(LINEN-CURTAIN-52x90-LINEN-2-PCS)-(linen blackout curtains 90 inch long),keyword,linen blackout curtains 90 inch long,BROAD,bid,,0.34,0.56,cpc,target,0,0,2026-09-16,,,,,,
refund watch bid cut,D-LC-SP-BROAD-RAN-DO-(Curtains|Blackout)-(LINEN-CURTAIN-52x90-LINEN-2-PCS)-(blackout curtains 90 inch long),keyword,blackout curtains 90 inch long,BROAD,bid,,0.34,0.56,cpc,target,0.34,0.56,2026-09-16,,,,,,
refund watch bid cut,D-LC-SP-BROAD-RAN-DO-(Linen|Curtains)-(LINEN-CURTAIN-52x90-LIGHT-GREY-2-PCS)-(linen curtains 90 inch long),keyword,linen curtains 90 inch long,BROAD,bid,,0.34,0.56,cpc,target,0,0,2026-09-16,,,,,,
refund watch bid cut,DLC - SP - phrase-DO- LINEN-CURTAIN-52x84-G,keyword,linen black out curtain,PHRASE,bid,,0.42,0.7,cpc,target,0,0,2026-09-16,,,,,,
refund watch bid cut,DLC - SP - phrase-DO- LINEN-CURTAIN-52x84-G,keyword,black out curtain linen,PHRASE,bid,,0.42,0.7,cpc,target,0,0,2026-09-16,,,,,,
refund watch bid cut,DLC - SP - phrase-DO- LINEN-CURTAIN-52x84-G,keyword,flax linen curtain,PHRASE,bid,,0.42,0.7,cpc,target,0,0,2026-09-16,,,,,,
refund watch bid cut,D-LC-SP-short curtains for windows-(Blackout)-VHSV-Exact-Conv-DO-LINEN-CURTAIN-52x63-LINEN-2-PCS,keyword,short curtains for windows,EXACT,bid,,0.3,0.5,cpc,target,0.9,1.5,2026-09-16,,,,,,
refund watch bid cut,D-LC-SP-BROAD-RAN-DO-(Linen|Curtains|Blackout)-(LINEN-CURTAIN-52x108-LIGHT-GREY-2-PCS)-(linen blackout curtains 108 inch long),keyword,linen blackout curtains 108 inch long,BROAD,bid,,0.34,0.56,cpc,target,0,0,2026-09-16,,,,,,
refund watch bid cut,D-LC-SP-BROAD-RAN-DO-(Curtains|Blackout|Bedroom)-(52x108-LIGHT-GREY-2-PCS)-(blackout curtains for bedroom 108 inch long),keyword,blackout curtains for bedroom 108 inch long,BROAD,bid,,0.34,0.56,cpc,target,0,0,2026-09-16,,,,,,
refund watch bid cut,D-LC-SP-short curtains for bedroom-(Blackout)-HSV-Exact-Conv-DO-LINEN-CURTAIN-52x63-LINEN-2-PCS,keyword,short curtains for bedroom,EXACT,bid,,0.3,0.5,cpc,target,0,0,2026-09-16,,,,,,
refund watch bid cut,D-LC-SP-EXACT-RAN-DO-(Curtains|Blackout)-(LINEN-CURTAIN-52x63-LINEN-2-PCS)-(blackout curtains 60+ inches long),keyword,blackout curtains 60+ inches long,EXACT,bid,,0.32,0.54,cpc,target,0,0,2026-09-16,,,,,,
refund watch bid cut,D-LC-SP-EXACT-RAN-DO-(Curtains|Blackout)-(LINEN-CURTAIN-52x63-LINEN-2-PCS)-(63 inch blackout curtains),keyword,63 inch blackout curtains,EXACT,bid,,0.3,0.47,cpc,target,0,0,2026-09-16,,,,,,
refund watch bid cut,D-LC-SP-beige black out curtains-(Blackout)-MSV-Exact-Conv-DO-LINEN-CURTAIN-52x84-BEIGE-2-PCS,keyword,beige black out curtains,EXACT,bid,,0.3,0.5,cpc,target,0,0,2026-09-16,,,,,,
refund watch bid cut,D-LC-SP-blackout curtains 90+ inches long-(Blackout)-LSV-Exact-Conv-DO-LINEN-CURTAIN-52x90-LIGHT-GREY-2-PCS,keyword,blackout curtains 90+ inches long,EXACT,bid,,0.3,0.5,cpc,target,0,0,2026-09-16,,,,,,
refund watch bid cut,D-LC-SP-light gray linen curtains-(Linen)-LSV-Exact-Conv-DO-LINEN-CURTAIN-52x84-LIGHT-GREY-2-PCS,keyword,light gray linen curtains,EXACT,bid,,0.3,0.5,cpc,target,1.08,1.8,2026-09-16,,,,,,
refund watch bid cut,D-LC-SP-EXACT-RAN-DO-(Curtains|Blackout|Bedroom)-(52x63-LINEN-2-PCS)-(blackout curtains for bedroom 63 inches long),keyword,blackout curtains for bedroom 63 inches long,EXACT,bid,,0.33,0.55,cpc,target,0.9,1.5,2026-09-16,,,,,,
refund watch bid cut,D-LC-SP-EXACT-RAN-DO-(Curtains|Blackout)-(LINEN-CURTAIN-52x63-LINEN-2-PCS)-(blackout curtains 52x63),keyword,blackout curtains 52x63,EXACT,bid,,0.3,0.5,cpc,target,0.66,1.1,2026-09-16,,,,,,
refund watch bid cut,D-LC-SP-EXACT-RAN-DO-(Curtains|Blackout)-(LINEN-CURTAIN-52x63-LINEN-2-PCS)-(52 x 63 blackout curtains),keyword,52 x 63 blackout curtains,EXACT,bid,,0.3,0.49,cpc,target,0.67,1.09,2026-09-16,,,,,,
refund watch bid cut,D-LC-SP-EXACT-RAN-DO-(Curtains|Blackout)-(LINEN-CURTAIN-52x63-LINEN-2-PCS)-(curtains blackout 63 inch length),keyword,curtains blackout 63 inch length,EXACT,bid,,0.3,0.42,cpc,target,0.99,1.39,2026-09-16,,,,,,
refund watch bid cut,D-LC-SP-BROAD-RAN-DO-(Linen|Curtains)-(LINEN-CURTAIN-52x108-LIGHT-GREY-2-PCS)-(108 inch curtains linen),keyword,108 inch curtains linen,BROAD,bid,,0.34,0.56,cpc,target,0,0,2026-09-16,,,,,,
refund watch bid cut,D-LC-SP-short blackout curtains-(Blackout)-VHSV-Exact-Conv-DO-LINEN-CURTAIN-52x63-LINEN-2-PCS,keyword,short blackout curtains,EXACT,bid,,0.3,0.5,cpc,target,0,0,2026-09-16,,,,,,
refund watch bid cut,D-LC-SP-extra long blackout curtains-(Blackout)-MSV-Exact-Conv-DO-LINEN-CURTAIN-52x108-BEIGE-2-PCS,keyword,extra long blackout curtains,EXACT,bid,,0.3,0.5,cpc,target,0,0,2026-09-16,,,,,,
refund watch bid cut,D-LC-SP-63 inch curtains blackout-(Blackout)-LSV-Exact-Conv-DO-LINEN-CURTAIN-52x63-LINEN-2-PCS,keyword,63 inch curtains blackout,EXACT,bid,,0.3,0.5,cpc,target,0.82,1.36,2026-09-16,,,,,,
refund watch bid cut,D-LC-SP-light grey linen curtains-(Linen)-LSV-Exact-Conv-DO-LINEN-CURTAIN-52x84-LIGHT-GREY-2-PCS,keyword,light grey linen curtains,EXACT,bid,,0.3,0.5,cpc,target,0,0,2026-09-16,,,,,,
refund watch bid cut,D-LC-SP-63 inch blackout curtains 2 panel set-(Blackout)-LSV-Exact-Conv-DO-LINEN-CURTAIN-52x63-LINEN-2-PCS,keyword,63 inch blackout curtains 2 panel set,EXACT,bid,,0.3,0.5,cpc,target,0,0,2026-09-16,,,,,,
refund watch bid cut,D-LC-SP-EXACT-RAN-DO-(Curtains|Blackout)-(LINEN-CURTAIN-52x63-LINEN-2-PCS)-(blackout curtains 63),keyword,blackout curtains 63,EXACT,bid,,0.32,0.54,cpc,target,0,0,2026-09-16,,,,,,
refund watch bid cut,D-LC-SP-blackout curtains for small windows-(Blackout)-HSV-Exact-Conv-DO-LINEN-CURTAIN-52x63-LINEN-2-PCS,keyword,blackout curtains for small windows,EXACT,bid,,0.3,0.5,cpc,target,0,0,2026-09-16,,,,,,
refund watch bid cut,D-LC-SP-room darkening curtains 63 inch-(Blackout)-HSV-Exact-Conv-DO-LINEN-CURTAIN-52x63-LINEN-2-PCS,keyword,room darkening curtains 63 inch,EXACT,bid,,0.3,0.5,cpc,target,0,0,2026-09-16,,,,,,
refund watch bid cut,D-LC-SP-thermal blackout curtains 84 inches-(Blackout)-HSV-Exact-Conv-DO-LINEN-CURTAIN-52x84-BEIGE-2-PCS,keyword,thermal blackout curtains 84 inches,EXACT,bid,,0.3,0.5,cpc,target,0,0,2026-09-16,,,,,,
refund watch bid cut,D-LC-SP-small window curtains-(Blackout)-VHSV-Exact-Conv-DO-LINEN-CURTAIN-52x63-LINEN-2-PCS,keyword,small window curtains,EXACT,bid,,0.3,0.5,cpc,target,0,0,2026-09-16,,,,,,
refund watch bid cut,D-LC-SP-short blackout curtains for bedroom-(Blackout)-HSV-Exact-Conv-DO-LINEN-CURTAIN-52x63-LINEN-2-PCS,keyword,short blackout curtains for bedroom,EXACT,bid,,0.3,0.5,cpc,target,0,0,2026-09-16,,,,,,
refund watch bid cut,D-LC-SP-light blocking curtains 84 inches long-(Blackout)-HSV-Exact-Conv-DO-LINEN-CURTAIN-52x84-BEIGE-2-PCS,keyword,light blocking curtains 84 inches long,EXACT,bid,,0.3,0.5,cpc,target,0,0,2026-09-16,,,,,,
refund watch bid cut,D-LC-SP-linen curtains 108-(Linen)-LSV-Exact-Conv-DO-LINEN-CURTAIN-52x108-BEIGE-2-PCS,keyword,linen curtains 108,EXACT,bid,,0.3,0.5,cpc,target,0,0,2026-09-16,,,,,,
refund watch bid cut,D-LC-SP-blackout curtains short length-(Blackout)-HSV-Exact-Conv-DO-LINEN-CURTAIN-52x63-LINEN-2-PCS,keyword,blackout curtains short length,EXACT,bid,,0.3,0.5,cpc,target,0,0,2026-09-16,,,,,,
refund watch bid cut,D-LC-SP-black out beige curtains for bedroom-(Blackout)-LSV-Exact-Conv-DO-LINEN-CURTAIN-52x84-BEIGE-2-PCS,keyword,black out beige curtains for bedroom,EXACT,bid,,0.3,0.5,cpc,target,0,0,2026-09-16,,,,,,
refund watch bid cut,D-LC-SP-small window blackout curtains-(Blackout)-HSV-Exact-Conv-DO-LINEN-CURTAIN-52x63-LINEN-2-PCS,keyword,small window blackout curtains,EXACT,bid,,0.3,0.5,cpc,target,0,0,2026-09-16,,,,,,
refund watch bid cut,D-LC-SP-EXACT-RAN-DO-(Curtains|Blackout)-(LINEN-CURTAIN-52x63-LINEN-2-PCS)-(blackout curtains 63 inch length 2 panels set),keyword,blackout curtains 63 inch length 2 panels set,EXACT,bid,,0.3,0.48,cpc,target,0,0,2026-09-16,,,,,,
refund watch bid cut,D-LC-SP-108 linen curtains 2 panel set-(Linen)-LSV-Exact-Conv-DO-LINEN-CURTAIN-52x108-BEIGE-2-PCS,keyword,108 linen curtains 2 panel set,EXACT,bid,,0.3,0.5,cpc,target,0,0,2026-09-16,,,,,,
refund watch bid cut,D-LC-SP-black out curtains 90 inch long 2 panels-(Blackout)-LSV-Exact-Conv-DO-LINEN-CURTAIN-52x90-LIGHT-GREY-2-PCS,keyword,black out curtains 90 inch long 2 panels,EXACT,bid,,0.3,0.5,cpc,target,0,0,2026-09-16,,,,,,
refund watch bid cut,D-LC-SP-short black out curtains-(Blackout)-HSV-Exact-Conv-DO-LINEN-CURTAIN-52x63-LINEN-2-PCS,keyword,short black out curtains,EXACT,bid,,0.3,0.5,cpc,target,0,0,2026-09-16,,,,,,
refund watch bid cut,D-LC-SP-room darkening curtains 63 inches long-(Blackout)-HSV-Exact-Conv-DO-LINEN-CURTAIN-52x63-LINEN-2-PCS,keyword,room darkening curtains 63 inches long,EXACT,bid,,0.3,0.5,cpc,target,0,0,2026-09-16,,,,,,
refund watch bid cut,D-LC-SP-short room darkening curtains-(Blackout)-LSV-Exact-Conv-DO-LINEN-CURTAIN-52x63-LINEN-2-PCS,keyword,short room darkening curtains,EXACT,bid,,0.3,0.5,cpc,target,0,0,2026-09-16,,,,,,
refund watch bid cut,D-LC-SP-short linen curtains-(Linen)-MSV-Exact-Conv-DO-LINEN-CURTAIN-52x63-LINEN-2-PCS,keyword,short linen curtains,EXACT,bid,,0.3,0.5,cpc,target,0,0,2026-09-16,,,,,,
refund watch bid cut,D-LC-SP-extra long linen curtains-(Linen)-MSV-Exact-Conv-DO-LINEN-CURTAIN-52x108-BEIGE-2-PCS,keyword,extra long linen curtains,EXACT,bid,,0.3,0.5,cpc,target,0,0,2026-09-16,,,,,,
refund watch bid cut,D-LC-SP-linen curtains 90+ inches long-(Linen)-LSV-Exact-Conv-DO-LINEN-CURTAIN-52x90-LIGHT-GREY-2-PCS,keyword,linen curtains 90+ inches long,EXACT,bid,,0.3,0.5,cpc,target,0,0,2026-09-16,,,,,,
refund watch bid cut,D-LC-SP-black out curtains short window-(Blackout)-MSV-Exact-Conv-DO-LINEN-CURTAIN-52x63-LINEN-2-PCS,keyword,black out curtains short window,EXACT,bid,,0.3,0.5,cpc,target,0,0,2026-09-16,,,,,,
refund watch bid cut,D-LC-SP-floor to ceiling curtains blackout-(Blackout)-MSV-Exact-Conv-DO-LINEN-CURTAIN-52x108-BEIGE-2-PCS,keyword,floor to ceiling curtains blackout,EXACT,bid,,0.3,0.5,cpc,target,0,0,2026-09-16,,,,,,
refund watch bid cut,D-LC-SP-short window blackout curtains-(Blackout)-MSV-Exact-Conv-DO-LINEN-CURTAIN-52x63-LINEN-2-PCS,keyword,short window blackout curtains,EXACT,bid,,0.3,0.5,cpc,target,0,0,2026-09-16,,,,,,
refund watch bid cut,D-LC-SP-grey black out curtains 63 inch long-(Blackout)-LSV-Exact-Conv-DO-LINEN-CURTAIN-52x63-LIGHT-GREY-2-PCS,keyword,grey black out curtains 63 inch long,EXACT,bid,,0.3,0.5,cpc,target,0,0,2026-09-16,,,,,,
refund watch bid cut,D-LC-SP-black out curtains 84 inch long 2 panels-(Blackout)-HSV-Exact-Conv-DO-LINEN-CURTAIN-52x84-BEIGE-2-PCS,keyword,black out curtains 84 inch long 2 panels,EXACT,bid,,0.3,0.5,cpc,target,0,0,2026-09-16,,,,,,
refund watch bid cut,D-LC-SP-linen black out curtains 84 inch long-(Linen)-LSV-Exact-Conv-DO-LINEN-CURTAIN-52x84-BEIGE-2-PCS,keyword,linen black out curtains 84 inch long,EXACT,bid,,0.3,0.5,cpc,target,0,0,2026-09-16,,,,,,
refund watch bid cut,D-LC-SP-PHRASE-RAN-DO-(Linen|Curtains)-(LINEN-CURTAIN-52x84-BEIGE-2-PCS)-(linen curtains 84 inch long),keyword,linen curtains 84 inch long,PHRASE,bid,,0.42,0.7,cpc,target,0,0,2026-09-16,,,,,,
refund watch bid cut,D-LC-SP-black out curtains short length-(Blackout)-LSV-Exact-Conv-DO-LINEN-CURTAIN-52x63-LINEN-2-PCS,keyword,black out curtains short length,EXACT,bid,,0.3,0.5,cpc,target,0,0,2026-09-16,,,,,,
refund watch bid cut,D-LC-SP-PHRASE-RAN-DO-(Curtains|Blackout)-(LINEN-CURTAIN-52x84-BEIGE-2-PCS)-(thermal blackout curtains 84 inch),keyword,thermal blackout curtains 84 inch,PHRASE,bid,,0.42,0.7,cpc,target,0,0,2026-09-16,,,,,,
refund watch bid cut,D-LC-SP-light blocking curtains 63 inch-(Blackout)-LSV-Exact-Conv-DO-LINEN-CURTAIN-52x63-LINEN-2-PCS,keyword,light blocking curtains 63 inch,EXACT,bid,,0.3,0.5,cpc,target,0,0,2026-09-16,,,,,,
refund watch bid cut,D-LC-SP-black out thermal curtains 84 inch long-(Blackout)-MSV-Exact-Conv-DO-LINEN-CURTAIN-52x84-BEIGE-2-PCS,keyword,black out thermal curtains 84 inch long,EXACT,bid,,0.3,0.5,cpc,target,0,0,2026-09-16,,,,,,
refund watch bid cut,D-LC-SP-PHRASE-RAN-DO-(Curtains|Blackout|Bedroom)-(LINEN-CURTAIN-52x84-BEIGE-2-PCS)-(blackout curtains for bedroom 84 inch long),keyword,blackout curtains for bedroom 84 inch long,PHRASE,bid,,0.42,0.7,cpc,target,0,0,2026-09-16,,,,,,
refund watch bid cut,D-LC-SP-PHRASE-RAN-DO-(Curtains|Blackout)-(LINEN-CURTAIN-52x84-BEIGE-2-PCS)-(curtains blackout 84 inch length),keyword,curtains blackout 84 inch length,PHRASE,bid,,0.42,0.7,cpc,target,0,0,2026-09-16,,,,,,
ceiling bid cut,D-LC-SP-EXACT-RAN-DO-(Curtains|Blackout)-(LINEN-CURTAIN-52x108-IVORY-2-PCS)-(108 inch blackout curtains),keyword,108 inch blackout curtains,EXACT,bid,,0.53,0.89,cpc,target,0.8,1.35,2026-09-16,,,cost per acquisition on these 22 targets moves toward the 19.69 ceiling; the thin ones are cut 40% and re-read rather than paused,2026-09-23,pause any target still above $19.69 CPA at the outcome read; re-read the thin ones after the post-listing-change window rather than judging them now,These 22 targets convert above the $19.69 ceiling or are too thin to judge (2-5 clicks). Cut 40% rather than paused — the converting ones are demonstrated demand and the thin ones have not had their chance.
ceiling bid cut,D-LC-SP-BROAD-RAN-DO-(Linen|Curtains|Blackout)-(LINEN-CURTAIN-52x84-LIGHT-BEIGE-2-PCS)-(blackout linen curtains 84 inch long),keyword,blackout linen curtains 84 inch long,BROAD,bid,,0.45,0.56,cpc,target,0,0,2026-09-16,,,,,,
ceiling bid cut,D-LC-SP-EXACT-RAN-DO-(Curtains|Blackout)-(LINEN-CURTAIN-52x72-LIGHT-BEIGE-2-PCS)-(72 inch blackout curtains),keyword,72 inch blackout curtains,EXACT,bid,,0.32,0.54,cpc,target,0.71,1.2,2026-09-16,,,,,,
ceiling bid cut,D-LC-SP-PHRASE-RAN-DO-(Curtains)-(LINEN-CURTAIN-52x108-IVORY-2-PCS)-(curtains 108 inch long),keyword,curtains 108 inch long,PHRASE,bid,,0.42,0.7,cpc,target,0.42,0.7,2026-09-16,,,,,,
ceiling bid cut,D-LC-SP-EXACT-RAN-DO-(Curtains|Blackout)-(LINEN-CURTAIN-52x72-LIGHT-BEIGE-2-PCS)-(blackout curtains 72 inches long),keyword,blackout curtains 72 inches long,EXACT,bid,,0.5,0.63,cpc,target,0.87,1.1,2026-09-16,,,,,,
ceiling bid cut,D-Linen Curtains-SP-Exact-Ranking-Fixed-LINEN-CURTAIN-52x84-LIGHT-GREY-2-PCS-B0F63BJSHF-grey linen blackout curtains,keyword,grey linen blackout curtains,EXACT,bid,,1,1.08,cpc,target,0,0,2026-09-16,,,,,,
ceiling bid cut,D-LC-SP-EXACT-RAN-DO-(Curtains|Blackout)-(LINEN-CURTAIN-52x108-IVORY-2-PCS)-(108 inch curtains blackout),keyword,108 inch curtains blackout,EXACT,bid,,0.4,0.67,cpc,target,0.88,1.48,2026-09-16,,,,,,
ceiling bid cut,D-LC-SP-BROAD-RAN-DO-(Curtains|Blackout)-(LINEN-CURTAIN-52x90-LIGHT-BEIGE-2-PCS)-(light beige blackout curtains),keyword,light beige blackout curtains,BROAD,bid,,0.45,0.56,cpc,target,0.45,0.56,2026-09-16,,,,,,
ceiling bid cut,D-LC-SP-PHRASE-RAN-DO-(Linen|Curtains)-(LINEN-CURTAIN-52x84-IVORY-2-PCS)-(ivory linen curtains),keyword,ivory linen curtains,PHRASE,bid,,0.56,0.7,cpc,target,0,0,2026-09-16,,,,,,
ceiling bid cut,D-LC-SP-EXACT-RAN-DO-(Curtains|Blackout|Bedroom)-(52x72-LIGHT-BEIGE-2-PCS)-(blackout curtains for bedroom 72 inches long),keyword,blackout curtains for bedroom 72 inches long,EXACT,bid,,0.68,0.85,cpc,target,0,0,2026-09-16,,,,,,
ceiling bid cut,D-LC-SP-EXACT-RAN-DO-(Curtains|Blackout|Bedroom)-(52x108-IVORY-2-PCS)-(blackout curtains for bedroom 108 inches long),keyword,blackout curtains for bedroom 108 inches long,EXACT,bid,,0.4,0.66,cpc,target,0.9,1.49,2026-09-16,,,,,,
ceiling bid cut,D-LC-SP-EXACT-RAN-DO-(Curtains|Blackout)-(LINEN-CURTAIN-52x72-LIGHT-BEIGE-2-PCS)-(72 blackout curtains),keyword,72 blackout curtains,EXACT,bid,,0.62,0.78,cpc,target,1.18,1.49,2026-09-16,,,,,,
ceiling bid cut,D-LC-SP-white blackout curtains 72 inches long-(Blackout)-LSV-Exact-Conv-DO-LINEN-CURTAIN-52x72-IVORY-2-PCS,keyword,white blackout curtains 72 inches long,EXACT,bid,,0.4,0.5,cpc,target,1.2,1.5,2026-09-16,,,,,,
ceiling bid cut,D-LC-SP-EXACT-RAN-DO-(Curtains|Blackout)-(LINEN-CURTAIN-52x72-LIGHT-BEIGE-2-PCS)-(72 inch curtains blackout),keyword,72 inch curtains blackout,EXACT,bid,,0.39,0.49,cpc,target,1.19,1.49,2026-09-16,,,,,,
ceiling bid cut,D-LC-SP-blackout curtains 72 inches wide-(Blackout)-MSV-Exact-Conv-DO-LINEN-CURTAIN-52x72-LIGHT-BEIGE-2-PCS,keyword,blackout curtains 72 inches wide,EXACT,bid,,0.4,0.5,cpc,target,0,0,2026-09-16,,,,,,
ceiling bid cut,D-LC-SP-72 blackout curtains 2 panel set-(Blackout)-LSV-Exact-Conv-DO-LINEN-CURTAIN-52x72-LIGHT-BEIGE-2-PCS,keyword,72 blackout curtains 2 panel set,EXACT,bid,,0.4,0.5,cpc,target,1.04,1.3,2026-09-16,,,,,,
ceiling bid cut,D-LC-SP-EXACT-RAN-DO-(Curtains|Blackout)-(LINEN-CURTAIN-52x108-IVORY-2-PCS)-(108 blackout curtains 2 panel set),keyword,108 blackout curtains 2 panel set,EXACT,bid,,0.36,0.6,cpc,target,0.9,1.5,2026-09-16,,,,,,
ceiling bid cut,D-LC-SP-72 wide blackout curtains-(Blackout)-MSV-Exact-Conv-DO-LINEN-CURTAIN-52x72-LIGHT-BEIGE-2-PCS,keyword,72 wide blackout curtains,EXACT,bid,,0.4,0.5,cpc,target,0.88,1.1,2026-09-16,,,,,,
ceiling bid cut,D-LC-SP-EXACT-RAN-DO-(Curtains|Blackout)-(LINEN-CURTAIN-52x72-LIGHT-BEIGE-2-PCS)-(curtains blackout 72 inch length),keyword,curtains blackout 72 inch length,EXACT,bid,,0.65,0.81,cpc,target,1.2,1.49,2026-09-16,,,,,,
ceiling bid cut,D-LC-SP-room darkening curtains 72 inches long-(Blackout)-MSV-Exact-Conv-DO-LINEN-CURTAIN-52x72-LIGHT-BEIGE-2-PCS,keyword,room darkening curtains 72 inches long,EXACT,bid,,0.4,0.5,cpc,target,1.2,1.5,2026-09-16,,,,,,
ceiling bid cut,D-LC-SP-blackout curtains for bedroom 72 wide-(Blackout)-LSV-Exact-Conv-DO-LINEN-CURTAIN-52x72-LIGHT-BEIGE-2-PCS,keyword,blackout curtains for bedroom 72 wide,EXACT,bid,,0.4,0.5,cpc,target,0.88,1.1,2026-09-16,,,,,,
ceiling bid cut,D-LC-TESTING-NEW-FEATURE,product_target,"keyword-group=""category""",,bid,,0.31,0.51,cpc,target,0,0,2026-09-16,,,,,,
bid raise to ceiling,D-LC-SP-black out curtains 72 inch long-(Blackout)-VHSV-Exact-Conv-DO-LINEN-CURTAIN-52x72-LIGHT-BEIGE-2-PCS,keyword,black out curtains 72 inch long,EXACT,bid,,0.72,0.5,cpc,target,1.73,1.2,2026-09-16,,,average bid on these 55 targets rises from 0.55 to 0.70; clicks and orders on the FUND SKUs rise while CPA stays inside 19.69,2026-09-23,roll the bid back one step on any target whose CPA passes $19.69 at the outcome read,These targets convert inside the $19.69 ceiling — one at $4.80 CPA — and only 14 keywords on this product do. Auto is the only lane with no keyword-selection risk and it is under-bid at 0 orders on $2.12 of close-match spend.
bid raise to ceiling,DLC - SP - Auto - LINEN-CURTAIN-52x84-G1,product_target,close-match,,bid,,0.69,0.53,cpc,target,0.69,0.53,2026-09-16,,,,,,
bid raise to ceiling,DLC - SP - Auto - LINEN-CURTAIN-52x84-G1,product_target,substitutes,,bid,,0.48,0.32,cpc,target,0.04,0.03,2026-09-16,,,,,,
bid raise to ceiling,DLC - SP - Auto - LINEN-CURTAIN-52x84-G1,product_target,loose-match,,bid,,0.48,0.32,cpc,target,0,0,2026-09-16,,,,,,
bid raise to ceiling,DLC - SP - Auto - LINEN-CURTAIN-52x84-G1,product_target,complements,,bid,,0.4,0.36,cpc,target,0,0,2026-09-16,,,,,,
bid raise to ceiling,DLC - SP - Auto - LINEN-CURTAIN-52x84-G2,product_target,substitutes,,bid,,0.54,0.36,cpc,target,0,0,2026-09-16,,,,,,
bid raise to ceiling,DLC - SP - Auto - LINEN-CURTAIN-52x84-G2,product_target,loose-match,,bid,,0.55,0.37,cpc,target,0,0,2026-09-16,,,,,,
bid raise to ceiling,DLC - SP - Auto - LINEN-CURTAIN-52x84-G2,product_target,complements,,bid,,0.4,0.36,cpc,target,0,0,2026-09-16,,,,,,
bid raise to ceiling,DLC - SP - Auto - LINEN-CURTAIN-52x84-G2,product_target,close-match,,bid,,0.69,0.53,cpc,target,0.69,0.53,2026-09-16,,,,,,
bid raise to ceiling,DLC - SP - Auto -DO- LINEN-CURTAIN-52x96-G1,product_target,close-match,,bid,,0.69,0.53,cpc,target,0.59,0.45,2026-09-16,,,,,,
bid raise to ceiling,DLC - SP - Auto -DO- LINEN-CURTAIN-52x96-G1,product_target,substitutes,,bid,,0.54,0.36,cpc,target,0,0,2026-09-16,,,,,,
bid raise to ceiling,DLC - SP - Auto -DO- LINEN-CURTAIN-52x96-G1,product_target,loose-match,,bid,,0.54,0.36,cpc,target,0,0,2026-09-16,,,,,,
bid raise to ceiling,DLC - SP - Auto -DO- LINEN-CURTAIN-52x96-G1,product_target,complements,,bid,,0.4,0.36,cpc,target,0,0,2026-09-16,,,,,,
bid raise to ceiling,DLC - SP - Auto -DO- LINEN-CURTAIN-52x96-G2,product_target,loose-match,,bid,,0.54,0.36,cpc,target,0.54,0.36,2026-09-16,,,,,,
bid raise to ceiling,DLC - SP - Auto -DO- LINEN-CURTAIN-52x96-G2,product_target,complements,,bid,,0.4,0.36,cpc,target,0,0,2026-09-16,,,,,,
bid raise to ceiling,DLC - SP - Auto -DO- LINEN-CURTAIN-52x96-G2,product_target,substitutes,,bid,,0.54,0.36,cpc,target,0,0,2026-09-16,,,,,,
bid raise to ceiling,DLC - SP - Auto -DO- LINEN-CURTAIN-52x96-G2,product_target,close-match,,bid,,0.69,0.53,cpc,target,0.69,0.53,2026-09-16,,,,,,
bid raise to ceiling,D-LC-SP-PHRASE-RAN-DO-(Curtains)-(LINEN-CURTAIN-52x108-BEIGE-2-PCS)-(108 inch curtains),keyword,108 inch curtains,PHRASE,bid,,0.91,0.63,cpc,target,0.91,0.63,2026-09-16,,,,,,
bid raise to ceiling,D-LC-SP-PHRASE-RAN-DO-(Curtains|Blackout)-(LINEN-CURTAIN-52x108-BEIGE-2-PCS)-(108 inch blackout curtains),keyword,108 inch blackout curtains,PHRASE,bid,,1,0.7,cpc,target,0,0,2026-09-16,,,,,,
bid raise to ceiling,D-LC-SP-black out curtains 108 inches long-(Blackout)-HSV-Exact-Conv-DO-LINEN-CURTAIN-52x108-BEIGE-2-PCS,keyword,black out curtains 108 inches long,EXACT,bid,,0.72,0.5,cpc,target,1.9,1.32,2026-09-16,,,,,,
bid raise to ceiling,D-LC-SP-BROAD-RAN-DO-(Curtains|Blackout)-(LINEN-CURTAIN-52x84-IVORY-2-PCS)-(ivory curtains blackout),keyword,ivory curtains blackout,BROAD,bid,,0.7,0.56,cpc,target,0,0,2026-09-16,,,,,,
bid raise to ceiling,D-LC-SP-EXACT-RAN-DO-(Linen|Curtains|Blackout)-(LINEN-CURTAIN-52x108-IVORY-2-PCS)-(linen blackout curtains 108 inches long),keyword,linen blackout curtains 108 inches long,EXACT,bid,,1,0.77,cpc,target,2.34,1.8,2026-09-16,,,,,,
bid raise to ceiling,D-LC-SP-PHRASE-RAN-DO-(Curtains|Blackout)-(LINEN-CURTAIN-52x84-IVORY-2-PCS)-(ivory blackout curtains),keyword,ivory blackout curtains,PHRASE,bid,,0.88,0.7,cpc,target,0,0,2026-09-16,,,,,,
bid raise to ceiling,D-LC-SP-BROAD-RAN-DO-(Linen|Curtains)-(LINEN-CURTAIN-52x108-IVORY-2-PCS)-(linen curtains 108 inch long),keyword,linen curtains 108 inch long,BROAD,bid,,0.7,0.56,cpc,target,0,0,2026-09-16,,,,,,
bid raise to ceiling,D-LC-SP-EXACT-RAN-DO-(Curtains|Blackout)-(LINEN-CURTAIN-52x72-LIGHT-BEIGE-2-PCS)-(52 x 72 blackout curtains),keyword,52 x 72 blackout curtains,EXACT,bid,,1,0.8,cpc,target,1.88,1.5,2026-09-16,,,,,,
bid raise to ceiling,D-LC-SP-EXACT-RAN-DO-(Curtains|Blackout)-(LINEN-CURTAIN-52x63-LINEN-2-PCS)-(52x63 blackout curtains 2 panels),keyword,52x63 blackout curtains 2 panels,EXACT,bid,,0.58,0.4,cpc,target,0,0,2026-09-16,,,,,,
bid raise to ceiling,D-LC-SP-PHRASE-RAN-DO-(Linen|Curtains|Blackout)-(LINEN-CURTAIN-52x84-IVORY-2-PCS)-(ivory linen blackout curtains),keyword,ivory linen blackout curtains,PHRASE,bid,,0.88,0.7,cpc,target,0,0,2026-09-16,,,,,,
bid raise to ceiling,D-LC-SP-PAT-B0GR67MC4D-LINEN-CURTAIN-52x84-NATURAL-2-PCS,product_target,"asin=""B0GR67MC4D""",,bid,,0.83,0.72,cpc,target,0,0,2026-09-16,,,,,,
bid raise to ceiling,D-LC-SP-PAT-B0FKGF76ZQ-LINEN-CURTAIN-52x84-NATURAL-2-PCS,product_target,"asin-expanded=""B0FKGF76ZQ""",,bid,,0.49,0.43,cpc,target,0,0,2026-09-16,,,,,,
bid raise to ceiling,D-LC-SP-PHRASE-RAN-DO-(Curtains|Blackout)-(LINEN-CURTAIN-52x84-IVORY-2-PCS)-(84 inch blackout curtains),keyword,84 inch blackout curtains,PHRASE,bid,,0.88,0.7,cpc,target,0,0,2026-09-16,,,,,,
bid raise to ceiling,D-LC-SP-PHRASE-RAN-DO-(Linen|Curtains)-(LINEN-CURTAIN-52x84-IVORY-2-PCS)-(warm ivory linen curtains),keyword,warm ivory linen curtains,PHRASE,bid,,0.88,0.7,cpc,target,0,0,2026-09-16,,,,,,
bid raise to ceiling,D-LC-SP-PHRASE-RAN-DO-(Curtains)-(LINEN-CURTAIN-52x90-LIGHT-BEIGE-2-PCS)-(light beige curtains),keyword,light beige curtains,PHRASE,bid,,0.88,0.7,cpc,target,0,0,2026-09-16,,,,,,
bid raise to ceiling,D-LC-SP-PHRASE-RAN-DO-(Curtains|Blackout)-(LINEN-CURTAIN-52x84-LIGHT-BEIGE-2-PCS)-(84 inch curtains blackout),keyword,84 inch curtains blackout,PHRASE,bid,,0.88,0.7,cpc,target,0,0,2026-09-16,,,,,,
bid raise to ceiling,D-LC-SP-PHRASE-RAN-DO-(Curtains|Blackout)-(LINEN-CURTAIN-52x84-LIGHT-BEIGE-2-PCS)-(blackout drapes 84 inch 2 panels),keyword,blackout drapes 84 inch 2 panels,PHRASE,bid,,0.88,0.7,cpc,target,0,0,2026-09-16,,,,,,
bid raise to ceiling,D-LC-SP-PHRASE-RAN-DO-(Curtains|Blackout)-(LINEN-CURTAIN-52x108-IVORY-2-PCS)-(blackout curtains 108 inch long),keyword,blackout curtains 108 inch long,PHRASE,bid,,0.88,0.7,cpc,target,0,0,2026-09-16,,,,,,
bid raise to ceiling,D-LC-SP-BROAD-RAN-DO-(Linen|Curtains)-(LINEN-CURTAIN-52x108-LIGHT-GREY-2-PCS)-(108 inch linen curtains),keyword,108 inch linen curtains,BROAD,bid,,0.72,0.5,cpc,target,0,0,2026-09-16,,,,,,
bid raise to ceiling,D-LC-SP-PHRASE-RAN-DO-(Curtains|Blackout)-(LINEN-CURTAIN-52x84-IVORY-2-PCS)-(blackout curtains 84 inch long),keyword,blackout curtains 84 inch long,PHRASE,bid,,0.88,0.7,cpc,target,0,0,2026-09-16,,,,,,
bid raise to ceiling,D-LC-SP-PAT-B0CSSDGWVT-LINEN-CURTAIN-52x84-NATURAL-2-PCS,product_target,"asin=""B0CSSDGWVT""",,bid,,0.46,0.4,cpc,target,0,0,2026-09-16,,,,,,
bid raise to ceiling,D-LC-SP-PAT-B0DBLRPBT6-LINEN-CURTAIN-52x84-NATURAL-2-PCS,product_target,"asin=""B0DBLRPBT6""",,bid,,0.78,0.68,cpc,target,0,0,2026-09-16,,,,,,
bid raise to ceiling,D-LC-SP-B0F639CWS1-Exact-Def-DO-LINEN-CURTAIN-52x84-NATURAL-2-PCS,product_target,"asin=""B0F639CWS1""",,bid,,0.69,0.6,cpc,target,0.53,0.46,2026-09-16,,,,,,
bid raise to ceiling,D-LC-SP-PHRASE-RAN-DO-(Curtains|Room Darkening)-(LINEN-CURTAIN-52x84-LIGHT-BEIGE-2-PCS)-(room darkening curtains 84 inch),keyword,room darkening curtains 84 inch,PHRASE,bid,,0.88,0.7,cpc,target,0,0,2026-09-16,,,,,,
bid raise to ceiling,D-LC-SP-B0F6366Z7N-Exact-Def-DO-LINEN-CURTAIN-52x96-NATURAL-2-PCS,product_target,"asin=""B0F6366Z7N""",,bid,,0.69,0.6,cpc,target,0,0,2026-09-16,,,,,,
bid raise to ceiling,D-LC-SP-B0F6392CDG-Exact-Def-DO-LINEN-CURTAIN-52x96-IVORY-2-PCS,product_target,"asin=""B0F6392CDG""",,bid,,0.69,0.6,cpc,target,0,0,2026-09-16,,,,,,
bid raise to ceiling,D-LC-SP-PAT-B0DR49RC45-LINEN-CURTAIN-52x84-NATURAL-2-PCS,product_target,"asin=""B0DR49RC45""",,bid,,0.6,0.52,cpc,target,0,0,2026-09-16,,,,,,
bid raise to ceiling,D-LC-SP-PHRASE-RAN-DO-(Curtains|Room Darkening)-(LINEN-CURTAIN-52x84-IVORY-2-PCS)-(room darkening curtains 84 inch long),keyword,room darkening curtains 84 inch long,PHRASE,bid,,0.88,0.7,cpc,target,0,0,2026-09-16,,,,,,
bid raise to ceiling,D-LC-SP-PAT-B0D8KY5HVQ-LINEN-CURTAIN-52x84-NATURAL-2-PCS,product_target,"asin=""B0D8KY5HVQ""",,bid,,0.59,0.51,cpc,target,0,0,2026-09-16,,,,,,
bid raise to ceiling,D-LC-SP-PAT-B0DFWNNRZT-LINEN-CURTAIN-52x84-NATURAL-2-PCS,product_target,"asin=""B0DFWNNRZT""",,bid,,0.6,0.52,cpc,target,0,0,2026-09-16,,,,,,
bid raise to ceiling,D-LC-SP-B0F6381MZ1-Exact-Def-DO-LINEN-CURTAIN-52x63-LINEN-2-PCS,product_target,"asin=""B0F6381MZ1""",,bid,,0.69,0.6,cpc,target,0,0,2026-09-16,,,,,,
bid raise to ceiling,D-LC-SP-PAT-B0FK58S5VW-LINEN-CURTAIN-52x84-NATURAL-2-PCS,product_target,"asin=""B0FK58S5VW""",,bid,,0.69,0.6,cpc,target,0,0,2026-09-16,,,,,,
bid raise to ceiling,D-LC-SP-B0F6371Q67-Exact-Def-DO-LINEN-CURTAIN-52x108-BEIGE-2-PCS,product_target,"asin=""B0F6371Q67""",,bid,,0.69,0.6,cpc,target,0,0,2026-09-16,,,,,,
bid raise to ceiling,D-LC-SP-PAT-B0F7GY74WD-LINEN-CURTAIN-52x84-NATURAL-2-PCS,product_target,"asin=""B0F7GY74WD""",,bid,,0.56,0.49,cpc,target,0,0,2026-09-16,,,,,,
bid raise to ceiling,D-LC-SP-PHRASE-RAN-DO-(Linen|Curtains|Blackout)-(LINEN-CURTAIN-52x84-LIGHT-BEIGE-2-PCS)-(linen blackout curtains 84 inch long),keyword,linen blackout curtains 84 inch long,PHRASE,bid,,0.88,0.7,cpc,target,0,0,2026-09-16,,,,,,
bid raise to ceiling,D-LC-SP-PAT-B0FK5859JV-LINEN-CURTAIN-52x84-NATURAL-2-PCS,product_target,"asin=""B0FK5859JV""",,bid,,0.75,0.65,cpc,target,0,0,2026-09-16,,,,,,
bid raise to ceiling,D-LC-SP-PHRASE-RAN-DO-(Curtains|Blackout)-(LINEN-CURTAIN-52x84-LIGHT-BEIGE-2-PCS)-(blackout curtains 84 inch long 2 panels set),keyword,blackout curtains 84 inch long 2 panels set,PHRASE,bid,,0.88,0.7,cpc,target,0,0,2026-09-16,,,,,,
bid raise to ceiling,D-LC-SP-PAT-B0FK58Y375-LINEN-CURTAIN-52x84-NATURAL-2-PCS,product_target,"asin=""B0FK58Y375""",,bid,,0.6,0.52,cpc,target,0,0,2026-09-16,,,,,,
placement modifier reset,D-LC-SP-EXACT-blackout curtain-LINEN-CURTAIN-52x90-BEIGE-2-PCS,campaign,,,placement_multiplier,placementTop,0,100,cpc,placement,0,0,2026-09-16,,,effective bid at Top of Search and Rest of Search falls back to the base bid on 627 modifiers averaging 129% (max 275%); blended CPC falls and spend stops concentrating at Top of Search,2026-09-23,"rebuild modifiers per campaign from a clean read taken after the outcome date, once the 23 August listing change has washed through — never as a blanket value","Placement evidence is contaminated by the 23 August listing change and a conflicting earlier read, so no modifier can be justified from current data. All non-zero modifiers go to 0% and are rebuilt from clean evidence next cycle. The mechanism target is each placement's own observed CPC divided by its current multiplier — the base the modifier was scaling."
placement modifier reset,D-LC-SP-EXACT-blackout curtain-LINEN-CURTAIN-52x90-BEIGE-2-PCS,campaign,,,placement_multiplier,placementRestOfSearch,0,47,cpc,placement,0,0,2026-09-16,,,,,,
placement modifier reset,D-LC-SP-EXACT-RAN-DO-(Curtains|Blackout|Bedroom)-(LINEN-CURTAIN-52x90-BEIGE-2-PCS)-(blackout curtain bedroom),campaign,,,placement_multiplier,placementTop,0,103,cpc,placement,0,0,2026-09-16,,,,,,
placement modifier reset,D-LC-SP-EXACT-RAN-DO-(Curtains|Blackout|Bedroom)-(LINEN-CURTAIN-52x90-BEIGE-2-PCS)-(blackout curtain bedroom),campaign,,,placement_multiplier,placementRestOfSearch,0,49,cpc,placement,0.74,1.1,2026-09-16,,,,,,
placement modifier reset,D-LC-SP-EXACT-RAN-DO-(Curtains|Blackout)-(LINEN-CURTAIN-52x108-IVORY-2-PCS)-(108 inch blackout curtains),campaign,,,placement_multiplier,placementTop,0,69,cpc,placement,0.88,1.49,2026-09-16,,,,,,
placement modifier reset,D-LC-SP-EXACT-RAN-DO-(Curtains|Blackout)-(LINEN-CURTAIN-52x108-IVORY-2-PCS)-(108 inch blackout curtains),campaign,,,placement_multiplier,placementRestOfSearch,0,24,cpc,placement,0.89,1.1,2026-09-16,,,,,,
placement modifier reset,D-LC-SP-black out curtains 72 inch long-(Blackout)-VHSV-Exact-Conv-DO-LINEN-CURTAIN-52x72-LIGHT-BEIGE-2-PCS,campaign,,,placement_multiplier,placementTop,0,200,cpc,placement,0.5,1.5,2026-09-16,,,,,,
placement modifier reset,D-LC-SP-black out curtains 72 inch long-(Blackout)-VHSV-Exact-Conv-DO-LINEN-CURTAIN-52x72-LIGHT-BEIGE-2-PCS,campaign,,,placement_multiplier,placementRestOfSearch,0,120,cpc,placement,0.5,1.1,2026-09-16,,,,,,
placement modifier reset,D-LC-SP-EXACT-RAN-DO-(Curtains|Blackout)-(LINEN-CURTAIN-52x108-IVORY-2-PCS)-(blackout curtains 108 inches long),campaign,,,placement_multiplier,placementTop,0,124,cpc,placement,0.67,1.5,2026-09-16,,,,,,
placement modifier reset,D-LC-SP-EXACT-RAN-DO-(Curtains|Blackout)-(LINEN-CURTAIN-52x108-IVORY-2-PCS)-(blackout curtains 108 inches long),campaign,,,placement_multiplier,placementRestOfSearch,0,64,cpc,placement,0.66,1.09,2026-09-16,,,,,,
placement modifier reset,D-LC-SP-EXACT-RAN-DO-(Curtains|Blackout)-(LINEN-CURTAIN-52x90-BEIGE-2-PCS)-(52x90 blackout curtains 2 panels),campaign,,,placement_multiplier,placementTop,0,114,cpc,placement,0,0,2026-09-16,,,,,,
placement modifier reset,D-LC-SP-EXACT-RAN-DO-(Curtains|Blackout)-(LINEN-CURTAIN-52x90-BEIGE-2-PCS)-(52x90 blackout curtains 2 panels),campaign,,,placement_multiplier,placementRestOfSearch,0,57,cpc,placement,0,0,2026-09-16,,,,,,
placement modifier reset,D-LC-SP-EXACT-RAN-DO-(Curtains|Blackout)-(LINEN-CURTAIN-52x96-IVORY-2-PCS)-(blackout curtains 96 inches long),campaign,,,placement_multiplier,placementTop,0,72,cpc,placement,0,0,2026-09-16,,,,,,
placement modifier reset,D-LC-SP-EXACT-RAN-DO-(Curtains|Blackout)-(LINEN-CURTAIN-52x96-IVORY-2-PCS)-(blackout curtains 96 inches long),campaign,,,placement_multiplier,placementRestOfSearch,0,26,cpc,placement,0.87,1.09,2026-09-16,,,,,,
placement modifier reset,D-LC-SP-black out curtains 96 inch long-(Blackout)-VHSV-Exact-Conv-DO-LINEN-CURTAIN-52x96-BEIGE-2-PCS,campaign,,,placement_multiplier,placementTop,0,200,cpc,placement,0.5,1.5,2026-09-16,,,,,,
placement modifier reset,D-LC-SP-black out curtains 96 inch long-(Blackout)-VHSV-Exact-Conv-DO-LINEN-CURTAIN-52x96-BEIGE-2-PCS,campaign,,,placement_multiplier,placementRestOfSearch,0,120,cpc,placement,0.49,1.08,2026-09-16,,,,,,
placement modifier reset,D-LC-SP-EXACT-RAN-DO-(Curtains|Blackout)-(LINEN-CURTAIN-52x90-LIGHT-GREY-2-PCS)-(grey blackout curtains),campaign,,,placement_multiplier,placementTop,0,127,cpc,placement,0,0,2026-09-16,,,,,,
placement modifier reset,D-LC-SP-EXACT-RAN-DO-(Curtains|Blackout)-(LINEN-CURTAIN-52x90-LIGHT-GREY-2-PCS)-(grey blackout curtains),campaign,,,placement_multiplier,placementRestOfSearch,0,67,cpc,placement,0.66,1.1,2026-09-16,,,,,,
placement modifier reset,D-LC-SP-black out curtains 63 inch long-(Blackout)-VHSV-Exact-Conv-DO-LINEN-CURTAIN-52x63-LINEN-2-PCS,campaign,,,placement_multiplier,placementTop,0,200,cpc,placement,0,0,2026-09-16,,,,,,
placement modifier reset,D-LC-SP-black out curtains 63 inch long-(Blackout)-VHSV-Exact-Conv-DO-LINEN-CURTAIN-52x63-LINEN-2-PCS,campaign,,,placement_multiplier,placementRestOfSearch,0,120,cpc,placement,0.5,1.1,2026-09-16,,,,,,
placement modifier reset,D-LC-SP-blackout curtain 63 inch length-(Blackout)-LSV-Exact-Conv-DO-LINEN-CURTAIN-52x63-LINEN-2-PCS,campaign,,,placement_multiplier,placementTop,0,200,cpc,placement,0,0,2026-09-16,,,,,,
placement modifier reset,D-LC-SP-blackout curtain 63 inch length-(Blackout)-LSV-Exact-Conv-DO-LINEN-CURTAIN-52x63-LINEN-2-PCS,campaign,,,placement_multiplier,placementRestOfSearch,0,120,cpc,placement,0,0,2026-09-16,,,,,,
placement modifier reset,D-LC-SP-EXACT-RAN-DO-(Curtains|Blackout)-(LINEN-CURTAIN-52x90-BEIGE-2-PCS)-(thermal blackout curtains),campaign,,,placement_multiplier,placementTop,0,88,cpc,placement,0,0,2026-09-16,,,,,,
placement modifier reset,D-LC-SP-EXACT-RAN-DO-(Curtains|Blackout)-(LINEN-CURTAIN-52x90-BEIGE-2-PCS)-(thermal blackout curtains),campaign,,,placement_multiplier,placementRestOfSearch,0,38,cpc,placement,0.8,1.1,2026-09-16,,,,,,
placement modifier reset,D-LC-SP-EXACT-RAN-DO-(Curtains|Blackout)-(LINEN-CURTAIN-52x84-NATURAL-2-PCS)-(blackout curtains),campaign,,,placement_multiplier,placementTop,0,163,cpc,placement,0.57,1.49,2026-09-16,,,,,,
placement modifier reset,D-LC-SP-EXACT-RAN-DO-(Curtains|Blackout)-(LINEN-CURTAIN-52x84-NATURAL-2-PCS)-(blackout curtains),campaign,,,placement_multiplier,placementRestOfSearch,0,93,cpc,placement,0,0,2026-09-16,,,,,,
placement modifier reset,D-LC-SP-black out curtains-(Blackout)-VHSV-Exact-Conv-DO-LINEN-CURTAIN-52x96-NATURAL-2-PCS,campaign,,,placement_multiplier,placementTop,0,200,cpc,placement,0,0,2026-09-16,,,,,,
placement modifier reset,D-LC-SP-black out curtains-(Blackout)-VHSV-Exact-Conv-DO-LINEN-CURTAIN-52x96-NATURAL-2-PCS,campaign,,,placement_multiplier,placementRestOfSearch,0,120,cpc,placement,0.5,1.1,2026-09-16,,,,,,
placement modifier reset,D-LC-SP-black out curtains 108 inches long-(Blackout)-HSV-Exact-Conv-DO-LINEN-CURTAIN-52x108-BEIGE-2-PCS,campaign,,,placement_multiplier,placementTop,0,200,cpc,placement,0.5,1.49,2026-09-16,,,,,,
placement modifier reset,D-LC-SP-black out curtains 108 inches long-(Blackout)-HSV-Exact-Conv-DO-LINEN-CURTAIN-52x108-BEIGE-2-PCS,campaign,,,placement_multiplier,placementRestOfSearch,0,120,cpc,placement,0.5,1.1,2026-09-16,,,,,,
placement modifier reset,D-LC-SP-EXACT-RAN-DO-(Curtains|Blackout)-(LINEN-CURTAIN-52x90-BEIGE-2-PCS)-(blackout curtains 90 inches long),campaign,,,placement_multiplier,placementTop,0,131,cpc,placement,0.65,1.5,2026-09-16,,,,,,
placement modifier reset,D-LC-SP-EXACT-RAN-DO-(Curtains|Blackout)-(LINEN-CURTAIN-52x90-BEIGE-2-PCS)-(blackout curtains 90 inches long),campaign,,,placement_multiplier,placementRestOfSearch,0,69,cpc,placement,0,0,2026-09-16,,,,,,
placement modifier reset,D-Linen Curtains-SP-Exact-Ranking-Fixed-LINEN-CURTAIN-52x96-LIGHT-BEIGE-2-PCS-B0F639YZ3D - beige linen blackout curtains,campaign,,,placement_multiplier,placementTop,0,9,cpc,placement,0,0,2026-09-16,,,,,,
placement modifier reset,D-LC-SP-EXACT-RAN-DO-(Curtains|Blackout)-(LINEN-CURTAIN-52x120-NATURAL-2-PCS)-(120 inch blackout curtains),campaign,,,placement_multiplier,placementTop,0,142,cpc,placement,0.62,1.5,2026-09-16,,,,,,
placement modifier reset,D-LC-SP-EXACT-RAN-DO-(Curtains|Blackout)-(LINEN-CURTAIN-52x120-NATURAL-2-PCS)-(120 inch blackout curtains),campaign,,,placement_multiplier,placementRestOfSearch,0,77,cpc,placement,0.62,1.09,2026-09-16,,,,,,
placement modifier reset,D-LC-SP-blackout curtain 120 inches long-(Blackout)-LSV-Exact-Conv-DO-LINEN-CURTAIN-52x120-LINEN-2-PCS,campaign,,,placement_multiplier,placementTop,0,200,cpc,placement,0.5,1.5,2026-09-16,,,,,,
placement modifier reset,D-LC-SP-blackout curtain 120 inches long-(Blackout)-LSV-Exact-Conv-DO-LINEN-CURTAIN-52x120-LINEN-2-PCS,campaign,,,placement_multiplier,placementRestOfSearch,0,120,cpc,placement,0,0,2026-09-16,,,,,,
placement modifier reset,D-LC-SP-EXACT-RAN-DO-(Curtains|Blackout)-(LINEN-CURTAIN-52x90-BEIGE-2-PCS)-(90 inch blackout curtains),campaign,,,placement_multiplier,placementTop,0,146,cpc,placement,0,0,2026-09-16,,,,,,
placement modifier reset,D-LC-SP-EXACT-RAN-DO-(Curtains|Blackout)-(LINEN-CURTAIN-52x90-BEIGE-2-PCS)-(90 inch blackout curtains),campaign,,,placement_multiplier,placementRestOfSearch,0,80,cpc,placement,0,0,2026-09-16,,,,,,
placement modifier reset,D-LC-SP-EXACT-RAN-DO-(Curtains|Blackout)-(LINEN-CURTAIN-52x120-NATURAL-2-PCS)-(blackout curtains 120 inches long),campaign,,,placement_multiplier,placementTop,0,105,cpc,placement,0.73,1.49,2026-09-16,,,,,,
placement modifier reset,D-LC-SP-EXACT-RAN-DO-(Curtains|Blackout)-(LINEN-CURTAIN-52x120-NATURAL-2-PCS)-(blackout curtains 120 inches long),campaign,,,placement_multiplier,placementRestOfSearch,0,51,cpc,placement,0.73,1.1,2026-09-16,,,,,,
placement modifier reset,D-LC-SP-light grey blackout curtains-(Blackout)-HSV-Exact-Conv-DO-LINEN-CURTAIN-52x84-LIGHT-GREY-2-PCS,campaign,,,placement_multiplier,placementTop,0,200,cpc,placement,0.5,1.5,2026-09-16,,,,,,
placement modifier reset,D-LC-SP-light grey blackout curtains-(Blackout)-HSV-Exact-Conv-DO-LINEN-CURTAIN-52x84-LIGHT-GREY-2-PCS,campaign,,,placement_multiplier,placementRestOfSearch,0,120,cpc,placement,0,0,2026-09-16,,,,,,
placement modifier reset,D-LC-SP-EXACT-RAN-DO-(Curtains|Blackout)-(LINEN-CURTAIN-52x90-BEIGE-2-PCS)-(curtains blackout),campaign,,,placement_multiplier,placementTop,0,183,cpc,placement,0.46,1.3,2026-09-16,,,,,,
placement modifier reset,D-LC-SP-EXACT-RAN-DO-(Curtains|Blackout)-(LINEN-CURTAIN-52x90-BEIGE-2-PCS)-(curtains blackout),campaign,,,placement_multiplier,placementRestOfSearch,0,108,cpc,placement,0.53,1.1,2026-09-16,,,,,,
placement modifier reset,D-LC-SP-EXACT-RAN-DO-(Curtains|Blackout)-(LINEN-CURTAIN-52x120-NATURAL-2-PCS)-(120 inch curtains blackout),campaign,,,placement_multiplier,placementTop,0,103,cpc,placement,0.73,1.49,2026-09-16,,,,,,
placement modifier reset,D-LC-SP-EXACT-RAN-DO-(Curtains|Blackout)-(LINEN-CURTAIN-52x120-NATURAL-2-PCS)-(120 inch curtains blackout),campaign,,,placement_multiplier,placementRestOfSearch,0,49,cpc,placement,0.74,1.1,2026-09-16,,,,,,
placement modifier reset,D-LC-SP-EXACT-RAN-DO-(Curtains|Blackout)-(LINEN-CURTAIN-52x72-LIGHT-BEIGE-2-PCS)-(72 inch blackout curtains),campaign,,,placement_multiplier,placementTop,0,178,cpc,placement,0.54,1.5,2026-09-16,,,,,,
placement modifier reset,D-LC-SP-EXACT-RAN-DO-(Curtains|Blackout)-(LINEN-CURTAIN-52x72-LIGHT-BEIGE-2-PCS)-(72 inch blackout curtains),campaign,,,placement_multiplier,placementRestOfSearch,0,104,cpc,placement,0.54,1.1,2026-09-16,,,,,,
placement modifier reset,D-LC-SP-light gray blackout curtains-(Blackout)-HSV-Exact-Conv-DO-LINEN-CURTAIN-52x84-LIGHT-GREY-2-PCS,campaign,,,placement_multiplier,placementTop,0,200,cpc,placement,0.5,1.5,2026-09-16,,,,,,
placement modifier reset,D-LC-SP-light gray blackout curtains-(Blackout)-HSV-Exact-Conv-DO-LINEN-CURTAIN-52x84-LIGHT-GREY-2-PCS,campaign,,,placement_multiplier,placementRestOfSearch,0,120,cpc,placement,0,0,2026-09-16,,,,,,
placement modifier reset,D-Linen Curtains-SP-Exact-Ranking-Fixed-LINEN-CURTAIN-52x84-NATURAL-2-PCS-B0F639CWS1 - curtains for living room linen,campaign,,,placement_multiplier,placementTop,0,260,cpc,placement,1.78,6.4,2026-09-16,,,,,,
placement modifier reset,D-LC-SP-EXACT-RAN-DO-(Linen|Curtains|Blackout)-(LINEN-CURTAIN-52x90-BEIGE-2-PCS)-(linen blackout curtain),campaign,,,placement_multiplier,placementTop,0,200,cpc,placement,0.6,1.8,2026-09-16,,,,,,
placement modifier reset,D-LC-SP-EXACT-RAN-DO-(Curtains|Blackout)-(LINEN-CURTAIN-52x120-NATURAL-2-PCS)-(120 blackout curtains),campaign,,,placement_multiplier,placementTop,0,100,cpc,placement,0.75,1.5,2026-09-16,,,,,,
placement modifier reset,D-LC-SP-EXACT-RAN-DO-(Curtains|Blackout)-(LINEN-CURTAIN-52x120-NATURAL-2-PCS)-(120 blackout curtains),campaign,,,placement_multiplier,placementRestOfSearch,0,47,cpc,placement,0.75,1.1,2026-09-16,,,,,,
placement modifier reset,D-LC-SP-EXACT-RAN-DO-(Curtains|Blackout)-(LINEN-CURTAIN-52x90-BEIGE-2-PCS)-(beige curtains blackout),campaign,,,placement_multiplier,placementTop,0,85,cpc,placement,0,0,2026-09-16,,,,,,
placement modifier reset,D-LC-SP-EXACT-RAN-DO-(Curtains|Blackout)-(LINEN-CURTAIN-52x90-BEIGE-2-PCS)-(beige curtains blackout),campaign,,,placement_multiplier,placementRestOfSearch,0,36,cpc,placement,0,0,2026-09-16,,,,,,
placement modifier reset,D-LC-SP-blackout curtains for bedrooms-(Blackout)-HSV-Exact-Conv-DO-LINEN-CURTAIN-52x96-NATURAL-2-PCS,campaign,,,placement_multiplier,placementTop,0,200,cpc,placement,0.5,1.5,2026-09-16,,,,,,
placement modifier reset,D-LC-SP-blackout curtains for bedrooms-(Blackout)-HSV-Exact-Conv-DO-LINEN-CURTAIN-52x96-NATURAL-2-PCS,campaign,,,placement_multiplier,placementRestOfSearch,0,120,cpc,placement,0,0,2026-09-16,,,,,,
placement modifier reset,D-LC-SP-black out curtains 84 inch long-(Blackout)-VHSV-Exact-Conv-DO-LINEN-CURTAIN-52x84-BEIGE-2-PCS,campaign,,,placement_multiplier,placementTop,0,200,cpc,placement,0,0,2026-09-16,,,,,,
placement modifier reset,D-LC-SP-black out curtains 84 inch long-(Blackout)-VHSV-Exact-Conv-DO-LINEN-CURTAIN-52x84-BEIGE-2-PCS,campaign,,,placement_multiplier,placementRestOfSearch,0,120,cpc,placement,0.5,1.1,2026-09-16,,,,,,
placement modifier reset,D-LC-SP-EXACT-RAN-DO-(Linen|Curtains|Blackout)-(LINEN-CURTAIN-52x108-IVORY-2-PCS)-(linen blackout curtains 108 inches long),campaign,,,placement_multiplier,placementTop,0,134,cpc,placement,0.77,1.8,2026-09-16,,,,,,
placement modifier reset,D-LC-SP-EXACT-RAN-DO-(Curtains|Blackout)-(LINEN-CURTAIN-52x96-IVORY-2-PCS)-(96 inch blackout curtains),campaign,,,placement_multiplier,placementTop,0,134,cpc,placement,0,0,2026-09-16,,,,,,
placement modifier reset,D-LC-SP-EXACT-RAN-DO-(Curtains|Blackout)-(LINEN-CURTAIN-52x96-IVORY-2-PCS)-(96 inch blackout curtains),campaign,,,placement_multiplier,placementRestOfSearch,0,72,cpc,placement,0.64,1.1,2026-09-16,,,,,,
placement modifier reset,D-LC-SP-grey linen curtains-(Linen)-MSV-Exact-Conv-DO-LINEN-CURTAIN-52x84-LIGHT-GREY-2-PCS,campaign,,,placement_multiplier,placementTop,0,260,cpc,placement,0.5,1.79,2026-09-16,,,,,,
placement modifier reset,D-LC-SP-EXACT-RAN-DO-(Curtains|Blackout)-(LINEN-CURTAIN-52x90-BEIGE-2-PCS)-(52 x 90 blackout curtains),campaign,,,placement_multiplier,placementTop,0,131,cpc,placement,0,0,2026-09-16,,,,,,
placement modifier reset,D-LC-SP-EXACT-RAN-DO-(Curtains|Blackout)-(LINEN-CURTAIN-52x90-BEIGE-2-PCS)-(52 x 90 blackout curtains),campaign,,,placement_multiplier,placementRestOfSearch,0,69,cpc,placement,0,0,2026-09-16,,,,,,
placement modifier reset,D-LC-SP-EXACT-RAN-DO-(Curtains|Blackout)-(LINEN-CURTAIN-52x90-BEIGE-2-PCS)-(90 blackout curtains),campaign,,,placement_multiplier,placementTop,0,117,cpc,placement,0,0,2026-09-16,,,,,,
placement modifier reset,D-LC-SP-EXACT-RAN-DO-(Curtains|Blackout)-(LINEN-CURTAIN-52x90-BEIGE-2-PCS)-(90 blackout curtains),campaign,,,placement_multiplier,placementRestOfSearch,0,59,cpc,placement,0,0,2026-09-16,,,,,,
placement modifier reset,D-LC-SP-greige blackout curtains-(Blackout)-HSV-Exact-Conv-DO-LINEN-CURTAIN-52x84-LIGHT-BEIGE-2-PCS,campaign,,,placement_multiplier,placementTop,0,200,cpc,placement,0.5,1.5,2026-09-16,,,,,,
placement modifier reset,D-LC-SP-greige blackout curtains-(Blackout)-HSV-Exact-Conv-DO-LINEN-CURTAIN-52x84-LIGHT-BEIGE-2-PCS,campaign,,,placement_multiplier,placementRestOfSearch,0,120,cpc,placement,0,0,2026-09-16,,,,,,
placement modifier reset,D-LC-SP-black out curtains 120 inches long-(Blackout)-MSV-Exact-Conv-DO-LINEN-CURTAIN-52x120-LINEN-2-PCS,campaign,,,placement_multiplier,placementTop,0,200,cpc,placement,0.5,1.5,2026-09-16,,,,,,
placement modifier reset,D-LC-SP-black out curtains 120 inches long-(Blackout)-MSV-Exact-Conv-DO-LINEN-CURTAIN-52x120-LINEN-2-PCS,campaign,,,placement_multiplier,placementRestOfSearch,0,120,cpc,placement,0.5,1.1,2026-09-16,,,,,,
placement modifier reset,D-LC-SP-EXACT-RAN-DO-(Curtains|Blackout|Living Room)-(52x90-BEIGE-2-PCS)-(thermal insulated blackout curtains for living room),campaign,,,placement_multiplier,placementTop,0,76,cpc,placement,0,0,2026-09-16,,,,,,
placement modifier reset,D-LC-SP-EXACT-RAN-DO-(Curtains|Blackout|Living Room)-(52x90-BEIGE-2-PCS)-(thermal insulated blackout curtains for living room),campaign,,,placement_multiplier,placementRestOfSearch,0,29,cpc,placement,0,0,2026-09-16,,,,,,
placement modifier reset,D-LC-SP-EXACT-RAN-DO-(Curtains|Blackout)-(LINEN-CURTAIN-52x90-BEIGE-2-PCS)-(window curtains blackout),campaign,,,placement_multiplier,placementTop,0,88,cpc,placement,0,0,2026-09-16,,,,,,
placement modifier reset,D-LC-SP-EXACT-RAN-DO-(Curtains|Blackout)-(LINEN-CURTAIN-52x90-BEIGE-2-PCS)-(window curtains blackout),campaign,,,placement_multiplier,placementRestOfSearch,0,38,cpc,placement,0.8,1.1,2026-09-16,,,,,,
placement modifier reset,D-LC-SP-EXACT-RAN-DO-(Curtains|Blackout)-(LINEN-CURTAIN-52x90-BEIGE-2-PCS)-(blackout curtains beige),campaign,,,placement_multiplier,placementTop,0,79,cpc,placement,0,0,2026-09-16,,,,,,
placement modifier reset,D-LC-SP-EXACT-RAN-DO-(Curtains|Blackout)-(LINEN-CURTAIN-52x90-BEIGE-2-PCS)-(blackout curtains beige),campaign,,,placement_multiplier,placementRestOfSearch,0,31,cpc,placement,0,0,2026-09-16,,,,,,
placement modifier reset,D-LC-SP-EXACT-RAN-DO-(Curtains|Blackout)-(LINEN-CURTAIN-52x72-LIGHT-BEIGE-2-PCS)-(blackout curtains 72 inches long),campaign,,,placement_multiplier,placementTop,0,138,cpc,placement,0,0,2026-09-16,,,,,,
placement modifier reset,D-LC-SP-EXACT-RAN-DO-(Curtains|Blackout)-(LINEN-CURTAIN-52x72-LIGHT-BEIGE-2-PCS)-(blackout curtains 72 inches long),campaign,,,placement_multiplier,placementRestOfSearch,0,75,cpc,placement,0.63,1.1,2026-09-16,,,,,,
placement modifier reset,D-LC-SP-EXACT-RAN-DO-(Curtains|Blackout)-(LINEN-CURTAIN-52x96-IVORY-2-PCS)-(96 inch curtains 2 panel set blackout),campaign,,,placement_multiplier,placementTop,0,61,cpc,placement,0,0,2026-09-16,,,,,,
placement modifier reset,D-LC-SP-EXACT-RAN-DO-(Curtains|Blackout)-(LINEN-CURTAIN-52x96-IVORY-2-PCS)-(96 inch curtains 2 panel set blackout),campaign,,,placement_multiplier,placementRestOfSearch,0,18,cpc,placement,0.92,1.09,2026-09-16,,,,,,
placement modifier reset,D-LC-SP-EXACT-RAN-DO-(Curtains|Blackout|Living Room)-(LINEN-CURTAIN-52x90-BEIGE-2-PCS)-(blackout curtains for living room),campaign,,,placement_multiplier,placementTop,0,95,cpc,placement,0,0,2026-09-16,,,,,,
placement modifier reset,D-LC-SP-EXACT-RAN-DO-(Curtains|Blackout|Living Room)-(LINEN-CURTAIN-52x90-BEIGE-2-PCS)-(blackout curtains for living room),campaign,,,placement_multiplier,placementRestOfSearch,0,43,cpc,placement,0.77,1.1,2026-09-16,,,,,,
placement modifier reset,D-LC-SP-EXACT-RAN-DO-(Curtains|Blackout)-(LINEN-CURTAIN-52x96-NATURAL-2-PCS)-(blackout curtains 92+ inches long),campaign,,,placement_multiplier,placementTop,0,81,cpc,placement,0.83,1.5,2026-09-16,,,,,,
placement modifier reset,D-LC-SP-EXACT-RAN-DO-(Curtains|Blackout)-(LINEN-CURTAIN-52x96-NATURAL-2-PCS)-(blackout curtains 92+ inches long),campaign,,,placement_multiplier,placementRestOfSearch,0,33,cpc,placement,0,0,2026-09-16,,,,,,
placement modifier reset,D-Linen Curtains-SP-Exact-Ranking-Fixed-LINEN-CURTAIN-52x84-LIGHT-GREY-2-PCS-B0F63BJSHF-grey linen blackout curtains,campaign,,,placement_multiplier,placementTop,0,67,cpc,placement,0,0,2026-09-16,,,,,,
placement modifier reset,D-LC-SP-EXACT-RAN-DO-(Curtains|Blackout|Bedroom)-(LINEN-CURTAIN-52x84-NATURAL-2-PCS)-(blackout curtains for bedroom),campaign,,,placement_multiplier,placementTop,0,105,cpc,placement,0,0,2026-09-16,,,,,,
placement modifier reset,D-LC-SP-EXACT-RAN-DO-(Curtains|Blackout|Bedroom)-(LINEN-CURTAIN-52x84-NATURAL-2-PCS)-(blackout curtains for bedroom),campaign,,,placement_multiplier,placementRestOfSearch,0,51,cpc,placement,0,0,2026-09-16,,,,,,
placement modifier reset,D-Linen Curtains-SP-Exact-Ranking-Fixed-LINEN-CURTAIN-52x84-NATURAL-2-PCS-B0F639CWS1 - ivory linen curtains,campaign,,,placement_multiplier,placementTop,0,11,cpc,placement,0,0,2026-09-16,,,,,,
placement modifier reset,D-LC-SP-EXACT-RAN-DO-(Curtains|Blackout)-(LINEN-CURTAIN-52x84-NATURAL-2-PCS)-(thermal insulated blackout curtains),campaign,,,placement_multiplier,placementTop,0,131,cpc,placement,0,0,2026-09-16,,,,,,
placement modifier reset,D-LC-SP-EXACT-RAN-DO-(Curtains|Blackout)-(LINEN-CURTAIN-52x84-NATURAL-2-PCS)-(thermal insulated blackout curtains),campaign,,,placement_multiplier,placementRestOfSearch,0,69,cpc,placement,0,0,2026-09-16,,,,,,
placement modifier reset,D-LC-SP-room darkening curtains-(Blackout)-VHSV-Exact-Conv-DO-LINEN-CURTAIN-52x96-NATURAL-2-PCS,campaign,,,placement_multiplier,placementTop,0,200,cpc,placement,0,0,2026-09-16,,,,,,
placement modifier reset,D-LC-SP-room darkening curtains-(Blackout)-VHSV-Exact-Conv-DO-LINEN-CURTAIN-52x96-NATURAL-2-PCS,campaign,,,placement_multiplier,placementRestOfSearch,0,120,cpc,placement,0,0,2026-09-16,,,,,,
placement modifier reset,D-LC-SP-EXACT-RAN-DO-(Curtains|Blackout)-(LINEN-CURTAIN-52x108-IVORY-2-PCS)-(108 inch curtains blackout),campaign,,,placement_multiplier,placementTop,0,124,cpc,placement,0.66,1.48,2026-09-16,,,,,,
placement modifier reset,D-LC-SP-EXACT-RAN-DO-(Curtains|Blackout)-(LINEN-CURTAIN-52x108-IVORY-2-PCS)-(108 inch curtains blackout),campaign,,,placement_multiplier,placementRestOfSearch,0,64,cpc,placement,0,0,2026-09-16,,,,,,
placement modifier reset,D-LC-SP-short curtains for windows-(Blackout)-VHSV-Exact-Conv-DO-LINEN-CURTAIN-52x63-LINEN-2-PCS,campaign,,,placement_multiplier,placementTop,0,200,cpc,placement,0.5,1.5,2026-09-16,,,,,,
placement modifier reset,D-LC-SP-short curtains for windows-(Blackout)-VHSV-Exact-Conv-DO-LINEN-CURTAIN-52x63-LINEN-2-PCS,campaign,,,placement_multiplier,placementRestOfSearch,0,120,cpc,placement,0,0,2026-09-16,,,,,,
placement modifier reset,D-LC-SP-blackout drapes-(Blackout)-HSV-Exact-Conv-DO-LINEN-CURTAIN-52x96-NATURAL-2-PCS,campaign,,,placement_multiplier,placementTop,0,200,cpc,placement,0.5,1.5,2026-09-16,,,,,,
placement modifier reset,D-LC-SP-blackout drapes-(Blackout)-HSV-Exact-Conv-DO-LINEN-CURTAIN-52x96-NATURAL-2-PCS,campaign,,,placement_multiplier,placementRestOfSearch,0,120,cpc,placement,0,0,2026-09-16,,,,,,
placement modifier reset,D-LC-SP-EXACT-RAN-DO-(Curtains|Blackout)-(LINEN-CURTAIN-52x90-BEIGE-2-PCS)-(complete blackout curtains),campaign,,,placement_multiplier,placementTop,0,183,cpc,placement,0.53,1.49,2026-09-16,,,,,,
placement modifier reset,D-LC-SP-EXACT-RAN-DO-(Curtains|Blackout)-(LINEN-CURTAIN-52x90-BEIGE-2-PCS)-(complete blackout curtains),campaign,,,placement_multiplier,placementRestOfSearch,0,108,cpc,placement,0.53,1.1,2026-09-16,,,,,,
placement modifier reset,D-LC-SP-EXACT-RAN-DO-(Curtains|Blackout)-(LINEN-CURTAIN-52x84-NATURAL-2-PCS)-(blackout curtains 84 inches long),campaign,,,placement_multiplier,placementTop,0,127,cpc,placement,0,0,2026-09-16,,,,,,
placement modifier reset,D-LC-SP-EXACT-RAN-DO-(Curtains|Blackout)-(LINEN-CURTAIN-52x84-NATURAL-2-PCS)-(blackout curtains 84 inches long),campaign,,,placement_multiplier,placementRestOfSearch,0,67,cpc,placement,0,0,2026-09-16,,,,,,
placement modifier reset,D-LC-SP-EXACT-RAN-DO-(Curtains|Blackout|Bedroom)-(LINEN-CURTAIN-52x90-BEIGE-2-PCS)-(bedroom blackout curtains),campaign,,,placement_multiplier,placementTop,0,76,cpc,placement,0,0,2026-09-16,,,,,,
placement modifier reset,D-LC-SP-EXACT-RAN-DO-(Curtains|Blackout|Bedroom)-(LINEN-CURTAIN-52x90-BEIGE-2-PCS)-(bedroom blackout curtains),campaign,,,placement_multiplier,placementRestOfSearch,0,29,cpc,placement,0,0,2026-09-16,,,,,,
placement modifier reset,D-LC-SP-short curtains for bedroom-(Blackout)-HSV-Exact-Conv-DO-LINEN-CURTAIN-52x63-LINEN-2-PCS,campaign,,,placement_multiplier,placementTop,0,200,cpc,placement,0,0,2026-09-16,,,,,,
placement modifier reset,D-LC-SP-short curtains for bedroom-(Blackout)-HSV-Exact-Conv-DO-LINEN-CURTAIN-52x63-LINEN-2-PCS,campaign,,,placement_multiplier,placementRestOfSearch,0,120,cpc,placement,0,0,2026-09-16,,,,,,
placement modifier reset,D-LC-SP-EXACT-RAN-DO-(Curtains|Blackout)-(LINEN-CURTAIN-52x63-LINEN-2-PCS)-(blackout curtains 60+ inches long),campaign,,,placement_multiplier,placementTop,0,178,cpc,placement,0,0,2026-09-16,,,,,,
placement modifier reset,D-LC-SP-EXACT-RAN-DO-(Curtains|Blackout)-(LINEN-CURTAIN-52x63-LINEN-2-PCS)-(blackout curtains 60+ inches long),campaign,,,placement_multiplier,placementRestOfSearch,0,104,cpc,placement,0,0,2026-09-16,,,,,,
placement modifier reset,D-LC-SP-EXACT-RAN-DO-(Curtains|Blackout)-(LINEN-CURTAIN-52x63-LINEN-2-PCS)-(63 inch blackout curtains),campaign,,,placement_multiplier,placementTop,0,219,cpc,placement,0,0,2026-09-16,,,,,,
placement modifier reset,D-LC-SP-EXACT-RAN-DO-(Curtains|Blackout)-(LINEN-CURTAIN-52x63-LINEN-2-PCS)-(63 inch blackout curtains),campaign,,,placement_multiplier,placementRestOfSearch,0,134,cpc,placement,0,0,2026-09-16,,,,,,
placement modifier reset,D-LC-SP-EXACT-RAN-DO-(Curtains|Blackout)-(LINEN-CURTAIN-52x96-IVORY-2-PCS)-(ivory curtains blackout),campaign,,,placement_multiplier,placementTop,0,159,cpc,placement,0,0,2026-09-16,,,,,,
placement modifier reset,D-LC-SP-EXACT-RAN-DO-(Curtains|Blackout)-(LINEN-CURTAIN-52x96-IVORY-2-PCS)-(ivory curtains blackout),campaign,,,placement_multiplier,placementRestOfSearch,0,90,cpc,placement,0.58,1.1,2026-09-16,,,,,,
placement modifier reset,D-LC-SP-EXACT-RAN-DO-(Curtains|Blackout)-(LINEN-CURTAIN-52x96-IVORY-2-PCS)-(blackout curtains 96),campaign,,,placement_multiplier,placementTop,0,127,cpc,placement,0.66,1.49,2026-09-16,,,,,,
placement modifier reset,D-LC-SP-EXACT-RAN-DO-(Curtains|Blackout)-(LINEN-CURTAIN-52x96-IVORY-2-PCS)-(blackout curtains 96),campaign,,,placement_multiplier,placementRestOfSearch,0,67,cpc,placement,0,0,2026-09-16,,,,,,
placement modifier reset,D-LC-SP-EXACT-RAN-DO-(Curtains|Blackout)-(LINEN-CURTAIN-52x72-LIGHT-BEIGE-2-PCS)-(52 x 72 blackout curtains),campaign,,,placement_multiplier,placementTop,0,88,cpc,placement,0.8,1.5,2026-09-16,,,,,,
placement modifier reset,D-LC-SP-EXACT-RAN-DO-(Curtains|Blackout)-(LINEN-CURTAIN-52x72-LIGHT-BEIGE-2-PCS)-(52 x 72 blackout curtains),campaign,,,placement_multiplier,placementRestOfSearch,0,38,cpc,placement,0,0,2026-09-16,,,,,,
placement modifier reset,D-LC-SP-beige black out curtains-(Blackout)-MSV-Exact-Conv-DO-LINEN-CURTAIN-52x84-BEIGE-2-PCS,campaign,,,placement_multiplier,placementTop,0,200,cpc,placement,0,0,2026-09-16,,,,,,
placement modifier reset,D-LC-SP-beige black out curtains-(Blackout)-MSV-Exact-Conv-DO-LINEN-CURTAIN-52x84-BEIGE-2-PCS,campaign,,,placement_multiplier,placementRestOfSearch,0,120,cpc,placement,0,0,2026-09-16,,,,,,
placement modifier reset,D-LC-SP-EXACT-RAN-DO-(Curtains|Blackout|Living Room)-(LINEN-CURTAIN-52x84-NATURAL-2-PCS)-(blackout curtains for the living room),campaign,,,placement_multiplier,placementTop,0,95,cpc,placement,0.77,1.5,2026-09-16,,,,,,
placement modifier reset,D-LC-SP-EXACT-RAN-DO-(Curtains|Blackout|Living Room)-(LINEN-CURTAIN-52x84-NATURAL-2-PCS)-(blackout curtains for the living room),campaign,,,placement_multiplier,placementRestOfSearch,0,43,cpc,placement,0,0,2026-09-16,,,,,,
placement modifier reset,D-LC-SP-blackout curtains 90+ inches long-(Blackout)-LSV-Exact-Conv-DO-LINEN-CURTAIN-52x90-LIGHT-GREY-2-PCS,campaign,,,placement_multiplier,placementTop,0,200,cpc,placement,0,0,2026-09-16,,,,,,
placement modifier reset,D-LC-SP-blackout curtains 90+ inches long-(Blackout)-LSV-Exact-Conv-DO-LINEN-CURTAIN-52x90-LIGHT-GREY-2-PCS,campaign,,,placement_multiplier,placementRestOfSearch,0,120,cpc,placement,0,0,2026-09-16,,,,,,
placement modifier reset,D-LC-SP-EXACT-RAN-DO-(Curtains|Blackout)-(LINEN-CURTAIN-52x96-BEIGE-2-PCS)-(beige blackout curtains 96 inches long),campaign,,,placement_multiplier,placementTop,0,117,cpc,placement,0,0,2026-09-16,,,,,,
placement modifier reset,D-LC-SP-EXACT-RAN-DO-(Curtains|Blackout)-(LINEN-CURTAIN-52x96-BEIGE-2-PCS)-(beige blackout curtains 96 inches long),campaign,,,placement_multiplier,placementRestOfSearch,0,59,cpc,placement,0,0,2026-09-16,,,,,,
placement modifier reset,D-LC-SP-EXACT-RAN-DO-(Curtains|Blackout|Living Room)-(LINEN-CURTAIN-52x90-BEIGE-2-PCS)-(blackout curtains living room),campaign,,,placement_multiplier,placementTop,0,95,cpc,placement,0.77,1.5,2026-09-16,,,,,,
placement modifier reset,D-LC-SP-EXACT-RAN-DO-(Curtains|Blackout|Living Room)-(LINEN-CURTAIN-52x90-BEIGE-2-PCS)-(blackout curtains living room),campaign,,,placement_multiplier,placementRestOfSearch,0,43,cpc,placement,0,0,2026-09-16,,,,,,
placement modifier reset,D-LC-SP-EXACT-RAN-DO-(Linen|Curtains|Blackout)-(LINEN-CURTAIN-52x90-BEIGE-2-PCS)-(blackout lined linen curtains),campaign,,,placement_multiplier,placementTop,0,96,cpc,placement,0,0,2026-09-16,,,,,,
placement modifier reset,D-LC-SP-blackout curtain for living room-(Blackout)-MSV-Exact-Conv-DO-LINEN-CURTAIN-52x96-NATURAL-2-PCS,campaign,,,placement_multiplier,placementTop,0,200,cpc,placement,0,0,2026-09-16,,,,,,
placement modifier reset,D-LC-SP-blackout curtain for living room-(Blackout)-MSV-Exact-Conv-DO-LINEN-CURTAIN-52x96-NATURAL-2-PCS,campaign,,,placement_multiplier,placementRestOfSearch,0,120,cpc,placement,0,0,2026-09-16,,,,,,
placement modifier reset,D-LC-SP-cream blackout curtains-(Blackout)-VHSV-Exact-Conv-DO-LINEN-CURTAIN-52x84-IVORY-2-PCS,campaign,,,placement_multiplier,placementTop,0,200,cpc,placement,0,0,2026-09-16,,,,,,
placement modifier reset,D-LC-SP-cream blackout curtains-(Blackout)-VHSV-Exact-Conv-DO-LINEN-CURTAIN-52x84-IVORY-2-PCS,campaign,,,placement_multiplier,placementRestOfSearch,0,120,cpc,placement,0,0,2026-09-16,,,,,,
placement modifier reset,D-LC-SP-light gray linen curtains-(Linen)-LSV-Exact-Conv-DO-LINEN-CURTAIN-52x84-LIGHT-GREY-2-PCS,campaign,,,placement_multiplier,placementTop,0,260,cpc,placement,0.5,1.8,2026-09-16,,,,,,
placement modifier reset,D-LC-SP-EXACT-RAN-DO-(Curtains|Blackout)-(LINEN-CURTAIN-52x96-IVORY-2-PCS)-(warm ivory blackout curtains),campaign,,,placement_multiplier,placementTop,0,56,cpc,placement,0,0,2026-09-16,,,,,,
placement modifier reset,D-LC-SP-EXACT-RAN-DO-(Curtains|Blackout)-(LINEN-CURTAIN-52x96-IVORY-2-PCS)-(warm ivory blackout curtains),campaign,,,placement_multiplier,placementRestOfSearch,0,15,cpc,placement,0.96,1.1,2026-09-16,,,,,,
placement modifier reset,D-LC-SP-black out curtains 90 inch long-(Blackout)-HSV-Exact-Conv-DO-LINEN-CURTAIN-52x90-LIGHT-GREY-2-PCS,campaign,,,placement_multiplier,placementTop,0,200,cpc,placement,0,0,2026-09-16,,,,,,
placement modifier reset,D-LC-SP-black out curtains 90 inch long-(Blackout)-HSV-Exact-Conv-DO-LINEN-CURTAIN-52x90-LIGHT-GREY-2-PCS,campaign,,,placement_multiplier,placementRestOfSearch,0,120,cpc,placement,0.5,1.1,2026-09-16,,,,,,
placement modifier reset,D-LC-SP-EXACT-RAN-DO-(Curtains|Blackout|Bedroom)-(52x90-BEIGE-2-PCS)-(thermal insulated blackout curtains for bedroom),campaign,,,placement_multiplier,placementTop,0,81,cpc,placement,0,0,2026-09-16,,,,,,
placement modifier reset,D-LC-SP-EXACT-RAN-DO-(Curtains|Blackout|Bedroom)-(52x90-BEIGE-2-PCS)-(thermal insulated blackout curtains for bedroom),campaign,,,placement_multiplier,placementRestOfSearch,0,33,cpc,placement,0.83,1.1,2026-09-16,,,,,,
placement modifier reset,D-LC-SP-EXACT-RAN-DO-(Curtains|Blackout|Bedroom)-(LINEN-CURTAIN-52x90-BEIGE-2-PCS)-(neutral blackout curtains for bedroom),campaign,,,placement_multiplier,placementTop,0,63,cpc,placement,0,0,2026-09-16,,,,,,
placement modifier reset,D-LC-SP-EXACT-RAN-DO-(Curtains|Blackout|Bedroom)-(LINEN-CURTAIN-52x90-BEIGE-2-PCS)-(neutral blackout curtains for bedroom),campaign,,,placement_multiplier,placementRestOfSearch,0,20,cpc,placement,0,0,2026-09-16,,,,,,
placement modifier reset,D-LC-SP-EXACT-RAN-DO-(Linen|Curtains|Blackout|Bedroom)-(LINEN-CURTAIN-52x90-BEIGE-2-PCS)-(linen blackout curtains for bedroom),campaign,,,placement_multiplier,placementTop,0,76,cpc,placement,0,0,2026-09-16,,,,,,
placement modifier reset,D-LC-SP-EXACT-RAN-DO-(Curtains|Blackout|Bedroom)-(52x63-LINEN-2-PCS)-(blackout curtains for bedroom 63 inches long),campaign,,,placement_multiplier,placementTop,0,173,cpc,placement,0.55,1.5,2026-09-16,,,,,,
placement modifier reset,D-LC-SP-EXACT-RAN-DO-(Curtains|Blackout|Bedroom)-(52x63-LINEN-2-PCS)-(blackout curtains for bedroom 63 inches long),campaign,,,placement_multiplier,placementRestOfSearch,0,100,cpc,placement,0,0,2026-09-16,,,,,,
placement modifier reset,D-LC-SP-EXACT-RAN-DO-(Linen|Curtains|Blackout)-(LINEN-CURTAIN-52x90-BEIGE-2-PCS)-(blackout curtain linen),campaign,,,placement_multiplier,placementTop,0,181,cpc,placement,0,0,2026-09-16,,,,,,
placement modifier reset,D-LC-SP-EXACT-RAN-DO-(Curtains|Blackout)-(LINEN-CURTAIN-52x63-LINEN-2-PCS)-(blackout curtains 52x63),campaign,,,placement_multiplier,placementTop,0,200,cpc,placement,0,0,2026-09-16,,,,,,
placement modifier reset,D-LC-SP-EXACT-RAN-DO-(Curtains|Blackout)-(LINEN-CURTAIN-52x63-LINEN-2-PCS)-(blackout curtains 52x63),campaign,,,placement_multiplier,placementRestOfSearch,0,120,cpc,placement,0.5,1.1,2026-09-16,,,,,,
placement modifier reset,D-Linen Curtains-SP-Exact-Ranking-Fixed-LINEN-CURTAIN-52x96-LIGHT-BEIGE-2-PCS-B0F639YZ3D-G,campaign,,,placement_multiplier,placementTop,0,61,cpc,placement,0,0,2026-09-16,,,,,,
placement modifier reset,D-LC-SP-linen textured curtains bedroom-(Linen)-HSV-Exact-Conv-DO-LINEN-CURTAIN-52x84-NATURAL-2-PCS,campaign,,,placement_multiplier,placementTop,0,260,cpc,placement,0.49,1.77,2026-09-16,,,,,,
placement modifier reset,D-LC-SP-EXACT-RAN-DO-(Curtains|Blackout)-(LINEN-CURTAIN-52x90-BEIGE-2-PCS)-(90 inch curtains blackout),campaign,,,placement_multiplier,placementTop,0,131,cpc,placement,0,0,2026-09-16,,,,,,
placement modifier reset,D-LC-SP-EXACT-RAN-DO-(Curtains|Blackout)-(LINEN-CURTAIN-52x90-BEIGE-2-PCS)-(90 inch curtains blackout),campaign,,,placement_multiplier,placementRestOfSearch,0,69,cpc,placement,0,0,2026-09-16,,,,,,
placement modifier reset,D-LC-SP-EXACT-RAN-DO-(Curtains|Blackout|Bedroom)-(52x72-LIGHT-BEIGE-2-PCS)-(blackout curtains for bedroom 72 inches long),campaign,,,placement_multiplier,placementTop,0,76,cpc,placement,0,0,2026-09-16,,,,,,
placement modifier reset,D-LC-SP-EXACT-RAN-DO-(Curtains|Blackout|Bedroom)-(52x72-LIGHT-BEIGE-2-PCS)-(blackout curtains for bedroom 72 inches long),campaign,,,placement_multiplier,placementRestOfSearch,0,29,cpc,placement,0,0,2026-09-16,,,,,,
placement modifier reset,D-LC-SP-room darkening curtains 84 inches long-(Blackout)-HSV-Exact-Conv-DO-LINEN-CURTAIN-52x84-BEIGE-2-PCS,campaign,,,placement_multiplier,placementTop,0,200,cpc,placement,0.5,1.5,2026-09-16,,,,,,
placement modifier reset,D-LC-SP-room darkening curtains 84 inches long-(Blackout)-HSV-Exact-Conv-DO-LINEN-CURTAIN-52x84-BEIGE-2-PCS,campaign,,,placement_multiplier,placementRestOfSearch,0,120,cpc,placement,0,0,2026-09-16,,,,,,
placement modifier reset,D-LC-SP-EXACT-RAN-DO-(Curtains|Blackout|Bedroom)-(52x108-IVORY-2-PCS)-(blackout curtains for bedroom 108 inches long),campaign,,,placement_multiplier,placementTop,0,127,cpc,placement,0.66,1.49,2026-09-16,,,,,,
placement modifier reset,D-LC-SP-EXACT-RAN-DO-(Curtains|Blackout|Bedroom)-(52x108-IVORY-2-PCS)-(blackout curtains for bedroom 108 inches long),campaign,,,placement_multiplier,placementRestOfSearch,0,67,cpc,placement,0,0,2026-09-16,,,,,,
placement modifier reset,D-LC-SP-EXACT-RAN-DO-(Curtains|Blackout|Bedroom)-(LINEN-CURTAIN-52x84-NATURAL-2-PCS)-(bedroom curtains blackout),campaign,,,placement_multiplier,placementTop,0,81,cpc,placement,0,0,2026-09-16,,,,,,
placement modifier reset,D-LC-SP-EXACT-RAN-DO-(Curtains|Blackout|Bedroom)-(LINEN-CURTAIN-52x84-NATURAL-2-PCS)-(bedroom curtains blackout),campaign,,,placement_multiplier,placementRestOfSearch,0,33,cpc,placement,0.83,1.1,2026-09-16,,,,,,
placement modifier reset,D-LC-SP-EXACT-RAN-DO-(Curtains|Blackout)-(LINEN-CURTAIN-52x90-BEIGE-2-PCS)-(blackout curtains 2 panel set),campaign,,,placement_multiplier,placementTop,0,100,cpc,placement,0,0,2026-09-16,,,,,,
placement modifier reset,D-LC-SP-EXACT-RAN-DO-(Curtains|Blackout)-(LINEN-CURTAIN-52x90-BEIGE-2-PCS)-(blackout curtains 2 panel set),campaign,,,placement_multiplier,placementRestOfSearch,0,47,cpc,placement,0,0,2026-09-16,,,,,,
placement modifier reset,D-LC-SP-EXACT-RAN-DO-(Curtains|Blackout)-(LINEN-CURTAIN-52x72-LIGHT-BEIGE-2-PCS)-(72 blackout curtains),campaign,,,placement_multiplier,placementTop,0,92,cpc,placement,0.78,1.49,2026-09-16,,,,,,
placement modifier reset,D-LC-SP-EXACT-RAN-DO-(Curtains|Blackout)-(LINEN-CURTAIN-52x72-LIGHT-BEIGE-2-PCS)-(72 blackout curtains),campaign,,,placement_multiplier,placementRestOfSearch,0,41,cpc,placement,0,0,2026-09-16,,,,,,
placement modifier reset,D-LC-SP-EXACT-RAN-DO-(Curtains|Blackout)-(LINEN-CURTAIN-52x63-LINEN-2-PCS)-(52 x 63 blackout curtains),campaign,,,placement_multiplier,placementTop,0,206,cpc,placement,0,0,2026-09-16,,,,,,
placement modifier reset,D-LC-SP-EXACT-RAN-DO-(Curtains|Blackout)-(LINEN-CURTAIN-52x63-LINEN-2-PCS)-(52 x 63 blackout curtains),campaign,,,placement_multiplier,placementRestOfSearch,0,124,cpc,placement,0.49,1.09,2026-09-16,,,,,,
placement modifier reset,D-LC-SP-EXACT-RAN-DO-(Curtains|Blackout)-(LINEN-CURTAIN-52x63-LINEN-2-PCS)-(52x63 blackout curtains 2 panels),campaign,,,placement_multiplier,placementTop,0,275,cpc,placement,0,0,2026-09-16,,,,,,
placement modifier reset,D-LC-SP-EXACT-RAN-DO-(Curtains|Blackout)-(LINEN-CURTAIN-52x63-LINEN-2-PCS)-(52x63 blackout curtains 2 panels),campaign,,,placement_multiplier,placementRestOfSearch,0,175,cpc,placement,0,0,2026-09-16,,,,,,
placement modifier reset,D-LC-SP-ivory black out curtains-(Blackout)-MSV-Exact-Conv-DO-LINEN-CURTAIN-52x84-IVORY-2-PCS,campaign,,,placement_multiplier,placementTop,0,200,cpc,placement,0,0,2026-09-16,,,,,,
placement modifier reset,D-LC-SP-ivory black out curtains-(Blackout)-MSV-Exact-Conv-DO-LINEN-CURTAIN-52x84-IVORY-2-PCS,campaign,,,placement_multiplier,placementRestOfSearch,0,120,cpc,placement,0,0,2026-09-16,,,,,,
placement modifier reset,D-LC-SP-white blackout curtains 72 inches long-(Blackout)-LSV-Exact-Conv-DO-LINEN-CURTAIN-52x72-IVORY-2-PCS,campaign,,,placement_multiplier,placementTop,0,200,cpc,placement,0.5,1.5,2026-09-16,,,,,,
placement modifier reset,D-LC-SP-white blackout curtains 72 inches long-(Blackout)-LSV-Exact-Conv-DO-LINEN-CURTAIN-52x72-IVORY-2-PCS,campaign,,,placement_multiplier,placementRestOfSearch,0,120,cpc,placement,0,0,2026-09-16,,,,,,
placement modifier reset,D-LC-SP-EXACT-RAN-DO-(Curtains|Blackout)-(LINEN-CURTAIN-52x72-LIGHT-BEIGE-2-PCS)-(blackout curtains 52x72),campaign,,,placement_multiplier,placementTop,0,92,cpc,placement,0,0,2026-09-16,,,,,,
placement modifier reset,D-LC-SP-EXACT-RAN-DO-(Curtains|Blackout)-(LINEN-CURTAIN-52x72-LIGHT-BEIGE-2-PCS)-(blackout curtains 52x72),campaign,,,placement_multiplier,placementRestOfSearch,0,41,cpc,placement,0,0,2026-09-16,,,,,,
placement modifier reset,D-LC-SP-room darkening curtains 96 inches long-(Blackout)-MSV-Exact-Conv-DO-LINEN-CURTAIN-52x96-BEIGE-2-PCS,campaign,,,placement_multiplier,placementTop,0,200,cpc,placement,0,0,2026-09-16,,,,,,
placement modifier reset,D-LC-SP-room darkening curtains 96 inches long-(Blackout)-MSV-Exact-Conv-DO-LINEN-CURTAIN-52x96-BEIGE-2-PCS,campaign,,,placement_multiplier,placementRestOfSearch,0,120,cpc,placement,0,0,2026-09-16,,,,,,
placement modifier reset,D-LC-SP-blackout curtain 72 inches long-(Blackout)-LSV-Exact-Conv-DO-LINEN-CURTAIN-52x72-LIGHT-BEIGE-2-PCS,campaign,,,placement_multiplier,placementTop,0,200,cpc,placement,0,0,2026-09-16,,,,,,
placement modifier reset,D-LC-SP-blackout curtain 72 inches long-(Blackout)-LSV-Exact-Conv-DO-LINEN-CURTAIN-52x72-LIGHT-BEIGE-2-PCS,campaign,,,placement_multiplier,placementRestOfSearch,0,120,cpc,placement,0,0,2026-09-16,,,,,,
placement modifier reset,D-LC-SP-EXACT-RAN-DO-(Curtains|Blackout|Bedroom)-(LINEN-CURTAIN-52x84-NATURAL-2-PCS)-(blackout bedroom curtain),campaign,,,placement_multiplier,placementTop,0,100,cpc,placement,0,0,2026-09-16,,,,,,
placement modifier reset,D-LC-SP-EXACT-RAN-DO-(Curtains|Blackout|Bedroom)-(LINEN-CURTAIN-52x84-NATURAL-2-PCS)-(blackout bedroom curtain),campaign,,,placement_multiplier,placementRestOfSearch,0,47,cpc,placement,0,0,2026-09-16,,,,,,
placement modifier reset,D-LC-SP-EXACT-RAN-DO-(Curtains|Blackout)-(LINEN-CURTAIN-52x72-LIGHT-BEIGE-2-PCS)-(72 inch curtains blackout),campaign,,,placement_multiplier,placementTop,0,206,cpc,placement,0.49,1.49,2026-09-16,,,,,,
placement modifier reset,D-LC-SP-EXACT-RAN-DO-(Curtains|Blackout)-(LINEN-CURTAIN-52x72-LIGHT-BEIGE-2-PCS)-(72 inch curtains blackout),campaign,,,placement_multiplier,placementRestOfSearch,0,124,cpc,placement,0,0,2026-09-16,,,,,,
placement modifier reset,D-LC-SP-EXACT-RAN-DO-(Curtains|Blackout)-(LINEN-CURTAIN-52x63-LINEN-2-PCS)-(curtains blackout 63 inch length),campaign,,,placement_multiplier,placementTop,0,257,cpc,placement,0.39,1.39,2026-09-16,,,,,,
placement modifier reset,D-LC-SP-EXACT-RAN-DO-(Curtains|Blackout)-(LINEN-CURTAIN-52x63-LINEN-2-PCS)-(curtains blackout 63 inch length),campaign,,,placement_multiplier,placementRestOfSearch,0,162,cpc,placement,0,0,2026-09-16,,,,,,
placement modifier reset,D-LC-SP-EXACT-RAN-DO-(Curtains|Blackout)-(LINEN-CURTAIN-52x84-NATURAL-2-PCS)-(52 x 84 blackout curtains),campaign,,,placement_multiplier,placementTop,0,67,cpc,placement,0.9,1.5,2026-09-16,,,,,,
placement modifier reset,D-LC-SP-EXACT-RAN-DO-(Curtains|Blackout)-(LINEN-CURTAIN-52x84-NATURAL-2-PCS)-(52 x 84 blackout curtains),campaign,,,placement_multiplier,placementRestOfSearch,0,22,cpc,placement,0,0,2026-09-16,,,,,,
placement modifier reset,D-LC-SP-off white blackout curtains-(Blackout)-HSV-Exact-Conv-DO-LINEN-CURTAIN-52x84-IVORY-2-PCS,campaign,,,placement_multiplier,placementTop,0,200,cpc,placement,0.48,1.45,2026-09-16,,,,,,
placement modifier reset,D-LC-SP-off white blackout curtains-(Blackout)-HSV-Exact-Conv-DO-LINEN-CURTAIN-52x84-IVORY-2-PCS,campaign,,,placement_multiplier,placementRestOfSearch,0,120,cpc,placement,0,0,2026-09-16,,,,,,
placement modifier reset,D-LC-SP-EXACT-RAN-DO-(Curtains|Blackout|Bedroom)-(52x120-NATURAL-2-PCS)-(blackout curtains for bedroom 120 inches long),campaign,,,placement_multiplier,placementTop,0,131,cpc,placement,0,0,2026-09-16,,,,,,
placement modifier reset,D-LC-SP-EXACT-RAN-DO-(Curtains|Blackout|Bedroom)-(52x120-NATURAL-2-PCS)-(blackout curtains for bedroom 120 inches long),campaign,,,placement_multiplier,placementRestOfSearch,0,69,cpc,placement,0.64,1.09,2026-09-16,,,,,,
placement modifier reset,D-LC-SP-short blackout curtains-(Blackout)-VHSV-Exact-Conv-DO-LINEN-CURTAIN-52x63-LINEN-2-PCS,campaign,,,placement_multiplier,placementTop,0,200,cpc,placement,0,0,2026-09-16,,,,,,
placement modifier reset,D-LC-SP-short blackout curtains-(Blackout)-VHSV-Exact-Conv-DO-LINEN-CURTAIN-52x63-LINEN-2-PCS,campaign,,,placement_multiplier,placementRestOfSearch,0,120,cpc,placement,0,0,2026-09-16,,,,,,
placement modifier reset,D-Linen Curtains-SP-Exact-Ranking-Fixed-LINEN-CURTAIN-52x96-LIGHT-BEIGE-2-PCS-B0F639YZ3D - linen beige curtains,campaign,,,placement_multiplier,placementTop,0,260,cpc,placement,0.5,1.8,2026-09-16,,,,,,
placement modifier reset,D-LC-SP-beige linen curtains-(Linen)-HSV-Exact-Conv-DO-LINEN-CURTAIN-52x84-BEIGE-2-PCS,campaign,,,placement_multiplier,placementTop,0,260,cpc,placement,0.5,1.8,2026-09-16,,,,,,
placement modifier reset,D-LC-SP-extra long blackout curtains-(Blackout)-MSV-Exact-Conv-DO-LINEN-CURTAIN-52x108-BEIGE-2-PCS,campaign,,,placement_multiplier,placementTop,0,200,cpc,placement,0,0,2026-09-16,,,,,,
placement modifier reset,D-LC-SP-extra long blackout curtains-(Blackout)-MSV-Exact-Conv-DO-LINEN-CURTAIN-52x108-BEIGE-2-PCS,campaign,,,placement_multiplier,placementRestOfSearch,0,120,cpc,placement,0,0,2026-09-16,,,,,,
placement modifier reset,D-LC-SP-darkening curtains-(Blackout)-HSV-Exact-Conv-DO-LINEN-CURTAIN-52x96-NATURAL-2-PCS,campaign,,,placement_multiplier,placementTop,0,200,cpc,placement,0,0,2026-09-16,,,,,,
placement modifier reset,D-LC-SP-darkening curtains-(Blackout)-HSV-Exact-Conv-DO-LINEN-CURTAIN-52x96-NATURAL-2-PCS,campaign,,,placement_multiplier,placementRestOfSearch,0,120,cpc,placement,0,0,2026-09-16,,,,,,
placement modifier reset,D-LC-SP-EXACT-RAN-DO-(Curtains|Blackout)-(LINEN-CURTAIN-52x90-BEIGE-2-PCS)-(beige blackout curtains),campaign,,,placement_multiplier,placementTop,0,131,cpc,placement,0,0,2026-09-16,,,,,,
placement modifier reset,D-LC-SP-EXACT-RAN-DO-(Curtains|Blackout)-(LINEN-CURTAIN-52x90-BEIGE-2-PCS)-(beige blackout curtains),campaign,,,placement_multiplier,placementRestOfSearch,0,69,cpc,placement,0.64,1.09,2026-09-16,,,,,,
placement modifier reset,D-LC-SP-cortinas blackout-(Blackout-ES)-HSV-Exact-Conv-DO-LINEN-CURTAIN-52x96-NATURAL-2-PCS,campaign,,,placement_multiplier,placementTop,0,200,cpc,placement,0,0,2026-09-16,,,,,,
placement modifier reset,D-LC-SP-cortinas blackout-(Blackout-ES)-HSV-Exact-Conv-DO-LINEN-CURTAIN-52x96-NATURAL-2-PCS,campaign,,,placement_multiplier,placementRestOfSearch,0,120,cpc,placement,0,0,2026-09-16,,,,,,
placement modifier reset,D-LC-SP-blackout curtains 72 inches wide-(Blackout)-MSV-Exact-Conv-DO-LINEN-CURTAIN-52x72-LIGHT-BEIGE-2-PCS,campaign,,,placement_multiplier,placementTop,0,200,cpc,placement,0,0,2026-09-16,,,,,,
placement modifier reset,D-LC-SP-blackout curtains 72 inches wide-(Blackout)-MSV-Exact-Conv-DO-LINEN-CURTAIN-52x72-LIGHT-BEIGE-2-PCS,campaign,,,placement_multiplier,placementRestOfSearch,0,120,cpc,placement,0,0,2026-09-16,,,,,,
placement modifier reset,D-LC-SP-63 inch curtains blackout-(Blackout)-LSV-Exact-Conv-DO-LINEN-CURTAIN-52x63-LINEN-2-PCS,campaign,,,placement_multiplier,placementTop,0,200,cpc,placement,0.45,1.36,2026-09-16,,,,,,
placement modifier reset,D-LC-SP-63 inch curtains blackout-(Blackout)-LSV-Exact-Conv-DO-LINEN-CURTAIN-52x63-LINEN-2-PCS,campaign,,,placement_multiplier,placementRestOfSearch,0,120,cpc,placement,0,0,2026-09-16,,,,,,
placement modifier reset,D-LC-SP-light grey linen curtains-(Linen)-LSV-Exact-Conv-DO-LINEN-CURTAIN-52x84-LIGHT-GREY-2-PCS,campaign,,,placement_multiplier,placementTop,0,260,cpc,placement,0,0,2026-09-16,,,,,,
placement modifier reset,D-LC-SP-EXACT-RAN-DO-(Curtains|Blackout)-(LINEN-CURTAIN-52x90-BEIGE-2-PCS)-(90 blackout curtains 2 panel set),campaign,,,placement_multiplier,placementTop,0,150,cpc,placement,0,0,2026-09-16,,,,,,
placement modifier reset,D-LC-SP-EXACT-RAN-DO-(Curtains|Blackout)-(LINEN-CURTAIN-52x90-BEIGE-2-PCS)-(90 blackout curtains 2 panel set),campaign,,,placement_multiplier,placementRestOfSearch,0,83,cpc,placement,0,0,2026-09-16,,,,,,
placement modifier reset,D-LC-SP-EXACT-RAN-DO-(Curtains|Blackout)-(LINEN-CURTAIN-52x84-BEIGE-2-PCS)-(beige blackout curtains 84 inches long),campaign,,,placement_multiplier,placementTop,0,108,cpc,placement,0,0,2026-09-16,,,,,,
placement modifier reset,D-LC-SP-EXACT-RAN-DO-(Curtains|Blackout)-(LINEN-CURTAIN-52x84-BEIGE-2-PCS)-(beige blackout curtains 84 inches long),campaign,,,placement_multiplier,placementRestOfSearch,0,53,cpc,placement,0,0,2026-09-16,,,,,,
placement modifier reset,D-LC-SP-EXACT-RAN-DO-(Curtains|Blackout)-(LINEN-CURTAIN-52x84-NATURAL-2-PCS)-(textured blackout curtains),campaign,,,placement_multiplier,placementTop,0,121,cpc,placement,0,0,2026-09-16,,,,,,
placement modifier reset,D-LC-SP-EXACT-RAN-DO-(Curtains|Blackout)-(LINEN-CURTAIN-52x84-NATURAL-2-PCS)-(textured blackout curtains),campaign,,,placement_multiplier,placementRestOfSearch,0,62,cpc,placement,0,0,2026-09-16,,,,,,
placement modifier reset,D-LC-SP-linen curtains 120 inches long-(Linen)-LSV-Exact-Conv-DO-LINEN-CURTAIN-52x120-LINEN-2-PCS,campaign,,,placement_multiplier,placementTop,0,260,cpc,placement,0.5,1.8,2026-09-16,,,,,,
placement modifier reset,D-LC-SP-black out linen curtains-(Linen)-HSV-Exact-Conv-DO-LINEN-CURTAIN-52x96-NATURAL-2-PCS,campaign,,,placement_multiplier,placementTop,0,260,cpc,placement,0.5,1.8,2026-09-16,,,,,,
placement modifier reset,D-LC-SP-72 blackout curtains 2 panel set-(Blackout)-LSV-Exact-Conv-DO-LINEN-CURTAIN-52x72-LIGHT-BEIGE-2-PCS,campaign,,,placement_multiplier,placementTop,0,200,cpc,placement,0.5,1.5,2026-09-16,,,,,,
placement modifier reset,D-LC-SP-72 blackout curtains 2 panel set-(Blackout)-LSV-Exact-Conv-DO-LINEN-CURTAIN-52x72-LIGHT-BEIGE-2-PCS,campaign,,,placement_multiplier,placementRestOfSearch,0,120,cpc,placement,0.5,1.1,2026-09-16,,,,,,
placement modifier reset,D-LC-SP-EXACT-RAN-DO-(Curtains|Blackout)-(LINEN-CURTAIN-52x84-NATURAL-2-PCS)-(blackout curtains 84),campaign,,,placement_multiplier,placementTop,0,69,cpc,placement,0,0,2026-09-16,,,,,,
placement modifier reset,D-LC-SP-EXACT-RAN-DO-(Curtains|Blackout)-(LINEN-CURTAIN-52x84-NATURAL-2-PCS)-(blackout curtains 84),campaign,,,placement_multiplier,placementRestOfSearch,0,24,cpc,placement,0,0,2026-09-16,,,,,,
placement modifier reset,D-LC-SP-63 inch blackout curtains 2 panel set-(Blackout)-LSV-Exact-Conv-DO-LINEN-CURTAIN-52x63-LINEN-2-PCS,campaign,,,placement_multiplier,placementTop,0,200,cpc,placement,0,0,2026-09-16,,,,,,
placement modifier reset,D-LC-SP-63 inch blackout curtains 2 panel set-(Blackout)-LSV-Exact-Conv-DO-LINEN-CURTAIN-52x63-LINEN-2-PCS,campaign,,,placement_multiplier,placementRestOfSearch,0,120,cpc,placement,0,0,2026-09-16,,,,,,
placement modifier reset,D-LC-SP-white room darkening curtains-(Blackout)-MSV-Exact-Conv-DO-LINEN-CURTAIN-52x84-IVORY-2-PCS,campaign,,,placement_multiplier,placementTop,0,200,cpc,placement,0,0,2026-09-16,,,,,,
placement modifier reset,D-LC-SP-white room darkening curtains-(Blackout)-MSV-Exact-Conv-DO-LINEN-CURTAIN-52x84-IVORY-2-PCS,campaign,,,placement_multiplier,placementRestOfSearch,0,120,cpc,placement,0,0,2026-09-16,,,,,,
placement modifier reset,D-LC-SP-EXACT-RAN-DO-(Curtains|Blackout)-(LINEN-CURTAIN-52x84-NATURAL-2-PCS)-(84 inch blackout curtains 2 panel set),campaign,,,placement_multiplier,placementTop,0,29,cpc,placement,0,0,2026-09-16,,,,,,
placement modifier reset,D-LC-SP-EXACT-RAN-DO-(Curtains|Blackout|Bedroom)-(LINEN-CURTAIN-52x84-NATURAL-2-PCS)-(curtains for bedroom blackout),campaign,,,placement_multiplier,placementTop,0,100,cpc,placement,0,0,2026-09-16,,,,,,
placement modifier reset,D-LC-SP-EXACT-RAN-DO-(Curtains|Blackout|Bedroom)-(LINEN-CURTAIN-52x84-NATURAL-2-PCS)-(curtains for bedroom blackout),campaign,,,placement_multiplier,placementRestOfSearch,0,47,cpc,placement,0,0,2026-09-16,,,,,,
placement modifier reset,D-LC-SP-EXACT-RAN-DO-(Curtains|Blackout)-(LINEN-CURTAIN-52x90-BEIGE-2-PCS)-(wide panel blackout curtains 52 inch),campaign,,,placement_multiplier,placementTop,0,79,cpc,placement,0,0,2026-09-16,,,,,,
placement modifier reset,D-LC-SP-EXACT-RAN-DO-(Curtains|Blackout)-(LINEN-CURTAIN-52x90-BEIGE-2-PCS)-(wide panel blackout curtains 52 inch),campaign,,,placement_multiplier,placementRestOfSearch,0,31,cpc,placement,0,0,2026-09-16,,,,,,
placement modifier reset,D-LC-SP-EXACT-RAN-DO-(Curtains|Blackout)-(LINEN-CURTAIN-52x90-BEIGE-2-PCS)-(long blackout curtains),campaign,,,placement_multiplier,placementTop,0,168,cpc,placement,0,0,2026-09-16,,,,,,
placement modifier reset,D-LC-SP-EXACT-RAN-DO-(Curtains|Blackout)-(LINEN-CURTAIN-52x90-BEIGE-2-PCS)-(long blackout curtains),campaign,,,placement_multiplier,placementRestOfSearch,0,96,cpc,placement,0,0,2026-09-16,,,,,,
placement modifier reset,D-LC-SP-blackout curtains 120-(Blackout)-LSV-Exact-Conv-DO-LINEN-CURTAIN-52x120-LINEN-2-PCS,campaign,,,placement_multiplier,placementTop,0,200,cpc,placement,0,0,2026-09-16,,,,,,
placement modifier reset,D-LC-SP-blackout curtains 120-(Blackout)-LSV-Exact-Conv-DO-LINEN-CURTAIN-52x120-LINEN-2-PCS,campaign,,,placement_multiplier,placementRestOfSearch,0,120,cpc,placement,0.5,1.1,2026-09-16,,,,,,
placement modifier reset,D-LC-SP-EXACT-RAN-DO-(Curtains|Blackout)-(LINEN-CURTAIN-52x96-IVORY-2-PCS)-(ivory blackout curtains 96 inches long),campaign,,,placement_multiplier,placementTop,0,121,cpc,placement,0,0,2026-09-16,,,,,,
placement modifier reset,D-LC-SP-EXACT-RAN-DO-(Curtains|Blackout)-(LINEN-CURTAIN-52x96-IVORY-2-PCS)-(ivory blackout curtains 96 inches long),campaign,,,placement_multiplier,placementRestOfSearch,0,62,cpc,placement,0.68,1.1,2026-09-16,,,,,,
placement modifier reset,D-LC-SP-EXACT-RAN-DO-(Curtains|Blackout)-(LINEN-CURTAIN-52x72-LIGHT-BEIGE-2-PCS)-(52x72 blackout curtains),campaign,,,placement_multiplier,placementTop,0,173,cpc,placement,0,0,2026-09-16,,,,,,
placement modifier reset,D-LC-SP-EXACT-RAN-DO-(Curtains|Blackout)-(LINEN-CURTAIN-52x72-LIGHT-BEIGE-2-PCS)-(52x72 blackout curtains),campaign,,,placement_multiplier,placementRestOfSearch,0,100,cpc,placement,0,0,2026-09-16,,,,,,
placement modifier reset,D-LC-SP-120 inch linen curtains-(Linen)-MSV-Exact-Conv-DO-LINEN-CURTAIN-52x120-LINEN-2-PCS,campaign,,,placement_multiplier,placementTop,0,260,cpc,placement,0,0,2026-09-16,,,,,,
placement modifier reset,D-LC-SP-cortinas blackout para dormitorio-(Blackout-ES)-VHSV-Exact-Conv-DO-LINEN-CURTAIN-52x96-NATURAL-2-PCS,campaign,,,placement_multiplier,placementTop,0,200,cpc,placement,0.5,1.5,2026-09-16,,,,,,
placement modifier reset,D-LC-SP-cortinas blackout para dormitorio-(Blackout-ES)-VHSV-Exact-Conv-DO-LINEN-CURTAIN-52x96-NATURAL-2-PCS,campaign,,,placement_multiplier,placementRestOfSearch,0,120,cpc,placement,0.5,1.1,2026-09-16,,,,,,
placement modifier reset,D-LC-SP-EXACT-RAN-DO-(Curtains|Blackout)-(LINEN-CURTAIN-52x108-IVORY-2-PCS)-(108 blackout curtains 2 panel set),campaign,,,placement_multiplier,placementTop,0,150,cpc,placement,0.6,1.5,2026-09-16,,,,,,
placement modifier reset,D-LC-SP-EXACT-RAN-DO-(Curtains|Blackout)-(LINEN-CURTAIN-52x108-IVORY-2-PCS)-(108 blackout curtains 2 panel set),campaign,,,placement_multiplier,placementRestOfSearch,0,83,cpc,placement,0,0,2026-09-16,,,,,,
placement modifier reset,D-LC-SP-EXACT-RAN-DO-(Curtains|Blackout)-(LINEN-CURTAIN-52x90-BEIGE-2-PCS)-(curtains blackout 90 inches long),campaign,,,placement_multiplier,placementTop,0,56,cpc,placement,0,0,2026-09-16,,,,,,
placement modifier reset,D-LC-SP-EXACT-RAN-DO-(Curtains|Blackout)-(LINEN-CURTAIN-52x90-BEIGE-2-PCS)-(curtains blackout 90 inches long),campaign,,,placement_multiplier,placementRestOfSearch,0,15,cpc,placement,0,0,2026-09-16,,,,,,
placement modifier reset,D-LC-SP-linen curtains for bedroom-(Linen)-HSV-Exact-Conv-DO-LINEN-CURTAIN-52x84-NATURAL-2-PCS,campaign,,,placement_multiplier,placementTop,0,260,cpc,placement,0,0,2026-09-16,,,,,,
placement modifier reset,D-LC-SP-EXACT-RAN-DO-(Curtains|Blackout)-(LINEN-CURTAIN-52x90-BEIGE-2-PCS)-(luxury blackout curtains),campaign,,,placement_multiplier,placementTop,0,88,cpc,placement,0,0,2026-09-16,,,,,,
placement modifier reset,D-LC-SP-EXACT-RAN-DO-(Curtains|Blackout)-(LINEN-CURTAIN-52x90-BEIGE-2-PCS)-(luxury blackout curtains),campaign,,,placement_multiplier,placementRestOfSearch,0,38,cpc,placement,0,0,2026-09-16,,,,,,
placement modifier reset,D-LC-SP-EXACT-RAN-DO-(Curtains|Blackout)-(LINEN-CURTAIN-52x84-NATURAL-2-PCS)-(lightweight blackout curtains),campaign,,,placement_multiplier,placementTop,0,114,cpc,placement,0,0,2026-09-16,,,,,,
placement modifier reset,D-LC-SP-EXACT-RAN-DO-(Curtains|Blackout)-(LINEN-CURTAIN-52x84-NATURAL-2-PCS)-(lightweight blackout curtains),campaign,,,placement_multiplier,placementRestOfSearch,0,57,cpc,placement,0,0,2026-09-16,,,,,,
placement modifier reset,D-LC-SP-EXACT-RAN-DO-(Curtains|Blackout)-(LINEN-CURTAIN-52x63-LINEN-2-PCS)-(blackout curtains 63),campaign,,,placement_multiplier,placementTop,0,178,cpc,placement,0,0,2026-09-16,,,,,,
placement modifier reset,D-LC-SP-EXACT-RAN-DO-(Curtains|Blackout)-(LINEN-CURTAIN-52x63-LINEN-2-PCS)-(blackout curtains 63),campaign,,,placement_multiplier,placementRestOfSearch,0,104,cpc,placement,0,0,2026-09-16,,,,,,
placement modifier reset,D-LC-SP-EXACT-RAN-DO-(Curtains|Blackout|Living Room)-(LINEN-CURTAIN-52x84-NATURAL-2-PCS)-(living room blackout curtains),campaign,,,placement_multiplier,placementTop,0,108,cpc,placement,0.72,1.49,2026-09-16,,,,,,
placement modifier reset,D-LC-SP-EXACT-RAN-DO-(Curtains|Blackout|Living Room)-(LINEN-CURTAIN-52x84-NATURAL-2-PCS)-(living room blackout curtains),campaign,,,placement_multiplier,placementRestOfSearch,0,53,cpc,placement,0,0,2026-09-16,,,,,,
placement modifier reset,D-LC-SP-EXACT-RAN-DO-(Curtains|Blackout|Bedroom)-(LINEN-CURTAIN-52x90-BEIGE-2-PCS)-(curtain blackout bedroom),campaign,,,placement_multiplier,placementTop,0,76,cpc,placement,0,0,2026-09-16,,,,,,
placement modifier reset,D-LC-SP-EXACT-RAN-DO-(Curtains|Blackout|Bedroom)-(LINEN-CURTAIN-52x90-BEIGE-2-PCS)-(curtain blackout bedroom),campaign,,,placement_multiplier,placementRestOfSearch,0,29,cpc,placement,0,0,2026-09-16,,,,,,
placement modifier reset,D-LC-SP-EXACT-RAN-DO-(Curtains|Blackout|Living Room)-(LINEN-CURTAIN-52x90-BEIGE-2-PCS)-(living room curtains blackout),campaign,,,placement_multiplier,placementTop,0,88,cpc,placement,0,0,2026-09-16,,,,,,
placement modifier reset,D-LC-SP-EXACT-RAN-DO-(Curtains|Blackout|Living Room)-(LINEN-CURTAIN-52x90-BEIGE-2-PCS)-(living room curtains blackout),campaign,,,placement_multiplier,placementRestOfSearch,0,38,cpc,placement,0,0,2026-09-16,,,,,,
placement modifier reset,D-LC-SP-blackout curtains for small windows-(Blackout)-HSV-Exact-Conv-DO-LINEN-CURTAIN-52x63-LINEN-2-PCS,campaign,,,placement_multiplier,placementTop,0,200,cpc,placement,0,0,2026-09-16,,,,,,
placement modifier reset,D-LC-SP-blackout curtains for small windows-(Blackout)-HSV-Exact-Conv-DO-LINEN-CURTAIN-52x63-LINEN-2-PCS,campaign,,,placement_multiplier,placementRestOfSearch,0,120,cpc,placement,0,0,2026-09-16,,,,,,
placement modifier reset,D-LC-SP-room darkening curtains 63 inch-(Blackout)-HSV-Exact-Conv-DO-LINEN-CURTAIN-52x63-LINEN-2-PCS,campaign,,,placement_multiplier,placementTop,0,200,cpc,placement,0,0,2026-09-16,,,,,,
placement modifier reset,D-LC-SP-room darkening curtains 63 inch-(Blackout)-HSV-Exact-Conv-DO-LINEN-CURTAIN-52x63-LINEN-2-PCS,campaign,,,placement_multiplier,placementRestOfSearch,0,120,cpc,placement,0,0,2026-09-16,,,,,,
placement modifier reset,D-LC-SP-textured linen curtains-(Linen)-MSV-Exact-Conv-DO-LINEN-CURTAIN-52x84-NATURAL-2-PCS,campaign,,,placement_multiplier,placementTop,0,260,cpc,placement,0.5,1.8,2026-09-16,,,,,,
placement modifier reset,D-LC-SP-EXACT-RAN-DO-(Curtains|Blackout)-(LINEN-CURTAIN-52x84-NATURAL-2-PCS)-(natural blackout curtains),campaign,,,placement_multiplier,placementTop,0,63,cpc,placement,0,0,2026-09-16,,,,,,
placement modifier reset,D-LC-SP-EXACT-RAN-DO-(Curtains|Blackout)-(LINEN-CURTAIN-52x84-NATURAL-2-PCS)-(natural blackout curtains),campaign,,,placement_multiplier,placementRestOfSearch,0,20,cpc,placement,0,0,2026-09-16,,,,,,
placement modifier reset,D-Linen Curtains-SP-Exact-Ranking-Fixed-LINEN-CURTAIN-52x96-NATURAL-2-PCS-B0F6366Z7N-G,campaign,,,placement_multiplier,placementTop,0,260,cpc,placement,0.5,1.8,2026-09-16,,,,,,
placement modifier reset,D-LC-SP-linen drapes-(Linen)-HSV-Exact-Conv-DO-LINEN-CURTAIN-52x84-NATURAL-2-PCS,campaign,,,placement_multiplier,placementTop,0,260,cpc,placement,0.48,1.74,2026-09-16,,,,,,
placement modifier reset,D-LC-SP-EXACT-RAN-DO-(Curtains|Blackout)-(LINEN-CURTAIN-52x84-NATURAL-2-PCS)-(total blackout curtains),campaign,,,placement_multiplier,placementTop,0,42,cpc,placement,1.04,1.47,2026-09-16,,,,,,
placement modifier reset,D-LC-SP-EXACT-RAN-DO-(Curtains|Blackout)-(LINEN-CURTAIN-52x84-NATURAL-2-PCS)-(total blackout curtains),campaign,,,placement_multiplier,placementRestOfSearch,0,4,cpc,placement,0,0,2026-09-16,,,,,,
placement modifier reset,D-LC-SP-EXACT-RAN-DO-(Curtains|Blackout|Bedroom)-(LINEN-CURTAIN-52x90-BEIGE-2-PCS)-(long blackout curtains for bedroom),campaign,,,placement_multiplier,placementTop,0,85,cpc,placement,0,0,2026-09-16,,,,,,
placement modifier reset,D-LC-SP-EXACT-RAN-DO-(Curtains|Blackout|Bedroom)-(LINEN-CURTAIN-52x90-BEIGE-2-PCS)-(long blackout curtains for bedroom),campaign,,,placement_multiplier,placementRestOfSearch,0,36,cpc,placement,0,0,2026-09-16,,,,,,
placement modifier reset,D-LC-SP-100 percent linen curtains-(Linen)-HSV-Exact-Conv-DO-LINEN-CURTAIN-52x84-NATURAL-2-PCS,campaign,,,placement_multiplier,placementTop,0,260,cpc,placement,0,0,2026-09-16,,,,,,
placement modifier reset,D-LC-SP-EXACT-RAN-DO-(Curtains|Blackout)-(LINEN-CURTAIN-52x90-BEIGE-2-PCS)-(blackout curtains with rings),campaign,,,placement_multiplier,placementTop,0,63,cpc,placement,0,0,2026-09-16,,,,,,
placement modifier reset,D-LC-SP-EXACT-RAN-DO-(Curtains|Blackout)-(LINEN-CURTAIN-52x90-BEIGE-2-PCS)-(blackout curtains with rings),campaign,,,placement_multiplier,placementRestOfSearch,0,20,cpc,placement,0,0,2026-09-16,,,,,,
placement modifier reset,D-LC-SP-light blocking curtains-(Blackout)-HSV-Exact-Conv-DO-LINEN-CURTAIN-52x84-NATURAL-2-PCS,campaign,,,placement_multiplier,placementTop,0,200,cpc,placement,0,0,2026-09-16,,,,,,
placement modifier reset,D-LC-SP-light blocking curtains-(Blackout)-HSV-Exact-Conv-DO-LINEN-CURTAIN-52x84-NATURAL-2-PCS,campaign,,,placement_multiplier,placementRestOfSearch,0,120,cpc,placement,0,0,2026-09-16,,,,,,
placement modifier reset,D-LC-SP-black out curtains 96 inch long 2 panels-(Blackout)-LSV-Exact-Conv-DO-LINEN-CURTAIN-52x96-BEIGE-2-PCS,campaign,,,placement_multiplier,placementTop,0,200,cpc,placement,0,0,2026-09-16,,,,,,
placement modifier reset,D-LC-SP-black out curtains 96 inch long 2 panels-(Blackout)-LSV-Exact-Conv-DO-LINEN-CURTAIN-52x96-BEIGE-2-PCS,campaign,,,placement_multiplier,placementRestOfSearch,0,120,cpc,placement,0,0,2026-09-16,,,,,,
placement modifier reset,D-LC-SP-EXACT-RAN-DO-(Curtains|Blackout)-(LINEN-CURTAIN-52x72-LIGHT-BEIGE-2-PCS)-(blackout curtains 72 inch length),campaign,,,placement_multiplier,placementTop,0,114,cpc,placement,0,0,2026-09-16,,,,,,
placement modifier reset,D-LC-SP-EXACT-RAN-DO-(Curtains|Blackout)-(LINEN-CURTAIN-52x72-LIGHT-BEIGE-2-PCS)-(blackout curtains 72 inch length),campaign,,,placement_multiplier,placementRestOfSearch,0,57,cpc,placement,0,0,2026-09-16,,,,,,
placement modifier reset,D-LC-SP-72 wide blackout curtains-(Blackout)-MSV-Exact-Conv-DO-LINEN-CURTAIN-52x72-LIGHT-BEIGE-2-PCS,campaign,,,placement_multiplier,placementTop,0,200,cpc,placement,0,0,2026-09-16,,,,,,
placement modifier reset,D-LC-SP-72 wide blackout curtains-(Blackout)-MSV-Exact-Conv-DO-LINEN-CURTAIN-52x72-LIGHT-BEIGE-2-PCS,campaign,,,placement_multiplier,placementRestOfSearch,0,120,cpc,placement,0.5,1.1,2026-09-16,,,,,,
placement modifier reset,D-LC-SP-EXACT-RAN-DO-(Curtains|Blackout|Bedroom)-(LINEN-CURTAIN-52x90-BEIGE-2-PCS)-(bedroom curtains 2 panel sets blackout),campaign,,,placement_multiplier,placementTop,0,114,cpc,placement,0,0,2026-09-16,,,,,,
placement modifier reset,D-LC-SP-EXACT-RAN-DO-(Curtains|Blackout|Bedroom)-(LINEN-CURTAIN-52x90-BEIGE-2-PCS)-(bedroom curtains 2 panel sets blackout),campaign,,,placement_multiplier,placementRestOfSearch,0,57,cpc,placement,0,0,2026-09-16,,,,,,
placement modifier reset,D-LC-SP-EXACT-RAN-DO-(Curtains|Blackout)-(LINEN-CURTAIN-52x84-NATURAL-2-PCS)-(84 inch blackout curtains),campaign,,,placement_multiplier,placementTop,0,76,cpc,placement,0,0,2026-09-16,,,,,,
placement modifier reset,D-LC-SP-EXACT-RAN-DO-(Curtains|Blackout)-(LINEN-CURTAIN-52x84-NATURAL-2-PCS)-(84 inch blackout curtains),campaign,,,placement_multiplier,placementRestOfSearch,0,29,cpc,placement,0,0,2026-09-16,,,,,,
placement modifier reset,D-LC-SP-EXACT-RAN-DO-(Linen|Curtains|Blackout)-(LINEN-CURTAIN-52x90-BEIGE-2-PCS)-(flax linen blackout curtains),campaign,,,placement_multiplier,placementTop,0,100,cpc,placement,0,0,2026-09-16,,,,,,
placement modifier reset,D-LC-SP-EXACT-RAN-DO-(Curtains|Blackout)-(LINEN-CURTAIN-52x84-NATURAL-2-PCS)-(curtains blackout 84 inch length),campaign,,,placement_multiplier,placementTop,0,206,cpc,placement,0,0,2026-09-16,,,,,,
placement modifier reset,D-LC-SP-EXACT-RAN-DO-(Curtains|Blackout)-(LINEN-CURTAIN-52x84-NATURAL-2-PCS)-(curtains blackout 84 inch length),campaign,,,placement_multiplier,placementRestOfSearch,0,124,cpc,placement,0,0,2026-09-16,,,,,,
placement modifier reset,D-LC-SP-EXACT-RAN-DO-(Curtains|Blackout)-(LINEN-CURTAIN-52x96-IVORY-2-PCS)-(52 x 96 blackout curtains 2 panels),campaign,,,placement_multiplier,placementTop,0,146,cpc,placement,0,0,2026-09-16,,,,,,
placement modifier reset,D-LC-SP-EXACT-RAN-DO-(Curtains|Blackout)-(LINEN-CURTAIN-52x96-IVORY-2-PCS)-(52 x 96 blackout curtains 2 panels),campaign,,,placement_multiplier,placementRestOfSearch,0,80,cpc,placement,0,0,2026-09-16,,,,,,
placement modifier reset,D-LC-SP-cream blackout curtains 84 inches long-(Blackout)-HSV-Exact-Conv-DO-LINEN-CURTAIN-52x84-IVORY-2-PCS,campaign,,,placement_multiplier,placementTop,0,200,cpc,placement,0,0,2026-09-16,,,,,,
placement modifier reset,D-LC-SP-cream blackout curtains 84 inches long-(Blackout)-HSV-Exact-Conv-DO-LINEN-CURTAIN-52x84-IVORY-2-PCS,campaign,,,placement_multiplier,placementRestOfSearch,0,120,cpc,placement,0,0,2026-09-16,,,,,,
placement modifier reset,D-LC-SP-black out curtains for bedroom-(Blackout)-HSV-Exact-Conv-DO-LINEN-CURTAIN-52x96-NATURAL-2-PCS,campaign,,,placement_multiplier,placementTop,0,200,cpc,placement,0,0,2026-09-16,,,,,,
placement modifier reset,D-LC-SP-black out curtains for bedroom-(Blackout)-HSV-Exact-Conv-DO-LINEN-CURTAIN-52x96-NATURAL-2-PCS,campaign,,,placement_multiplier,placementRestOfSearch,0,120,cpc,placement,0,0,2026-09-16,,,,,,
placement modifier reset,D-LC-SP-EXACT-RAN-DO-(Curtains|Blackout|Living Room)-(LINEN-CURTAIN-52x84-NATURAL-2-PCS)-(curtains for living room blackout),campaign,,,placement_multiplier,placementTop,0,117,cpc,placement,0.69,1.49,2026-09-16,,,,,,
placement modifier reset,D-LC-SP-EXACT-RAN-DO-(Curtains|Blackout|Living Room)-(LINEN-CURTAIN-52x84-NATURAL-2-PCS)-(curtains for living room blackout),campaign,,,placement_multiplier,placementRestOfSearch,0,59,cpc,placement,0,0,2026-09-16,,,,,,
placement modifier reset,D-LC-SP-thermal blackout curtains 84 inches-(Blackout)-HSV-Exact-Conv-DO-LINEN-CURTAIN-52x84-BEIGE-2-PCS,campaign,,,placement_multiplier,placementTop,0,200,cpc,placement,0,0,2026-09-16,,,,,,
placement modifier reset,D-LC-SP-thermal blackout curtains 84 inches-(Blackout)-HSV-Exact-Conv-DO-LINEN-CURTAIN-52x84-BEIGE-2-PCS,campaign,,,placement_multiplier,placementRestOfSearch,0,120,cpc,placement,0,0,2026-09-16,,,,,,
placement modifier reset,D-LC-SP-small window curtains-(Blackout)-VHSV-Exact-Conv-DO-LINEN-CURTAIN-52x63-LINEN-2-PCS,campaign,,,placement_multiplier,placementTop,0,200,cpc,placement,0,0,2026-09-16,,,,,,
placement modifier reset,D-LC-SP-small window curtains-(Blackout)-VHSV-Exact-Conv-DO-LINEN-CURTAIN-52x63-LINEN-2-PCS,campaign,,,placement_multiplier,placementRestOfSearch,0,120,cpc,placement,0,0,2026-09-16,,,,,,
placement modifier reset,D-LC-SP-EXACT-RAN-DO-(Curtains|Blackout)-(LINEN-CURTAIN-52x84-NATURAL-2-PCS)-(blackout curtains 52x84),campaign,,,placement_multiplier,placementTop,0,95,cpc,placement,0,0,2026-09-16,,,,,,
placement modifier reset,D-LC-SP-EXACT-RAN-DO-(Curtains|Blackout)-(LINEN-CURTAIN-52x84-NATURAL-2-PCS)-(blackout curtains 52x84),campaign,,,placement_multiplier,placementRestOfSearch,0,43,cpc,placement,0,0,2026-09-16,,,,,,
placement modifier reset,D-LC-SP-short blackout curtains for bedroom-(Blackout)-HSV-Exact-Conv-DO-LINEN-CURTAIN-52x63-LINEN-2-PCS,campaign,,,placement_multiplier,placementTop,0,200,cpc,placement,0,0,2026-09-16,,,,,,
placement modifier reset,D-LC-SP-short blackout curtains for bedroom-(Blackout)-HSV-Exact-Conv-DO-LINEN-CURTAIN-52x63-LINEN-2-PCS,campaign,,,placement_multiplier,placementRestOfSearch,0,120,cpc,placement,0,0,2026-09-16,,,,,,
placement modifier reset,D-LC-SP-cortinas blackout para sala elegantes-(Blackout-ES)-MSV-Exact-Conv-DO-LINEN-CURTAIN-52x96-NATURAL-2-PCS,campaign,,,placement_multiplier,placementTop,0,200,cpc,placement,0,0,2026-09-16,,,,,,
placement modifier reset,D-LC-SP-cortinas blackout para sala elegantes-(Blackout-ES)-MSV-Exact-Conv-DO-LINEN-CURTAIN-52x96-NATURAL-2-PCS,campaign,,,placement_multiplier,placementRestOfSearch,0,120,cpc,placement,0,0,2026-09-16,,,,,,
placement modifier reset,D-LC-SP-sun zero blackout curtains-(Blackout)-HSV-Exact-Conv-DO-LINEN-CURTAIN-52x96-NATURAL-2-PCS,campaign,,,placement_multiplier,placementTop,0,200,cpc,placement,0,0,2026-09-16,,,,,,
placement modifier reset,D-LC-SP-sun zero blackout curtains-(Blackout)-HSV-Exact-Conv-DO-LINEN-CURTAIN-52x96-NATURAL-2-PCS,campaign,,,placement_multiplier,placementRestOfSearch,0,120,cpc,placement,0,0,2026-09-16,,,,,,
placement modifier reset,D-LC-SP-black out drapes 84 inch length 2 panels set-(Blackout)-MSV-Exact-Conv-DO-LINEN-CURTAIN-52x84-BEIGE-2-PCS,campaign,,,placement_multiplier,placementTop,0,200,cpc,placement,0.5,1.5,2026-09-16,,,,,,
placement modifier reset,D-LC-SP-black out drapes 84 inch length 2 panels set-(Blackout)-MSV-Exact-Conv-DO-LINEN-CURTAIN-52x84-BEIGE-2-PCS,campaign,,,placement_multiplier,placementRestOfSearch,0,120,cpc,placement,0,0,2026-09-16,,,,,,
placement modifier reset,D-LC-SP-EXACT-RAN-DO-(Curtains|Blackout)-(LINEN-CURTAIN-52x72-LIGHT-BEIGE-2-PCS)-(curtains blackout 72 inch length),campaign,,,placement_multiplier,placementTop,0,85,cpc,placement,0.81,1.49,2026-09-16,,,,,,
placement modifier reset,D-LC-SP-EXACT-RAN-DO-(Curtains|Blackout)-(LINEN-CURTAIN-52x72-LIGHT-BEIGE-2-PCS)-(curtains blackout 72 inch length),campaign,,,placement_multiplier,placementRestOfSearch,0,36,cpc,placement,0,0,2026-09-16,,,,,,
placement modifier reset,D-LC-SP-light blocking curtains 84 inches long-(Blackout)-HSV-Exact-Conv-DO-LINEN-CURTAIN-52x84-BEIGE-2-PCS,campaign,,,placement_multiplier,placementTop,0,200,cpc,placement,0,0,2026-09-16,,,,,,
placement modifier reset,D-LC-SP-light blocking curtains 84 inches long-(Blackout)-HSV-Exact-Conv-DO-LINEN-CURTAIN-52x84-BEIGE-2-PCS,campaign,,,placement_multiplier,placementRestOfSearch,0,120,cpc,placement,0,0,2026-09-16,,,,,,
placement modifier reset,D-LC-SP-extra wide blackout curtains-(Blackout)-HSV-Exact-Conv-DO-LINEN-CURTAIN-52x96-NATURAL-2-PCS,campaign,,,placement_multiplier,placementTop,0,200,cpc,placement,0.5,1.5,2026-09-16,,,,,,
placement modifier reset,D-LC-SP-extra wide blackout curtains-(Blackout)-HSV-Exact-Conv-DO-LINEN-CURTAIN-52x96-NATURAL-2-PCS,campaign,,,placement_multiplier,placementRestOfSearch,0,120,cpc,placement,0,0,2026-09-16,,,,,,
placement modifier reset,D-LC-SP-linen curtains 108-(Linen)-LSV-Exact-Conv-DO-LINEN-CURTAIN-52x108-BEIGE-2-PCS,campaign,,,placement_multiplier,placementTop,0,260,cpc,placement,0,0,2026-09-16,,,,,,
placement modifier reset,D-LC-SP-EXACT-RAN-DO-(Curtains|Blackout)-(LINEN-CURTAIN-52x90-BEIGE-2-PCS)-(sun blackout curtains),campaign,,,placement_multiplier,placementTop,0,117,cpc,placement,0,0,2026-09-16,,,,,,
placement modifier reset,D-LC-SP-EXACT-RAN-DO-(Curtains|Blackout)-(LINEN-CURTAIN-52x90-BEIGE-2-PCS)-(sun blackout curtains),campaign,,,placement_multiplier,placementRestOfSearch,0,59,cpc,placement,0,0,2026-09-16,,,,,,
placement modifier reset,D-LC-SP-EXACT-RAN-DO-(Curtains|Blackout)-(LINEN-CURTAIN-52x72-LIGHT-BEIGE-2-PCS)-(blackout curtains 72),campaign,,,placement_multiplier,placementTop,0,81,cpc,placement,0,0,2026-09-16,,,,,,
placement modifier reset,D-LC-SP-EXACT-RAN-DO-(Curtains|Blackout)-(LINEN-CURTAIN-52x72-LIGHT-BEIGE-2-PCS)-(blackout curtains 72),campaign,,,placement_multiplier,placementRestOfSearch,0,33,cpc,placement,0,0,2026-09-16,,,,,,
placement modifier reset,D-LC-SP-black out curtains for living room-(Blackout)-HSV-Exact-Conv-DO-LINEN-CURTAIN-52x96-NATURAL-2-PCS,campaign,,,placement_multiplier,placementTop,0,200,cpc,placement,0,0,2026-09-16,,,,,,
placement modifier reset,D-LC-SP-black out curtains for living room-(Blackout)-HSV-Exact-Conv-DO-LINEN-CURTAIN-52x96-NATURAL-2-PCS,campaign,,,placement_multiplier,placementRestOfSearch,0,120,cpc,placement,0,0,2026-09-16,,,,,,
placement modifier reset,D-LC-SP-EXACT-RAN-DO-(Curtains|Blackout)-(LINEN-CURTAIN-52x84-NATURAL-2-PCS)-(blackout curtains textured),campaign,,,placement_multiplier,placementTop,0,117,cpc,placement,0,0,2026-09-16,,,,,,
placement modifier reset,D-LC-SP-EXACT-RAN-DO-(Curtains|Blackout)-(LINEN-CURTAIN-52x84-NATURAL-2-PCS)-(blackout curtains textured),campaign,,,placement_multiplier,placementRestOfSearch,0,59,cpc,placement,0,0,2026-09-16,,,,,,
placement modifier reset,D-LC-SP-blackout curtains short length-(Blackout)-HSV-Exact-Conv-DO-LINEN-CURTAIN-52x63-LINEN-2-PCS,campaign,,,placement_multiplier,placementTop,0,200,cpc,placement,0,0,2026-09-16,,,,,,
placement modifier reset,D-LC-SP-blackout curtains short length-(Blackout)-HSV-Exact-Conv-DO-LINEN-CURTAIN-52x63-LINEN-2-PCS,campaign,,,placement_multiplier,placementRestOfSearch,0,120,cpc,placement,0,0,2026-09-16,,,,,,
placement modifier reset,D-LC-SP-ivory blackout curtains 90 inches long-(Blackout)-LSV-Exact-Conv-DO-LINEN-CURTAIN-52x90-IVORY-2-PCS,campaign,,,placement_multiplier,placementTop,0,200,cpc,placement,0,0,2026-09-16,,,,,,
placement modifier reset,D-LC-SP-ivory blackout curtains 90 inches long-(Blackout)-LSV-Exact-Conv-DO-LINEN-CURTAIN-52x90-IVORY-2-PCS,campaign,,,placement_multiplier,placementRestOfSearch,0,120,cpc,placement,0,0,2026-09-16,,,,,,
placement modifier reset,D-Linen Curtains-SP-Exact-Ranking-Fixed-LINEN-CURTAIN-52x84-NATURAL-2-PCS-B0F639CWS1 - linen privacy curtains,campaign,,,placement_multiplier,placementTop,0,55,cpc,placement,0,0,2026-09-16,,,,,,
placement modifier reset,D-LC-SP-EXACT-RAN-DO-(Curtains|Blackout|Living Room)-(LINEN-CURTAIN-52x84-NATURAL-2-PCS)-(blackout living room curtains),campaign,,,placement_multiplier,placementTop,0,88,cpc,placement,0,0,2026-09-16,,,,,,
placement modifier reset,D-LC-SP-EXACT-RAN-DO-(Curtains|Blackout|Living Room)-(LINEN-CURTAIN-52x84-NATURAL-2-PCS)-(blackout living room curtains),campaign,,,placement_multiplier,placementRestOfSearch,0,38,cpc,placement,0,0,2026-09-16,,,,,,
placement modifier reset,D-LC-SP-white blackout curtains 96 inches long-(Blackout)-MSV-Exact-Conv-DO-LINEN-CURTAIN-52x96-IVORY-2-PCS,campaign,,,placement_multiplier,placementTop,0,200,cpc,placement,0,0,2026-09-16,,,,,,
placement modifier reset,D-LC-SP-white blackout curtains 96 inches long-(Blackout)-MSV-Exact-Conv-DO-LINEN-CURTAIN-52x96-IVORY-2-PCS,campaign,,,placement_multiplier,placementRestOfSearch,0,120,cpc,placement,0,0,2026-09-16,,,,,,
placement modifier reset,D-LC-SP-EXACT-RAN-DO-(Curtains|Blackout)-(LINEN-CURTAIN-52x90-LIGHT-BEIGE-2-PCS)-(light beige blackout curtains),campaign,,,placement_multiplier,placementTop,0,67,cpc,placement,0,0,2026-09-16,,,,,,
placement modifier reset,D-LC-SP-EXACT-RAN-DO-(Curtains|Blackout)-(LINEN-CURTAIN-52x90-LIGHT-BEIGE-2-PCS)-(light beige blackout curtains),campaign,,,placement_multiplier,placementRestOfSearch,0,22,cpc,placement,0,0,2026-09-16,,,,,,
placement modifier reset,D-LC-SP-black out beige curtains for bedroom-(Blackout)-LSV-Exact-Conv-DO-LINEN-CURTAIN-52x84-BEIGE-2-PCS,campaign,,,placement_multiplier,placementTop,0,200,cpc,placement,0,0,2026-09-16,,,,,,
placement modifier reset,D-LC-SP-black out beige curtains for bedroom-(Blackout)-LSV-Exact-Conv-DO-LINEN-CURTAIN-52x84-BEIGE-2-PCS,campaign,,,placement_multiplier,placementRestOfSearch,0,120,cpc,placement,0,0,2026-09-16,,,,,,
placement modifier reset,D-LC-SP-linen black out curtains 96 inches long-(Linen)-LSV-Exact-Conv-DO-LINEN-CURTAIN-52x96-BEIGE-2-PCS,campaign,,,placement_multiplier,placementTop,0,260,cpc,placement,0,0,2026-09-16,,,,,,
placement modifier reset,D-LC-SP-EXACT-RAN-DO-(Curtains|Blackout)-(LINEN-CURTAIN-52x84-NATURAL-2-PCS)-(blackout curtains 84 inch length),campaign,,,placement_multiplier,placementTop,0,63,cpc,placement,0,0,2026-09-16,,,,,,
placement modifier reset,D-LC-SP-EXACT-RAN-DO-(Curtains|Blackout)-(LINEN-CURTAIN-52x84-NATURAL-2-PCS)-(blackout curtains 84 inch length),campaign,,,placement_multiplier,placementRestOfSearch,0,20,cpc,placement,0.92,1.1,2026-09-16,,,,,,
placement modifier reset,D-LC-SP-small window blackout curtains-(Blackout)-HSV-Exact-Conv-DO-LINEN-CURTAIN-52x63-LINEN-2-PCS,campaign,,,placement_multiplier,placementTop,0,200,cpc,placement,0,0,2026-09-16,,,,,,
placement modifier reset,D-LC-SP-small window blackout curtains-(Blackout)-HSV-Exact-Conv-DO-LINEN-CURTAIN-52x63-LINEN-2-PCS,campaign,,,placement_multiplier,placementRestOfSearch,0,120,cpc,placement,0,0,2026-09-16,,,,,,
placement modifier reset,D-LC-SP-EXACT-RAN-DO-(Curtains|Blackout|Living Room)-(52x84-NATURAL-2-PCS)-(long blackout curtains for living room),campaign,,,placement_multiplier,placementTop,0,92,cpc,placement,0,0,2026-09-16,,,,,,
placement modifier reset,D-LC-SP-EXACT-RAN-DO-(Curtains|Blackout|Living Room)-(52x84-NATURAL-2-PCS)-(long blackout curtains for living room),campaign,,,placement_multiplier,placementRestOfSearch,0,41,cpc,placement,0,0,2026-09-16,,,,,,
placement modifier reset,D-Linen Curtains-SP-Exact-Ranking-Fixed-LINEN-CURTAIN-52x84-NATURAL-2-PCS-B0F639CWS1 - linen curtains 2 panel set,campaign,,,placement_multiplier,placementTop,0,260,cpc,placement,0,0,2026-09-16,,,,,,
placement modifier reset,D-LC-SP-black out drapes-(Blackout)-HSV-Exact-Conv-DO-LINEN-CURTAIN-52x96-NATURAL-2-PCS,campaign,,,placement_multiplier,placementTop,0,200,cpc,placement,0.5,1.5,2026-09-16,,,,,,
placement modifier reset,D-LC-SP-black out drapes-(Blackout)-HSV-Exact-Conv-DO-LINEN-CURTAIN-52x96-NATURAL-2-PCS,campaign,,,placement_multiplier,placementRestOfSearch,0,120,cpc,placement,0,0,2026-09-16,,,,,,
placement modifier reset,D-LC-SP-room darkening curtains 72 inches long-(Blackout)-MSV-Exact-Conv-DO-LINEN-CURTAIN-52x72-LIGHT-BEIGE-2-PCS,campaign,,,placement_multiplier,placementTop,0,200,cpc,placement,0.5,1.5,2026-09-16,,,,,,
placement modifier reset,D-LC-SP-room darkening curtains 72 inches long-(Blackout)-MSV-Exact-Conv-DO-LINEN-CURTAIN-52x72-LIGHT-BEIGE-2-PCS,campaign,,,placement_multiplier,placementRestOfSearch,0,120,cpc,placement,0,0,2026-09-16,,,,,,
placement modifier reset,D-LC-SP-black out curtains living room-(Blackout)-HSV-Exact-Conv-DO-LINEN-CURTAIN-52x96-NATURAL-2-PCS,campaign,,,placement_multiplier,placementTop,0,200,cpc,placement,0,0,2026-09-16,,,,,,
placement modifier reset,D-LC-SP-black out curtains living room-(Blackout)-HSV-Exact-Conv-DO-LINEN-CURTAIN-52x96-NATURAL-2-PCS,campaign,,,placement_multiplier,placementRestOfSearch,0,120,cpc,placement,0,0,2026-09-16,,,,,,
placement modifier reset,D-LC-SP-EXACT-RAN-DO-(Curtains|Blackout|Bedroom)-(52x84-NATURAL-2-PCS)-(blackout curtains for bedroom 84 inches long),campaign,,,placement_multiplier,placementTop,0,85,cpc,placement,0,0,2026-09-16,,,,,,
placement modifier reset,D-LC-SP-EXACT-RAN-DO-(Curtains|Blackout|Bedroom)-(52x84-NATURAL-2-PCS)-(blackout curtains for bedroom 84 inches long),campaign,,,placement_multiplier,placementRestOfSearch,0,36,cpc,placement,0,0,2026-09-16,,,,,,
placement modifier reset,D-LC-SP-blackout curtains for bedroom 72 wide-(Blackout)-LSV-Exact-Conv-DO-LINEN-CURTAIN-52x72-LIGHT-BEIGE-2-PCS,campaign,,,placement_multiplier,placementTop,0,200,cpc,placement,0,0,2026-09-16,,,,,,
placement modifier reset,D-LC-SP-blackout curtains for bedroom 72 wide-(Blackout)-LSV-Exact-Conv-DO-LINEN-CURTAIN-52x72-LIGHT-BEIGE-2-PCS,campaign,,,placement_multiplier,placementRestOfSearch,0,120,cpc,placement,0.5,1.1,2026-09-16,,,,,,
placement modifier reset,D-LC-SP-EXACT-RAN-DO-(Curtains|Blackout)-(LINEN-CURTAIN-52x90-BEIGE-2-PCS)-(neutral blackout curtains),campaign,,,placement_multiplier,placementTop,0,121,cpc,placement,0,0,2026-09-16,,,,,,
placement modifier reset,D-LC-SP-EXACT-RAN-DO-(Curtains|Blackout)-(LINEN-CURTAIN-52x90-BEIGE-2-PCS)-(neutral blackout curtains),campaign,,,placement_multiplier,placementRestOfSearch,0,62,cpc,placement,0,0,2026-09-16,,,,,,
placement modifier reset,D-LC-SP-EXACT-RAN-DO-(Curtains|Blackout)-(LINEN-CURTAIN-52x84-NATURAL-2-PCS)-(84 in blackout curtains),campaign,,,placement_multiplier,placementTop,0,63,cpc,placement,0,0,2026-09-16,,,,,,
placement modifier reset,D-LC-SP-EXACT-RAN-DO-(Curtains|Blackout)-(LINEN-CURTAIN-52x84-NATURAL-2-PCS)-(84 in blackout curtains),campaign,,,placement_multiplier,placementRestOfSearch,0,20,cpc,placement,0,0,2026-09-16,,,,,,
placement modifier reset,D-LC-SP-EXACT-RAN-DO-(Curtains|Blackout)-(LINEN-CURTAIN-52x84-IVORY-2-PCS)-(ivory blackout curtains 84 inches long),campaign,,,placement_multiplier,placementTop,0,114,cpc,placement,0,0,2026-09-16,,,,,,
placement modifier reset,D-LC-SP-EXACT-RAN-DO-(Curtains|Blackout)-(LINEN-CURTAIN-52x84-IVORY-2-PCS)-(ivory blackout curtains 84 inches long),campaign,,,placement_multiplier,placementRestOfSearch,0,57,cpc,placement,0,0,2026-09-16,,,,,,
placement modifier reset,D-LC-SP-black out curtains 72 inch wide-(Blackout)-MSV-Exact-Conv-DO-LINEN-CURTAIN-52x72-LIGHT-BEIGE-2-PCS,campaign,,,placement_multiplier,placementTop,0,200,cpc,placement,0,0,2026-09-16,,,,,,
placement modifier reset,D-LC-SP-black out curtains 72 inch wide-(Blackout)-MSV-Exact-Conv-DO-LINEN-CURTAIN-52x72-LIGHT-BEIGE-2-PCS,campaign,,,placement_multiplier,placementRestOfSearch,0,120,cpc,placement,0,0,2026-09-16,,,,,,
placement modifier reset,D-LC-SP-EXACT-RAN-DO-(Curtains|Blackout)-(LINEN-CURTAIN-52x90-BEIGE-2-PCS)-(blackout curtains 2 panels),campaign,,,placement_multiplier,placementTop,0,95,cpc,placement,0,0,2026-09-16,,,,,,
placement modifier reset,D-LC-SP-EXACT-RAN-DO-(Curtains|Blackout)-(LINEN-CURTAIN-52x90-BEIGE-2-PCS)-(blackout curtains 2 panels),campaign,,,placement_multiplier,placementRestOfSearch,0,43,cpc,placement,0,0,2026-09-16,,,,,,
placement modifier reset,D-LC-SP-dark curtains for bedroom-(Blackout)-HSV-Exact-Conv-DO-LINEN-CURTAIN-52x84-NATURAL-2-PCS,campaign,,,placement_multiplier,placementTop,0,200,cpc,placement,0,0,2026-09-16,,,,,,
placement modifier reset,D-LC-SP-dark curtains for bedroom-(Blackout)-HSV-Exact-Conv-DO-LINEN-CURTAIN-52x84-NATURAL-2-PCS,campaign,,,placement_multiplier,placementRestOfSearch,0,120,cpc,placement,0,0,2026-09-16,,,,,,
placement modifier reset,D-LC-SP-EXACT-RAN-DO-(Curtains|Blackout)-(LINEN-CURTAIN-52x84-NATURAL-2-PCS)-(84 blackout curtains 2 panel set),campaign,,,placement_multiplier,placementTop,0,95,cpc,placement,0,0,2026-09-16,,,,,,
placement modifier reset,D-LC-SP-EXACT-RAN-DO-(Curtains|Blackout)-(LINEN-CURTAIN-52x84-NATURAL-2-PCS)-(84 blackout curtains 2 panel set),campaign,,,placement_multiplier,placementRestOfSearch,0,43,cpc,placement,0,0,2026-09-16,,,,,,
placement modifier reset,D-LC-SP-EXACT-RAN-DO-(Curtains|Blackout)-(LINEN-CURTAIN-52x90-BEIGE-2-PCS)-(farmhouse curtains blackout),campaign,,,placement_multiplier,placementTop,0,163,cpc,placement,0,0,2026-09-16,,,,,,
placement modifier reset,D-LC-SP-EXACT-RAN-DO-(Curtains|Blackout)-(LINEN-CURTAIN-52x90-BEIGE-2-PCS)-(farmhouse curtains blackout),campaign,,,placement_multiplier,placementRestOfSearch,0,93,cpc,placement,0,0,2026-09-16,,,,,,
placement modifier reset,D-LC-SP-darkening curtains for bedroom-(Blackout)-HSV-Exact-Conv-DO-LINEN-CURTAIN-52x96-NATURAL-2-PCS,campaign,,,placement_multiplier,placementTop,0,200,cpc,placement,0,0,2026-09-16,,,,,,
placement modifier reset,D-LC-SP-darkening curtains for bedroom-(Blackout)-HSV-Exact-Conv-DO-LINEN-CURTAIN-52x96-NATURAL-2-PCS,campaign,,,placement_multiplier,placementRestOfSearch,0,120,cpc,placement,0,0,2026-09-16,,,,,,
placement modifier reset,D-LC-SP-EXACT-RAN-DO-(Linen|Curtains|Blackout)-(LINEN-CURTAIN-52x96-IVORY-2-PCS)-(ivory linen curtains blackout),campaign,,,placement_multiplier,placementTop,0,67,cpc,placement,0,0,2026-09-16,,,,,,
placement modifier reset,D-LC-SP-EXACT-RAN-DO-(Curtains|Blackout|Bedroom)-(LINEN-CURTAIN-52x90-BEIGE-2-PCS)-(blackout curtains 2 panel bedroom),campaign,,,placement_multiplier,placementTop,0,79,cpc,placement,0,0,2026-09-16,,,,,,
placement modifier reset,D-LC-SP-EXACT-RAN-DO-(Curtains|Blackout|Bedroom)-(LINEN-CURTAIN-52x90-BEIGE-2-PCS)-(blackout curtains 2 panel bedroom),campaign,,,placement_multiplier,placementRestOfSearch,0,31,cpc,placement,0,0,2026-09-16,,,,,,
placement modifier reset,D-LC-SP-EXACT-RAN-DO-(Curtains|Blackout)-(LINEN-CURTAIN-52x63-LINEN-2-PCS)-(blackout curtains 63 inch length 2 panels set),campaign,,,placement_multiplier,placementTop,0,212,cpc,placement,0,0,2026-09-16,,,,,,
placement modifier reset,D-LC-SP-EXACT-RAN-DO-(Curtains|Blackout)-(LINEN-CURTAIN-52x63-LINEN-2-PCS)-(blackout curtains 63 inch length 2 panels set),campaign,,,placement_multiplier,placementRestOfSearch,0,129,cpc,placement,0,0,2026-09-16,,,,,,
placement modifier reset,D-LC-SP-108 linen curtains 2 panel set-(Linen)-LSV-Exact-Conv-DO-LINEN-CURTAIN-52x108-BEIGE-2-PCS,campaign,,,placement_multiplier,placementTop,0,260,cpc,placement,0,0,2026-09-16,,,,,,
placement modifier reset,D-LC-SP-EXACT-RAN-DO-(Curtains|Blackout|Bedroom)-(LINEN-CURTAIN-52x84-NATURAL-2-PCS)-(best blackout curtains for bedroom),campaign,,,placement_multiplier,placementTop,0,76,cpc,placement,0,0,2026-09-16,,,,,,
placement modifier reset,D-LC-SP-EXACT-RAN-DO-(Curtains|Blackout|Bedroom)-(LINEN-CURTAIN-52x84-NATURAL-2-PCS)-(best blackout curtains for bedroom),campaign,,,placement_multiplier,placementRestOfSearch,0,29,cpc,placement,0,0,2026-09-16,,,,,,
placement modifier reset,D-LC-SP-EXACT-RAN-DO-(Curtains|Blackout)-(LINEN-CURTAIN-52x84-NATURAL-2-PCS)-(52x84 blackout curtains 2 panels),campaign,,,placement_multiplier,placementTop,0,95,cpc,placement,0,0,2026-09-16,,,,,,
placement modifier reset,D-LC-SP-EXACT-RAN-DO-(Curtains|Blackout)-(LINEN-CURTAIN-52x84-NATURAL-2-PCS)-(52x84 blackout curtains 2 panels),campaign,,,placement_multiplier,placementRestOfSearch,0,43,cpc,placement,0,0,2026-09-16,,,,,,
placement modifier reset,D-Linen Curtains-SP-Exact-Ranking-Fixed-LINEN-CURTAIN-52x84-NATURAL-2-PCS-B0F639CWS1 - lined linen curtains 84 inches long,campaign,,,placement_multiplier,placementTop,0,55,cpc,placement,0,0,2026-09-16,,,,,,
placement modifier reset,D-LC-SP-linen curtains 72 inch length-(Linen)-LSV-Exact-Conv-DO-LINEN-CURTAIN-52x72-LIGHT-BEIGE-2-PCS,campaign,,,placement_multiplier,placementTop,0,260,cpc,placement,0,0,2026-09-16,,,,,,
placement modifier reset,D-LC-SP-EXACT-RAN-DO-(Curtains|Blackout)-(LINEN-CURTAIN-52x84-NATURAL-2-PCS)-(floor length blackout curtains),campaign,,,placement_multiplier,placementTop,0,67,cpc,placement,0,0,2026-09-16,,,,,,
placement modifier reset,D-LC-SP-EXACT-RAN-DO-(Curtains|Blackout)-(LINEN-CURTAIN-52x84-NATURAL-2-PCS)-(floor length blackout curtains),campaign,,,placement_multiplier,placementRestOfSearch,0,22,cpc,placement,0,0,2026-09-16,,,,,,
placement modifier reset,D-LC-SP-EXACT-RAN-DO-(Curtains|Blackout)-(LINEN-CURTAIN-52x72-LIGHT-BEIGE-2-PCS)-(72 inch blackout curtains 2 panel set),campaign,,,placement_multiplier,placementTop,0,117,cpc,placement,0,0,2026-09-16,,,,,,
placement modifier reset,D-LC-SP-EXACT-RAN-DO-(Curtains|Blackout)-(LINEN-CURTAIN-52x72-LIGHT-BEIGE-2-PCS)-(72 inch blackout curtains 2 panel set),campaign,,,placement_multiplier,placementRestOfSearch,0,59,cpc,placement,0,0,2026-09-16,,,,,,
placement modifier reset,D-LC-SP-cortinas blackout para sala-(Blackout-ES)-HSV-Exact-Conv-DO-LINEN-CURTAIN-52x96-NATURAL-2-PCS,campaign,,,placement_multiplier,placementTop,0,200,cpc,placement,0,0,2026-09-16,,,,,,
placement modifier reset,D-LC-SP-cortinas blackout para sala-(Blackout-ES)-HSV-Exact-Conv-DO-LINEN-CURTAIN-52x96-NATURAL-2-PCS,campaign,,,placement_multiplier,placementRestOfSearch,0,120,cpc,placement,0,0,2026-09-16,,,,,,
placement modifier reset,D-LC-SP-cream blackout curtains 90 inches long-(Blackout)-LSV-Exact-Conv-DO-LINEN-CURTAIN-52x90-IVORY-2-PCS,campaign,,,placement_multiplier,placementTop,0,200,cpc,placement,0,0,2026-09-16,,,,,,
placement modifier reset,D-LC-SP-cream blackout curtains 90 inches long-(Blackout)-LSV-Exact-Conv-DO-LINEN-CURTAIN-52x90-IVORY-2-PCS,campaign,,,placement_multiplier,placementRestOfSearch,0,120,cpc,placement,0,0,2026-09-16,,,,,,
placement modifier reset,D-LC-SP-room darkening curtains for bedroom-(Blackout)-VHSV-Exact-Conv-DO-LINEN-CURTAIN-52x96-NATURAL-2-PCS,campaign,,,placement_multiplier,placementTop,0,200,cpc,placement,0,0,2026-09-16,,,,,,
placement modifier reset,D-LC-SP-room darkening curtains for bedroom-(Blackout)-VHSV-Exact-Conv-DO-LINEN-CURTAIN-52x96-NATURAL-2-PCS,campaign,,,placement_multiplier,placementRestOfSearch,0,120,cpc,placement,0,0,2026-09-16,,,,,,
placement modifier reset,D-LC-SP-EXACT-RAN-DO-(Curtains|Blackout)-(LINEN-CURTAIN-52x96-NATURAL-2-PCS)-(blackout curtains 52x96),campaign,,,placement_multiplier,placementTop,0,108,cpc,placement,0,0,2026-09-16,,,,,,
placement modifier reset,D-LC-SP-EXACT-RAN-DO-(Curtains|Blackout)-(LINEN-CURTAIN-52x96-NATURAL-2-PCS)-(blackout curtains 52x96),campaign,,,placement_multiplier,placementRestOfSearch,0,53,cpc,placement,0,0,2026-09-16,,,,,,
placement modifier reset,D-LC-SP-blackout drapes for bedroom-(Blackout)-HSV-Exact-Conv-DO-LINEN-CURTAIN-52x96-NATURAL-2-PCS,campaign,,,placement_multiplier,placementTop,0,200,cpc,placement,0,0,2026-09-16,,,,,,
placement modifier reset,D-LC-SP-blackout drapes for bedroom-(Blackout)-HSV-Exact-Conv-DO-LINEN-CURTAIN-52x96-NATURAL-2-PCS,campaign,,,placement_multiplier,placementRestOfSearch,0,120,cpc,placement,0,0,2026-09-16,,,,,,
placement modifier reset,D-LC-SP-long black out curtains for living room-(Blackout)-MSV-Exact-Conv-DO-LINEN-CURTAIN-52x96-NATURAL-2-PCS,campaign,,,placement_multiplier,placementTop,0,200,cpc,placement,0.5,1.5,2026-09-16,,,,,,
placement modifier reset,D-LC-SP-long black out curtains for living room-(Blackout)-MSV-Exact-Conv-DO-LINEN-CURTAIN-52x96-NATURAL-2-PCS,campaign,,,placement_multiplier,placementRestOfSearch,0,120,cpc,placement,0,0,2026-09-16,,,,,,
placement modifier reset,D-LC-SP-thermal insulated blackout curtains bedroom-(Blackout)-HSV-Exact-Conv-DO-LINEN-CURTAIN-52x96-NATURAL-2-PCS,campaign,,,placement_multiplier,placementTop,0,200,cpc,placement,0.5,1.5,2026-09-16,,,,,,
placement modifier reset,D-LC-SP-thermal insulated blackout curtains bedroom-(Blackout)-HSV-Exact-Conv-DO-LINEN-CURTAIN-52x96-NATURAL-2-PCS,campaign,,,placement_multiplier,placementRestOfSearch,0,120,cpc,placement,0,0,2026-09-16,,,,,,
placement modifier reset,D-LC-SP-EXACT-RAN-DO-(Curtains|Blackout)-(LINEN-CURTAIN-52x84-NATURAL-2-PCS)-(84in blackout curtains),campaign,,,placement_multiplier,placementTop,0,58,cpc,placement,0,0,2026-09-16,,,,,,
placement modifier reset,D-LC-SP-EXACT-RAN-DO-(Curtains|Blackout)-(LINEN-CURTAIN-52x84-NATURAL-2-PCS)-(84in blackout curtains),campaign,,,placement_multiplier,placementRestOfSearch,0,16,cpc,placement,0,0,2026-09-16,,,,,,
placement modifier reset,D-LC-SP-EXACT-RAN-DO-(Curtains|Blackout)-(LINEN-CURTAIN-52x90-BEIGE-2-PCS)-(cottage core blackout curtains),campaign,,,placement_multiplier,placementTop,0,212,cpc,placement,0,0,2026-09-16,,,,,,
placement modifier reset,D-LC-SP-EXACT-RAN-DO-(Curtains|Blackout)-(LINEN-CURTAIN-52x90-BEIGE-2-PCS)-(cottage core blackout curtains),campaign,,,placement_multiplier,placementRestOfSearch,0,129,cpc,placement,0,0,2026-09-16,,,,,,
placement modifier reset,D-LC-SP-linen curtains bedroom-(Linen)-MSV-Exact-Conv-DO-LINEN-CURTAIN-52x84-NATURAL-2-PCS,campaign,,,placement_multiplier,placementTop,0,260,cpc,placement,0,0,2026-09-16,,,,,,
placement modifier reset,D-LC-SP-EXACT-RAN-DO-(Curtains|Blackout|Bedroom)-(LINEN-CURTAIN-52x84-NATURAL-2-PCS)-(blackout curtains for bedroom short),campaign,,,placement_multiplier,placementTop,0,92,cpc,placement,0,0,2026-09-16,,,,,,
placement modifier reset,D-LC-SP-EXACT-RAN-DO-(Curtains|Blackout|Bedroom)-(LINEN-CURTAIN-52x84-NATURAL-2-PCS)-(blackout curtains for bedroom short),campaign,,,placement_multiplier,placementRestOfSearch,0,41,cpc,placement,0,0,2026-09-16,,,,,,
placement modifier reset,D-LC-SP-EXACT-RAN-DO-(Curtains|Blackout)-(LINEN-CURTAIN-52x90-BEIGE-2-PCS)-(true blackout curtains no light),campaign,,,placement_multiplier,placementTop,0,114,cpc,placement,0,0,2026-09-16,,,,,,
placement modifier reset,D-LC-SP-EXACT-RAN-DO-(Curtains|Blackout)-(LINEN-CURTAIN-52x90-BEIGE-2-PCS)-(true blackout curtains no light),campaign,,,placement_multiplier,placementRestOfSearch,0,57,cpc,placement,0,0,2026-09-16,,,,,,
placement modifier reset,D-LC-SP-black out curtains 90 inch long 2 panels-(Blackout)-LSV-Exact-Conv-DO-LINEN-CURTAIN-52x90-LIGHT-GREY-2-PCS,campaign,,,placement_multiplier,placementTop,0,200,cpc,placement,0,0,2026-09-16,,,,,,
placement modifier reset,D-LC-SP-black out curtains 90 inch long 2 panels-(Blackout)-LSV-Exact-Conv-DO-LINEN-CURTAIN-52x90-LIGHT-GREY-2-PCS,campaign,,,placement_multiplier,placementRestOfSearch,0,120,cpc,placement,0,0,2026-09-16,,,,,,
placement modifier reset,D-LC-SP-short black out curtains-(Blackout)-HSV-Exact-Conv-DO-LINEN-CURTAIN-52x63-LINEN-2-PCS,campaign,,,placement_multiplier,placementTop,0,200,cpc,placement,0,0,2026-09-16,,,,,,
placement modifier reset,D-LC-SP-short black out curtains-(Blackout)-HSV-Exact-Conv-DO-LINEN-CURTAIN-52x63-LINEN-2-PCS,campaign,,,placement_multiplier,placementRestOfSearch,0,120,cpc,placement,0,0,2026-09-16,,,,,,
placement modifier reset,D-LC-SP-room darkening curtains 63 inches long-(Blackout)-HSV-Exact-Conv-DO-LINEN-CURTAIN-52x63-LINEN-2-PCS,campaign,,,placement_multiplier,placementTop,0,200,cpc,placement,0,0,2026-09-16,,,,,,
placement modifier reset,D-LC-SP-room darkening curtains 63 inches long-(Blackout)-HSV-Exact-Conv-DO-LINEN-CURTAIN-52x63-LINEN-2-PCS,campaign,,,placement_multiplier,placementRestOfSearch,0,120,cpc,placement,0,0,2026-09-16,,,,,,
placement modifier reset,D-LC-SP-cream black out curtains-(Blackout)-HSV-Exact-Conv-DO-LINEN-CURTAIN-52x84-IVORY-2-PCS,campaign,,,placement_multiplier,placementTop,0,200,cpc,placement,0,0,2026-09-16,,,,,,
placement modifier reset,D-LC-SP-cream black out curtains-(Blackout)-HSV-Exact-Conv-DO-LINEN-CURTAIN-52x84-IVORY-2-PCS,campaign,,,placement_multiplier,placementRestOfSearch,0,120,cpc,placement,0,0,2026-09-16,,,,,,
placement modifier reset,D-LC-SP-cortinas de cuarto blackout-(Blackout-ES)-LSV-Exact-Conv-DO-LINEN-CURTAIN-52x96-NATURAL-2-PCS,campaign,,,placement_multiplier,placementTop,0,200,cpc,placement,0,0,2026-09-16,,,,,,
placement modifier reset,D-LC-SP-cortinas de cuarto blackout-(Blackout-ES)-LSV-Exact-Conv-DO-LINEN-CURTAIN-52x96-NATURAL-2-PCS,campaign,,,placement_multiplier,placementRestOfSearch,0,120,cpc,placement,0,0,2026-09-16,,,,,,
placement modifier reset,D-Linen Curtains-SP-Exact-Ranking-Fixed-LINEN-CURTAIN-52x84-NATURAL-2-PCS-B0F639CWS1 - linen farmhouse curtains,campaign,,,placement_multiplier,placementTop,0,55,cpc,placement,0,0,2026-09-16,,,,,,
placement modifier reset,D-LC-SP-EXACT-RAN-DO-(Curtains|Blackout)-(LINEN-CURTAIN-52x90-BEIGE-2-PCS)-(90 inch blackout curtains 2 panel set),campaign,,,placement_multiplier,placementTop,0,146,cpc,placement,0,0,2026-09-16,,,,,,
placement modifier reset,D-LC-SP-EXACT-RAN-DO-(Curtains|Blackout)-(LINEN-CURTAIN-52x90-BEIGE-2-PCS)-(90 inch blackout curtains 2 panel set),campaign,,,placement_multiplier,placementRestOfSearch,0,80,cpc,placement,0,0,2026-09-16,,,,,,
placement modifier reset,D-LC-SP-short room darkening curtains-(Blackout)-LSV-Exact-Conv-DO-LINEN-CURTAIN-52x63-LINEN-2-PCS,campaign,,,placement_multiplier,placementTop,0,200,cpc,placement,0,0,2026-09-16,,,,,,
placement modifier reset,D-LC-SP-short room darkening curtains-(Blackout)-LSV-Exact-Conv-DO-LINEN-CURTAIN-52x63-LINEN-2-PCS,campaign,,,placement_multiplier,placementRestOfSearch,0,120,cpc,placement,0,0,2026-09-16,,,,,,
placement modifier reset,D-LC-SP-EXACT-RAN-DO-(Curtains|Blackout)-(LINEN-CURTAIN-52x84-NATURAL-2-PCS)-(oeko tex blackout curtains),campaign,,,placement_multiplier,placementTop,0,92,cpc,placement,0,0,2026-09-16,,,,,,
placement modifier reset,D-LC-SP-EXACT-RAN-DO-(Curtains|Blackout)-(LINEN-CURTAIN-52x84-NATURAL-2-PCS)-(oeko tex blackout curtains),campaign,,,placement_multiplier,placementRestOfSearch,0,41,cpc,placement,0,0,2026-09-16,,,,,,
placement modifier reset,D-LC-SP-EXACT-RAN-DO-(Curtains|Blackout)-(LINEN-CURTAIN-52x84-NATURAL-2-PCS)-(blackout curtains farmhouse),campaign,,,placement_multiplier,placementTop,0,117,cpc,placement,0,0,2026-09-16,,,,,,
placement modifier reset,D-LC-SP-EXACT-RAN-DO-(Curtains|Blackout)-(LINEN-CURTAIN-52x84-NATURAL-2-PCS)-(blackout curtains farmhouse),campaign,,,placement_multiplier,placementRestOfSearch,0,59,cpc,placement,0,0,2026-09-16,,,,,,
placement modifier reset,D-LC-SP-EXACT-RAN-DO-(Curtains|Blackout)-(LINEN-CURTAIN-52x90-BEIGE-2-PCS)-(blackout curtain panels),campaign,,,placement_multiplier,placementTop,0,159,cpc,placement,0,0,2026-09-16,,,,,,
placement modifier reset,D-LC-SP-EXACT-RAN-DO-(Curtains|Blackout)-(LINEN-CURTAIN-52x90-BEIGE-2-PCS)-(blackout curtain panels),campaign,,,placement_multiplier,placementRestOfSearch,0,90,cpc,placement,0,0,2026-09-16,,,,,,
placement modifier reset,D-LC-SP-room darkening curtains bedroom-(Blackout)-LSV-Exact-Conv-DO-LINEN-CURTAIN-52x96-NATURAL-2-PCS,campaign,,,placement_multiplier,placementTop,0,200,cpc,placement,0,0,2026-09-16,,,,,,
placement modifier reset,D-LC-SP-room darkening curtains bedroom-(Blackout)-LSV-Exact-Conv-DO-LINEN-CURTAIN-52x96-NATURAL-2-PCS,campaign,,,placement_multiplier,placementRestOfSearch,0,120,cpc,placement,0,0,2026-09-16,,,,,,
placement modifier reset,D-LC-SP-EXACT-RAN-DO-(Curtains|Blackout)-(LINEN-CURTAIN-52x72-LIGHT-BEIGE-2-PCS)-(52x72 blackout curtains 2 panels),campaign,,,placement_multiplier,placementTop,0,146,cpc,placement,0,0,2026-09-16,,,,,,
placement modifier reset,D-LC-SP-EXACT-RAN-DO-(Curtains|Blackout)-(LINEN-CURTAIN-52x72-LIGHT-BEIGE-2-PCS)-(52x72 blackout curtains 2 panels),campaign,,,placement_multiplier,placementRestOfSearch,0,80,cpc,placement,0,0,2026-09-16,,,,,,
placement modifier reset,D-LC-SP-room darkening drapes-(Blackout)-MSV-Exact-Conv-DO-LINEN-CURTAIN-52x96-NATURAL-2-PCS,campaign,,,placement_multiplier,placementTop,0,200,cpc,placement,0,0,2026-09-16,,,,,,
placement modifier reset,D-LC-SP-room darkening drapes-(Blackout)-MSV-Exact-Conv-DO-LINEN-CURTAIN-52x96-NATURAL-2-PCS,campaign,,,placement_multiplier,placementRestOfSearch,0,120,cpc,placement,0,0,2026-09-16,,,,,,
placement modifier reset,D-LC-SP-short linen curtains-(Linen)-MSV-Exact-Conv-DO-LINEN-CURTAIN-52x63-LINEN-2-PCS,campaign,,,placement_multiplier,placementTop,0,260,cpc,placement,0,0,2026-09-16,,,,,,
placement modifier reset,D-LC-SP-blackout curtains for dorm-(Blackout)-HSV-Exact-Conv-DO-LINEN-CURTAIN-52x96-NATURAL-2-PCS,campaign,,,placement_multiplier,placementTop,0,200,cpc,placement,0,0,2026-09-16,,,,,,
placement modifier reset,D-LC-SP-blackout curtains for dorm-(Blackout)-HSV-Exact-Conv-DO-LINEN-CURTAIN-52x96-NATURAL-2-PCS,campaign,,,placement_multiplier,placementRestOfSearch,0,120,cpc,placement,0,0,2026-09-16,,,,,,
placement modifier reset,D-LC-SP-EXACT-RAN-DO-(Curtains|Blackout)-(LINEN-CURTAIN-52x84-NATURAL-2-PCS)-(thermal blackout curtains 84 inch),campaign,,,placement_multiplier,placementTop,0,76,cpc,placement,0,0,2026-09-16,,,,,,
placement modifier reset,D-LC-SP-EXACT-RAN-DO-(Curtains|Blackout)-(LINEN-CURTAIN-52x84-NATURAL-2-PCS)-(thermal blackout curtains 84 inch),campaign,,,placement_multiplier,placementRestOfSearch,0,29,cpc,placement,0,0,2026-09-16,,,,,,
placement modifier reset,D-LC-SP-extra long linen curtains-(Linen)-MSV-Exact-Conv-DO-LINEN-CURTAIN-52x108-BEIGE-2-PCS,campaign,,,placement_multiplier,placementTop,0,260,cpc,placement,0,0,2026-09-16,,,,,,
placement modifier reset,D-LC-SP-EXACT-RAN-DO-(Curtains|Blackout)-(LINEN-CURTAIN-52x90-BEIGE-2-PCS)-(2 panel blackout curtains),campaign,,,placement_multiplier,placementTop,0,95,cpc,placement,0,0,2026-09-16,,,,,,
placement modifier reset,D-LC-SP-EXACT-RAN-DO-(Curtains|Blackout)-(LINEN-CURTAIN-52x90-BEIGE-2-PCS)-(2 panel blackout curtains),campaign,,,placement_multiplier,placementRestOfSearch,0,43,cpc,placement,0,0,2026-09-16,,,,,,
placement modifier reset,D-LC-SP-EXACT-RAN-DO-(Curtains|Blackout)-(LINEN-CURTAIN-52x84-NATURAL-2-PCS)-(best blackout curtains),campaign,,,placement_multiplier,placementTop,0,88,cpc,placement,0,0,2026-09-16,,,,,,
placement modifier reset,D-LC-SP-EXACT-RAN-DO-(Curtains|Blackout)-(LINEN-CURTAIN-52x84-NATURAL-2-PCS)-(best blackout curtains),campaign,,,placement_multiplier,placementRestOfSearch,0,38,cpc,placement,0,0,2026-09-16,,,,,,
placement modifier reset,D-LC-SP-linen curtains 90+ inches long-(Linen)-LSV-Exact-Conv-DO-LINEN-CURTAIN-52x90-LIGHT-GREY-2-PCS,campaign,,,placement_multiplier,placementTop,0,260,cpc,placement,0,0,2026-09-16,,,,,,
placement modifier reset,D-LC-SP-EXACT-RAN-DO-(Curtains|Blackout)-(LINEN-CURTAIN-52x72-LIGHT-BEIGE-2-PCS)-(thermal blackout curtains 72 inches long),campaign,,,placement_multiplier,placementTop,0,81,cpc,placement,0,0,2026-09-16,,,,,,
placement modifier reset,D-LC-SP-EXACT-RAN-DO-(Curtains|Blackout)-(LINEN-CURTAIN-52x72-LIGHT-BEIGE-2-PCS)-(thermal blackout curtains 72 inches long),campaign,,,placement_multiplier,placementRestOfSearch,0,33,cpc,placement,0,0,2026-09-16,,,,,,
placement modifier reset,D-LC-SP-black out curtains short window-(Blackout)-MSV-Exact-Conv-DO-LINEN-CURTAIN-52x63-LINEN-2-PCS,campaign,,,placement_multiplier,placementTop,0,200,cpc,placement,0,0,2026-09-16,,,,,,
placement modifier reset,D-LC-SP-black out curtains short window-(Blackout)-MSV-Exact-Conv-DO-LINEN-CURTAIN-52x63-LINEN-2-PCS,campaign,,,placement_multiplier,placementRestOfSearch,0,120,cpc,placement,0,0,2026-09-16,,,,,,
placement modifier reset,D-LC-SP-floor to ceiling curtains blackout-(Blackout)-MSV-Exact-Conv-DO-LINEN-CURTAIN-52x108-BEIGE-2-PCS,campaign,,,placement_multiplier,placementTop,0,200,cpc,placement,0,0,2026-09-16,,,,,,
placement modifier reset,D-LC-SP-floor to ceiling curtains blackout-(Blackout)-MSV-Exact-Conv-DO-LINEN-CURTAIN-52x108-BEIGE-2-PCS,campaign,,,placement_multiplier,placementRestOfSearch,0,120,cpc,placement,0,0,2026-09-16,,,,,,
placement modifier reset,D-LC-SP-EXACT-RAN-DO-(Curtains|Blackout)-(LINEN-CURTAIN-52x84-NATURAL-2-PCS)-(room curtains blackout),campaign,,,placement_multiplier,placementTop,0,117,cpc,placement,0,0,2026-09-16,,,,,,
placement modifier reset,D-LC-SP-EXACT-RAN-DO-(Curtains|Blackout)-(LINEN-CURTAIN-52x84-NATURAL-2-PCS)-(room curtains blackout),campaign,,,placement_multiplier,placementRestOfSearch,0,59,cpc,placement,0,0,2026-09-16,,,,,,
placement modifier reset,D-LC-SP-short window blackout curtains-(Blackout)-MSV-Exact-Conv-DO-LINEN-CURTAIN-52x63-LINEN-2-PCS,campaign,,,placement_multiplier,placementTop,0,200,cpc,placement,0,0,2026-09-16,,,,,,
placement modifier reset,D-LC-SP-short window blackout curtains-(Blackout)-MSV-Exact-Conv-DO-LINEN-CURTAIN-52x63-LINEN-2-PCS,campaign,,,placement_multiplier,placementRestOfSearch,0,120,cpc,placement,0,0,2026-09-16,,,,,,
placement modifier reset,D-LC-SP-blackout curtains energy efficient-(Blackout)-HSV-Exact-Conv-DO-LINEN-CURTAIN-52x96-NATURAL-2-PCS,campaign,,,placement_multiplier,placementTop,0,200,cpc,placement,0,0,2026-09-16,,,,,,
placement modifier reset,D-LC-SP-blackout curtains energy efficient-(Blackout)-HSV-Exact-Conv-DO-LINEN-CURTAIN-52x96-NATURAL-2-PCS,campaign,,,placement_multiplier,placementRestOfSearch,0,120,cpc,placement,0,0,2026-09-16,,,,,,
placement modifier reset,D-LC-SP-EXACT-RAN-DO-(Curtains|Blackout)-(LINEN-CURTAIN-52x72-LIGHT-BEIGE-2-PCS)-(blackout curtains 72 inch length 2 panels set),campaign,,,placement_multiplier,placementTop,0,117,cpc,placement,0,0,2026-09-16,,,,,,
placement modifier reset,D-LC-SP-EXACT-RAN-DO-(Curtains|Blackout)-(LINEN-CURTAIN-52x72-LIGHT-BEIGE-2-PCS)-(blackout curtains 72 inch length 2 panels set),campaign,,,placement_multiplier,placementRestOfSearch,0,59,cpc,placement,0,0,2026-09-16,,,,,,
placement modifier reset,D-LC-SP-EXACT-RAN-DO-(Curtains|Blackout|Living Room)-(LINEN-CURTAIN-52x84-NATURAL-2-PCS)-(84 inch blackout curtains living room),campaign,,,placement_multiplier,placementTop,0,61,cpc,placement,0,0,2026-09-16,,,,,,
placement modifier reset,D-LC-SP-EXACT-RAN-DO-(Curtains|Blackout|Living Room)-(LINEN-CURTAIN-52x84-NATURAL-2-PCS)-(84 inch blackout curtains living room),campaign,,,placement_multiplier,placementRestOfSearch,0,18,cpc,placement,0,0,2026-09-16,,,,,,
placement modifier reset,D-LC-SP-black out curtains for bedroom windows-(Blackout)-HSV-Exact-Conv-DO-LINEN-CURTAIN-52x96-NATURAL-2-PCS,campaign,,,placement_multiplier,placementTop,0,200,cpc,placement,0,0,2026-09-16,,,,,,
placement modifier reset,D-LC-SP-black out curtains for bedroom windows-(Blackout)-HSV-Exact-Conv-DO-LINEN-CURTAIN-52x96-NATURAL-2-PCS,campaign,,,placement_multiplier,placementRestOfSearch,0,120,cpc,placement,0,0,2026-09-16,,,,,,
placement modifier reset,D-LC-SP-EXACT-RAN-DO-(Curtains|Blackout|Bedroom)-(LINEN-CURTAIN-52x84-NATURAL-2-PCS)-(blackout boho curtains for bedroom),campaign,,,placement_multiplier,placementTop,0,178,cpc,placement,0,0,2026-09-16,,,,,,
placement modifier reset,D-LC-SP-EXACT-RAN-DO-(Curtains|Blackout|Bedroom)-(LINEN-CURTAIN-52x84-NATURAL-2-PCS)-(blackout boho curtains for bedroom),campaign,,,placement_multiplier,placementRestOfSearch,0,104,cpc,placement,0,0,2026-09-16,,,,,,
placement modifier reset,D-LC-SP-EXACT-RAN-DO-(Curtains|Blackout|Bedroom)-(LINEN-CURTAIN-52x84-NATURAL-2-PCS)-(farmhouse blackout curtains for bedroom),campaign,,,placement_multiplier,placementTop,0,114,cpc,placement,0,0,2026-09-16,,,,,,
placement modifier reset,D-LC-SP-EXACT-RAN-DO-(Curtains|Blackout|Bedroom)-(LINEN-CURTAIN-52x84-NATURAL-2-PCS)-(farmhouse blackout curtains for bedroom),campaign,,,placement_multiplier,placementRestOfSearch,0,57,cpc,placement,0,0,2026-09-16,,,,,,
placement modifier reset,D-LC-SP-blackout drapes living room-(Blackout)-MSV-Exact-Conv-DO-LINEN-CURTAIN-52x96-NATURAL-2-PCS,campaign,,,placement_multiplier,placementTop,0,200,cpc,placement,0,0,2026-09-16,,,,,,
placement modifier reset,D-LC-SP-blackout drapes living room-(Blackout)-MSV-Exact-Conv-DO-LINEN-CURTAIN-52x96-NATURAL-2-PCS,campaign,,,placement_multiplier,placementRestOfSearch,0,120,cpc,placement,0,0,2026-09-16,,,,,,
placement modifier reset,D-LC-SP-cortinas black out para dormitorio-(Blackout-ES)-MSV-Exact-Conv-DO-LINEN-CURTAIN-52x96-NATURAL-2-PCS,campaign,,,placement_multiplier,placementTop,0,200,cpc,placement,0,0,2026-09-16,,,,,,
placement modifier reset,D-LC-SP-cortinas black out para dormitorio-(Blackout-ES)-MSV-Exact-Conv-DO-LINEN-CURTAIN-52x96-NATURAL-2-PCS,campaign,,,placement_multiplier,placementRestOfSearch,0,120,cpc,placement,0,0,2026-09-16,,,,,,
placement modifier reset,D-LC-SP-off white blackout curtains 84 inches long-(Blackout)-MSV-Exact-Conv-DO-LINEN-CURTAIN-52x84-IVORY-2-PCS,campaign,,,placement_multiplier,placementTop,0,200,cpc,placement,0,0,2026-09-16,,,,,,
placement modifier reset,D-LC-SP-off white blackout curtains 84 inches long-(Blackout)-MSV-Exact-Conv-DO-LINEN-CURTAIN-52x84-IVORY-2-PCS,campaign,,,placement_multiplier,placementRestOfSearch,0,120,cpc,placement,0,0,2026-09-16,,,,,,
placement modifier reset,D-LC-SP-52 inch blackout curtains-(Blackout)-LSV-Exact-Conv-DO-LINEN-CURTAIN-52x96-NATURAL-2-PCS,campaign,,,placement_multiplier,placementTop,0,200,cpc,placement,0,0,2026-09-16,,,,,,
placement modifier reset,D-LC-SP-52 inch blackout curtains-(Blackout)-LSV-Exact-Conv-DO-LINEN-CURTAIN-52x96-NATURAL-2-PCS,campaign,,,placement_multiplier,placementRestOfSearch,0,120,cpc,placement,0,0,2026-09-16,,,,,,
placement modifier reset,D-LC-SP-EXACT-RAN-DO-(Curtains|Blackout)-(LINEN-CURTAIN-52x84-NATURAL-2-PCS)-(blackout curtains 84 inches long 2 panels set),campaign,,,placement_multiplier,placementTop,0,67,cpc,placement,0,0,2026-09-16,,,,,,
placement modifier reset,D-LC-SP-EXACT-RAN-DO-(Curtains|Blackout)-(LINEN-CURTAIN-52x84-NATURAL-2-PCS)-(blackout curtains 84 inches long 2 panels set),campaign,,,placement_multiplier,placementRestOfSearch,0,22,cpc,placement,0,0,2026-09-16,,,,,,
placement modifier reset,D-LC-SP-EXACT-RAN-DO-(Curtains|Blackout)-(LINEN-CURTAIN-52x90-BEIGE-2-PCS)-(light colored blackout curtains),campaign,,,placement_multiplier,placementTop,0,85,cpc,placement,0,0,2026-09-16,,,,,,
placement modifier reset,D-LC-SP-EXACT-RAN-DO-(Curtains|Blackout)-(LINEN-CURTAIN-52x90-BEIGE-2-PCS)-(light colored blackout curtains),campaign,,,placement_multiplier,placementRestOfSearch,0,36,cpc,placement,0,0,2026-09-16,,,,,,
placement modifier reset,D-LC-SP-EXACT-RAN-DO-(Curtains|Blackout)-(LINEN-CURTAIN-52x90-BEIGE-2-PCS)-(blackout beige curtains),campaign,,,placement_multiplier,placementTop,0,117,cpc,placement,0,0,2026-09-16,,,,,,
placement modifier reset,D-LC-SP-EXACT-RAN-DO-(Curtains|Blackout)-(LINEN-CURTAIN-52x90-BEIGE-2-PCS)-(blackout beige curtains),campaign,,,placement_multiplier,placementRestOfSearch,0,59,cpc,placement,0,0,2026-09-16,,,,,,
placement modifier reset,D-LC-SP-blackout drapes for living room-(Blackout)-LSV-Exact-Conv-DO-LINEN-CURTAIN-52x96-NATURAL-2-PCS,campaign,,,placement_multiplier,placementTop,0,200,cpc,placement,0,0,2026-09-16,,,,,,
placement modifier reset,D-LC-SP-blackout drapes for living room-(Blackout)-LSV-Exact-Conv-DO-LINEN-CURTAIN-52x96-NATURAL-2-PCS,campaign,,,placement_multiplier,placementRestOfSearch,0,120,cpc,placement,0,0,2026-09-16,,,,,,
placement modifier reset,D-LC-SP-EXACT-RAN-DO-(Curtains|Blackout)-(LINEN-CURTAIN-52x84-NATURAL-2-PCS)-(blackout farmhouse curtains),campaign,,,placement_multiplier,placementTop,0,146,cpc,placement,0,0,2026-09-16,,,,,,
placement modifier reset,D-LC-SP-EXACT-RAN-DO-(Curtains|Blackout)-(LINEN-CURTAIN-52x84-NATURAL-2-PCS)-(blackout farmhouse curtains),campaign,,,placement_multiplier,placementRestOfSearch,0,80,cpc,placement,0,0,2026-09-16,,,,,,
placement modifier reset,D-LC-SP-grey black out curtains 63 inch long-(Blackout)-LSV-Exact-Conv-DO-LINEN-CURTAIN-52x63-LIGHT-GREY-2-PCS,campaign,,,placement_multiplier,placementTop,0,200,cpc,placement,0,0,2026-09-16,,,,,,
placement modifier reset,D-LC-SP-grey black out curtains 63 inch long-(Blackout)-LSV-Exact-Conv-DO-LINEN-CURTAIN-52x63-LIGHT-GREY-2-PCS,campaign,,,placement_multiplier,placementRestOfSearch,0,120,cpc,placement,0,0,2026-09-16,,,,,,
placement modifier reset,D-LC-SP-EXACT-RAN-DO-(Curtains|Blackout)-(LINEN-CURTAIN-52x84-NATURAL-2-PCS)-(84 blackout curtains),campaign,,,placement_multiplier,placementTop,0,63,cpc,placement,0.91,1.49,2026-09-16,,,,,,
placement modifier reset,D-LC-SP-EXACT-RAN-DO-(Curtains|Blackout)-(LINEN-CURTAIN-52x84-NATURAL-2-PCS)-(84 blackout curtains),campaign,,,placement_multiplier,placementRestOfSearch,0,20,cpc,placement,0,0,2026-09-16,,,,,,
placement modifier reset,D-LC-SP-EXACT-RAN-DO-(Curtains|Blackout)-(LINEN-CURTAIN-52x72-LIGHT-BEIGE-2-PCS)-(thermal insulated blackout curtains 72 inch),campaign,,,placement_multiplier,placementTop,0,92,cpc,placement,0,0,2026-09-16,,,,,,
placement modifier reset,D-LC-SP-EXACT-RAN-DO-(Curtains|Blackout)-(LINEN-CURTAIN-52x72-LIGHT-BEIGE-2-PCS)-(thermal insulated blackout curtains 72 inch),campaign,,,placement_multiplier,placementRestOfSearch,0,41,cpc,placement,0,0,2026-09-16,,,,,,
placement modifier reset,D-Linen Curtains-SP-Exact-Ranking-Fixed-LINEN-CURTAIN-52x84-NATURAL-2-PCS-B0F639CWS1 - linen lined curtains,campaign,,,placement_multiplier,placementTop,0,260,cpc,placement,0,0,2026-09-16,,,,,,
placement modifier reset,D-LC-SP-black out curtains 84 inch long 2 panels-(Blackout)-HSV-Exact-Conv-DO-LINEN-CURTAIN-52x84-BEIGE-2-PCS,campaign,,,placement_multiplier,placementTop,0,200,cpc,placement,0,0,2026-09-16,,,,,,
placement modifier reset,D-LC-SP-black out curtains 84 inch long 2 panels-(Blackout)-HSV-Exact-Conv-DO-LINEN-CURTAIN-52x84-BEIGE-2-PCS,campaign,,,placement_multiplier,placementRestOfSearch,0,120,cpc,placement,0,0,2026-09-16,,,,,,
placement modifier reset,D-LC-SP-blackout ivory curtains bedroom-(Blackout)-LSV-Exact-Conv-DO-LINEN-CURTAIN-52x84-IVORY-2-PCS,campaign,,,placement_multiplier,placementTop,0,200,cpc,placement,0,0,2026-09-16,,,,,,
placement modifier reset,D-LC-SP-blackout ivory curtains bedroom-(Blackout)-LSV-Exact-Conv-DO-LINEN-CURTAIN-52x84-IVORY-2-PCS,campaign,,,placement_multiplier,placementRestOfSearch,0,120,cpc,placement,0,0,2026-09-16,,,,,,
placement modifier reset,D-LC-SP-EXACT-RAN-DO-(Curtains|Blackout)-(LINEN-CURTAIN-52x84-NATURAL-2-PCS)-(84 inch curtains blackout),campaign,,,placement_multiplier,placementTop,0,105,cpc,placement,0,0,2026-09-16,,,,,,
placement modifier reset,D-LC-SP-EXACT-RAN-DO-(Curtains|Blackout)-(LINEN-CURTAIN-52x84-NATURAL-2-PCS)-(84 inch curtains blackout),campaign,,,placement_multiplier,placementRestOfSearch,0,51,cpc,placement,0,0,2026-09-16,,,,,,
placement modifier reset,D-LC-SP-EXACT-RAN-DO-(Curtains|Blackout)-(LINEN-CURTAIN-52x84-NATURAL-2-PCS)-(livingroom blackout curtains),campaign,,,placement_multiplier,placementTop,0,121,cpc,placement,0,0,2026-09-16,,,,,,
placement modifier reset,D-LC-SP-EXACT-RAN-DO-(Curtains|Blackout)-(LINEN-CURTAIN-52x84-NATURAL-2-PCS)-(livingroom blackout curtains),campaign,,,placement_multiplier,placementRestOfSearch,0,62,cpc,placement,0,0,2026-09-16,,,,,,
placement modifier reset,D-LC-SP-bedroom black out curtains-(Blackout)-MSV-Exact-Conv-DO-LINEN-CURTAIN-52x96-NATURAL-2-PCS,campaign,,,placement_multiplier,placementTop,0,200,cpc,placement,0,0,2026-09-16,,,,,,
placement modifier reset,D-LC-SP-bedroom black out curtains-(Blackout)-MSV-Exact-Conv-DO-LINEN-CURTAIN-52x96-NATURAL-2-PCS,campaign,,,placement_multiplier,placementRestOfSearch,0,120,cpc,placement,0,0,2026-09-16,,,,,,
placement modifier reset,D-LC-SP-cream beige blackout curtains-(Blackout)-MSV-Exact-Conv-DO-LINEN-CURTAIN-52x84-IVORY-2-PCS,campaign,,,placement_multiplier,placementTop,0,200,cpc,placement,0,0,2026-09-16,,,,,,
placement modifier reset,D-LC-SP-cream beige blackout curtains-(Blackout)-MSV-Exact-Conv-DO-LINEN-CURTAIN-52x84-IVORY-2-PCS,campaign,,,placement_multiplier,placementRestOfSearch,0,120,cpc,placement,0,0,2026-09-16,,,,,,
placement modifier reset,D-Linen Curtains-SP-Exact-Ranking-Fixed-LINEN-CURTAIN-52x63-NATURAL-2-PCS-B0F634R6RF-G,campaign,,,placement_multiplier,placementTop,0,260,cpc,placement,0,0,2026-09-16,,,,,,
placement modifier reset,D-LC-SP-off white black out curtains-(Blackout)-MSV-Exact-Conv-DO-LINEN-CURTAIN-52x84-IVORY-2-PCS,campaign,,,placement_multiplier,placementTop,0,200,cpc,placement,0,0,2026-09-16,,,,,,
placement modifier reset,D-LC-SP-off white black out curtains-(Blackout)-MSV-Exact-Conv-DO-LINEN-CURTAIN-52x84-IVORY-2-PCS,campaign,,,placement_multiplier,placementRestOfSearch,0,120,cpc,placement,0,0,2026-09-16,,,,,,
placement modifier reset,D-LC-SP-cortinas blackout para dormitorio largas-(Blackout-ES)-LSV-Exact-Conv-DO-LINEN-CURTAIN-52x96-NATURAL-2-PCS,campaign,,,placement_multiplier,placementTop,0,200,cpc,placement,0,0,2026-09-16,,,,,,
placement modifier reset,D-LC-SP-cortinas blackout para dormitorio largas-(Blackout-ES)-LSV-Exact-Conv-DO-LINEN-CURTAIN-52x96-NATURAL-2-PCS,campaign,,,placement_multiplier,placementRestOfSearch,0,120,cpc,placement,0,0,2026-09-16,,,,,,
placement modifier reset,D-Linen Curtains-SP-Exact-Ranking-Fixed-LINEN-CURTAIN-52x84-NATURAL-2-PCS-B0F639CWS1 - 84 inch curtains linen,campaign,,,placement_multiplier,placementTop,0,260,cpc,placement,0,0,2026-09-16,,,,,,
placement modifier reset,D-Linen Curtains-SP-Exact-Ranking-Fixed-LINEN-CURTAIN-52x84-NATURAL-2-PCS-B0F639CWS1 - linen panels curtains,campaign,,,placement_multiplier,placementTop,0,260,cpc,placement,0,0,2026-09-16,,,,,,
placement modifier reset,D-LC-SP-window darkening curtains-(Blackout)-LSV-Exact-Conv-DO-LINEN-CURTAIN-52x96-NATURAL-2-PCS,campaign,,,placement_multiplier,placementTop,0,200,cpc,placement,0,0,2026-09-16,,,,,,
placement modifier reset,D-LC-SP-window darkening curtains-(Blackout)-LSV-Exact-Conv-DO-LINEN-CURTAIN-52x96-NATURAL-2-PCS,campaign,,,placement_multiplier,placementRestOfSearch,0,120,cpc,placement,0,0,2026-09-16,,,,,,
placement modifier reset,D-LC-SP-EXACT-RAN-DO-(Curtains|Blackout)-(LINEN-CURTAIN-52x90-BEIGE-2-PCS)-(blackout curtains for window),campaign,,,placement_multiplier,placementTop,0,173,cpc,placement,0,0,2026-09-16,,,,,,
placement modifier reset,D-LC-SP-EXACT-RAN-DO-(Curtains|Blackout)-(LINEN-CURTAIN-52x90-BEIGE-2-PCS)-(blackout curtains for window),campaign,,,placement_multiplier,placementRestOfSearch,0,100,cpc,placement,0,0,2026-09-16,,,,,,
placement modifier reset,D-LC-SP-cortina blackout para cuarto-(Blackout-ES)-HSV-Exact-Conv-DO-LINEN-CURTAIN-52x96-NATURAL-2-PCS,campaign,,,placement_multiplier,placementTop,0,200,cpc,placement,0,0,2026-09-16,,,,,,
placement modifier reset,D-LC-SP-cortina blackout para cuarto-(Blackout-ES)-HSV-Exact-Conv-DO-LINEN-CURTAIN-52x96-NATURAL-2-PCS,campaign,,,placement_multiplier,placementRestOfSearch,0,120,cpc,placement,0,0,2026-09-16,,,,,,
placement modifier reset,D-LC-SP-linen blackout curtains 96 + inches long-(Linen)-HSV-Exact-Conv-DO-LINEN-CURTAIN-52x96-BEIGE-2-PCS,campaign,,,placement_multiplier,placementTop,0,260,cpc,placement,0,0,2026-09-16,,,,,,
placement modifier reset,D-LC-SP-cortinas para habitacion blackout-(Blackout-ES)-LSV-Exact-Conv-DO-LINEN-CURTAIN-52x96-NATURAL-2-PCS,campaign,,,placement_multiplier,placementTop,0,200,cpc,placement,0,0,2026-09-16,,,,,,
placement modifier reset,D-LC-SP-cortinas para habitacion blackout-(Blackout-ES)-LSV-Exact-Conv-DO-LINEN-CURTAIN-52x96-NATURAL-2-PCS,campaign,,,placement_multiplier,placementRestOfSearch,0,120,cpc,placement,0,0,2026-09-16,,,,,,
placement modifier reset,D-LC-SP-EXACT-RAN-DO-(Curtains|Blackout|Sliding Door)-(LINEN-CURTAIN-52x84-NATURAL-2-PCS)-(sliding door curtains blackout),campaign,,,placement_multiplier,placementTop,0,58,cpc,placement,0,0,2026-09-16,,,,,,
placement modifier reset,D-LC-SP-EXACT-RAN-DO-(Curtains|Blackout|Sliding Door)-(LINEN-CURTAIN-52x84-NATURAL-2-PCS)-(sliding door curtains blackout),campaign,,,placement_multiplier,placementRestOfSearch,0,16,cpc,placement,0,0,2026-09-16,,,,,,
placement modifier reset,D-LC-SP-black out curtains thermal insulated-(Blackout)-MSV-Exact-Conv-DO-LINEN-CURTAIN-52x96-NATURAL-2-PCS,campaign,,,placement_multiplier,placementTop,0,200,cpc,placement,0,0,2026-09-16,,,,,,
placement modifier reset,D-LC-SP-black out curtains thermal insulated-(Blackout)-MSV-Exact-Conv-DO-LINEN-CURTAIN-52x96-NATURAL-2-PCS,campaign,,,placement_multiplier,placementRestOfSearch,0,120,cpc,placement,0,0,2026-09-16,,,,,,
placement modifier reset,D-LC-SP-EXACT-RAN-DO-(Curtains|Blackout)-(LINEN-CURTAIN-52x90-BEIGE-2-PCS)-(machine washable blackout curtains),campaign,,,placement_multiplier,placementTop,0,117,cpc,placement,0,0,2026-09-16,,,,,,
placement modifier reset,D-LC-SP-EXACT-RAN-DO-(Curtains|Blackout)-(LINEN-CURTAIN-52x90-BEIGE-2-PCS)-(machine washable blackout curtains),campaign,,,placement_multiplier,placementRestOfSearch,0,59,cpc,placement,0,0,2026-09-16,,,,,,
placement modifier reset,D-LC-SP-two drapes blackout curtains-(Blackout)-MSV-Exact-Conv-DO-LINEN-CURTAIN-52x96-NATURAL-2-PCS,campaign,,,placement_multiplier,placementTop,0,200,cpc,placement,0,0,2026-09-16,,,,,,
placement modifier reset,D-LC-SP-two drapes blackout curtains-(Blackout)-MSV-Exact-Conv-DO-LINEN-CURTAIN-52x96-NATURAL-2-PCS,campaign,,,placement_multiplier,placementRestOfSearch,0,120,cpc,placement,0,0,2026-09-16,,,,,,
placement modifier reset,D-Linen Curtains-SP-Exact-Ranking-Fixed-LINEN-CURTAIN-52x120-NATURAL-2-PCS-B0F63C3Z95-faux linen blackout curtains 52x120,campaign,,,placement_multiplier,placementTop,0,61,cpc,placement,0,0,2026-09-16,,,,,,
placement modifier reset,D-LC-SP-ivory linen curtains 96 inches long-(Linen)-LSV-Exact-Conv-DO-LINEN-CURTAIN-52x96-IVORY-2-PCS,campaign,,,placement_multiplier,placementTop,0,260,cpc,placement,0,0,2026-09-16,,,,,,
placement modifier reset,D-LC-SP-blackout drapes curtains-(Blackout)-MSV-Exact-Conv-DO-LINEN-CURTAIN-52x96-NATURAL-2-PCS,campaign,,,placement_multiplier,placementTop,0,200,cpc,placement,0,0,2026-09-16,,,,,,
placement modifier reset,D-LC-SP-blackout drapes curtains-(Blackout)-MSV-Exact-Conv-DO-LINEN-CURTAIN-52x96-NATURAL-2-PCS,campaign,,,placement_multiplier,placementRestOfSearch,0,120,cpc,placement,0,0,2026-09-16,,,,,,
placement modifier reset,D-LC-SP-linen black out curtains 84 inch long-(Linen)-LSV-Exact-Conv-DO-LINEN-CURTAIN-52x84-BEIGE-2-PCS,campaign,,,placement_multiplier,placementTop,0,260,cpc,placement,0,0,2026-09-16,,,,,,
placement modifier reset,D-LC-SP-black out drapes for bedroom-(Blackout)-HSV-Exact-Conv-DO-LINEN-CURTAIN-52x96-NATURAL-2-PCS,campaign,,,placement_multiplier,placementTop,0,200,cpc,placement,0,0,2026-09-16,,,,,,
placement modifier reset,D-LC-SP-black out drapes for bedroom-(Blackout)-HSV-Exact-Conv-DO-LINEN-CURTAIN-52x96-NATURAL-2-PCS,campaign,,,placement_multiplier,placementRestOfSearch,0,120,cpc,placement,0,0,2026-09-16,,,,,,
placement modifier reset,D-Linen Curtains-SP-Exact-Ranking-Fixed-LINEN-CURTAIN-52x84-NATURAL-2-PCS-B0F639CWS1 - linen pleated curtains,campaign,,,placement_multiplier,placementTop,0,260,cpc,placement,0,0,2026-09-16,,,,,,
placement modifier reset,D-LC-SP-linen curtains 96 + inches long-(Linen)-MSV-Exact-Conv-DO-LINEN-CURTAIN-52x96-BEIGE-2-PCS,campaign,,,placement_multiplier,placementTop,0,260,cpc,placement,0,0,2026-09-16,,,,,,
placement modifier reset,D-LC-SP-EXACT-RAN-DO-(Curtains|Blackout)-(LINEN-CURTAIN-52x90-BEIGE-2-PCS)-(blackout curtains farmhouse style),campaign,,,placement_multiplier,placementTop,0,127,cpc,placement,0,0,2026-09-16,,,,,,
placement modifier reset,D-LC-SP-EXACT-RAN-DO-(Curtains|Blackout)-(LINEN-CURTAIN-52x90-BEIGE-2-PCS)-(blackout curtains farmhouse style),campaign,,,placement_multiplier,placementRestOfSearch,0,67,cpc,placement,0,0,2026-09-16,,,,,,
placement modifier reset,D-LC-SP-EXACT-RAN-DO-(Curtains|Blackout|Bedroom)-(LINEN-CURTAIN-52x84-NATURAL-2-PCS)-(blackout thermal curtains for bedroom),campaign,,,placement_multiplier,placementTop,0,100,cpc,placement,0,0,2026-09-16,,,,,,
placement modifier reset,D-LC-SP-EXACT-RAN-DO-(Curtains|Blackout|Bedroom)-(LINEN-CURTAIN-52x84-NATURAL-2-PCS)-(blackout thermal curtains for bedroom),campaign,,,placement_multiplier,placementRestOfSearch,0,47,cpc,placement,0,0,2026-09-16,,,,,,
placement modifier reset,D-LC-SP-blackout curtains for dorm room-(Blackout)-HSV-Exact-Conv-DO-LINEN-CURTAIN-52x96-NATURAL-2-PCS,campaign,,,placement_multiplier,placementTop,0,200,cpc,placement,0,0,2026-09-16,,,,,,
placement modifier reset,D-LC-SP-blackout curtains for dorm room-(Blackout)-HSV-Exact-Conv-DO-LINEN-CURTAIN-52x96-NATURAL-2-PCS,campaign,,,placement_multiplier,placementRestOfSearch,0,120,cpc,placement,0,0,2026-09-16,,,,,,
placement modifier reset,D-Linen Curtains-SP-Exact-Ranking-Fixed-LINEN-CURTAIN-52x84-NATURAL-2-PCS-B0F639CWS1 - high end linen curtains,campaign,,,placement_multiplier,placementTop,0,260,cpc,placement,0,0,2026-09-16,,,,,,
placement modifier reset,D-LC-SP-EXACT-RAN-DO-(Curtains|Blackout)-(LINEN-CURTAIN-52x63-LINEN-2-PCS)-(blackout curtains 63 inch length),campaign,,,placement_multiplier,placementTop,0,188,cpc,placement,0,0,2026-09-16,,,,,,
placement modifier reset,D-LC-SP-EXACT-RAN-DO-(Curtains|Blackout)-(LINEN-CURTAIN-52x63-LINEN-2-PCS)-(blackout curtains 63 inch length),campaign,,,placement_multiplier,placementRestOfSearch,0,112,cpc,placement,0,0,2026-09-16,,,,,,
placement modifier reset,D-LC-SP-curtain blackout linen-(Linen)-LSV-Exact-Conv-DO-LINEN-CURTAIN-52x96-NATURAL-2-PCS,campaign,,,placement_multiplier,placementTop,0,260,cpc,placement,0,0,2026-09-16,,,,,,
placement modifier reset,D-Linen Curtains-SP-Exact-Ranking-Fixed-LINEN-CURTAIN-52x84-NATURAL-2-PCS-B0F639CWS1 - farmhouse linen curtains,campaign,,,placement_multiplier,placementTop,0,260,cpc,placement,0,0,2026-09-16,,,,,,
placement modifier reset,D-LC-SP-linen curtain panels-(Linen)-HSV-Exact-Conv-DO-LINEN-CURTAIN-52x84-NATURAL-2-PCS,campaign,,,placement_multiplier,placementTop,0,260,cpc,placement,0,0,2026-09-16,,,,,,
placement modifier reset,D-LC-SP-EXACT-RAN-DO-(Curtains|Blackout)-(LINEN-CURTAIN-52x90-BEIGE-2-PCS)-(farmhouse blackout curtains),campaign,,,placement_multiplier,placementTop,0,206,cpc,placement,0,0,2026-09-16,,,,,,
placement modifier reset,D-LC-SP-EXACT-RAN-DO-(Curtains|Blackout)-(LINEN-CURTAIN-52x90-BEIGE-2-PCS)-(farmhouse blackout curtains),campaign,,,placement_multiplier,placementRestOfSearch,0,124,cpc,placement,0,0,2026-09-16,,,,,,
placement modifier reset,D-LC-SP-black out thermal curtains-(Blackout)-HSV-Exact-Conv-DO-LINEN-CURTAIN-52x96-NATURAL-2-PCS,campaign,,,placement_multiplier,placementTop,0,200,cpc,placement,0,0,2026-09-16,,,,,,
placement modifier reset,D-LC-SP-black out thermal curtains-(Blackout)-HSV-Exact-Conv-DO-LINEN-CURTAIN-52x96-NATURAL-2-PCS,campaign,,,placement_multiplier,placementRestOfSearch,0,120,cpc,placement,0,0,2026-09-16,,,,,,
placement modifier reset,D-LC-SP-cream blackout curtains 96 + inches long-(Blackout)-LSV-Exact-Conv-DO-LINEN-CURTAIN-52x96-IVORY-2-PCS,campaign,,,placement_multiplier,placementTop,0,200,cpc,placement,0,0,2026-09-16,,,,,,
placement modifier reset,D-LC-SP-cream blackout curtains 96 + inches long-(Blackout)-LSV-Exact-Conv-DO-LINEN-CURTAIN-52x96-IVORY-2-PCS,campaign,,,placement_multiplier,placementRestOfSearch,0,120,cpc,placement,0,0,2026-09-16,,,,,,
placement modifier reset,D-LC-SP-EXACT-RAN-DO-(Curtains|Blackout)-(LINEN-CURTAIN-52x63-BEIGE-2-PCS)-(beige blackout curtains 63 inch length),campaign,,,placement_multiplier,placementTop,0,163,cpc,placement,0,0,2026-09-16,,,,,,
placement modifier reset,D-LC-SP-EXACT-RAN-DO-(Curtains|Blackout)-(LINEN-CURTAIN-52x63-BEIGE-2-PCS)-(beige blackout curtains 63 inch length),campaign,,,placement_multiplier,placementRestOfSearch,0,93,cpc,placement,0,0,2026-09-16,,,,,,
placement modifier reset,D-LC-SP-black out curtains short length-(Blackout)-LSV-Exact-Conv-DO-LINEN-CURTAIN-52x63-LINEN-2-PCS,campaign,,,placement_multiplier,placementTop,0,200,cpc,placement,0,0,2026-09-16,,,,,,
placement modifier reset,D-LC-SP-black out curtains short length-(Blackout)-LSV-Exact-Conv-DO-LINEN-CURTAIN-52x63-LINEN-2-PCS,campaign,,,placement_multiplier,placementRestOfSearch,0,120,cpc,placement,0,0,2026-09-16,,,,,,
placement modifier reset,D-LC-SP-taupe linen blackout curtains-(Linen)-LSV-Exact-Conv-DO-LINEN-CURTAIN-52x84-LIGHT-BEIGE-2-PCS,campaign,,,placement_multiplier,placementTop,0,260,cpc,placement,0,0,2026-09-16,,,,,,
placement modifier reset,D-LC-SP-96 inch faux linen curtains 2 panel-(Linen)-LSV-Exact-Conv-DO-LINEN-CURTAIN-52x96-BEIGE-2-PCS,campaign,,,placement_multiplier,placementTop,0,260,cpc,placement,0,0,2026-09-16,,,,,,
placement modifier reset,D-Linen Curtains-SP-Exact-Ranking-Fixed-LINEN-CURTAIN-52x84-NATURAL-2-PCS-B0F639CWS1 - pleated linen curtains,campaign,,,placement_multiplier,placementTop,0,260,cpc,placement,0,0,2026-09-16,,,,,,
placement modifier reset,D-LC-SP-EXACT-RAN-DO-(Curtains|Blackout|Bedroom)-(LINEN-CURTAIN-52x90-BEIGE-2-PCS)-(beige blackout curtains for bedroom),campaign,,,placement_multiplier,placementTop,0,154,cpc,placement,0,0,2026-09-16,,,,,,
placement modifier reset,D-LC-SP-EXACT-RAN-DO-(Curtains|Blackout|Bedroom)-(LINEN-CURTAIN-52x90-BEIGE-2-PCS)-(beige blackout curtains for bedroom),campaign,,,placement_multiplier,placementRestOfSearch,0,86,cpc,placement,0,0,2026-09-16,,,,,,
placement modifier reset,D-LC-SP-light blocking curtains 63 inch-(Blackout)-LSV-Exact-Conv-DO-LINEN-CURTAIN-52x63-LINEN-2-PCS,campaign,,,placement_multiplier,placementTop,0,200,cpc,placement,0,0,2026-09-16,,,,,,
placement modifier reset,D-LC-SP-light blocking curtains 63 inch-(Blackout)-LSV-Exact-Conv-DO-LINEN-CURTAIN-52x63-LINEN-2-PCS,campaign,,,placement_multiplier,placementRestOfSearch,0,120,cpc,placement,0,0,2026-09-16,,,,,,
placement modifier reset,D-LC-SP-blackout curtains renter friendly-(Blackout)-HSV-Exact-Conv-DO-LINEN-CURTAIN-52x96-NATURAL-2-PCS,campaign,,,placement_multiplier,placementTop,0,200,cpc,placement,0,0,2026-09-16,,,,,,
placement modifier reset,D-LC-SP-blackout curtains renter friendly-(Blackout)-HSV-Exact-Conv-DO-LINEN-CURTAIN-52x96-NATURAL-2-PCS,campaign,,,placement_multiplier,placementRestOfSearch,0,120,cpc,placement,0,0,2026-09-16,,,,,,
placement modifier reset,D-LC-SP-cream room darkening curtains-(Blackout)-MSV-Exact-Conv-DO-LINEN-CURTAIN-52x84-IVORY-2-PCS,campaign,,,placement_multiplier,placementTop,0,200,cpc,placement,0,0,2026-09-16,,,,,,
placement modifier reset,D-LC-SP-cream room darkening curtains-(Blackout)-MSV-Exact-Conv-DO-LINEN-CURTAIN-52x84-IVORY-2-PCS,campaign,,,placement_multiplier,placementRestOfSearch,0,120,cpc,placement,0,0,2026-09-16,,,,,,
placement modifier reset,D-LC-SP-dorm blackout curtains-(Blackout)-HSV-Exact-Conv-DO-LINEN-CURTAIN-52x96-NATURAL-2-PCS,campaign,,,placement_multiplier,placementTop,0,200,cpc,placement,0,0,2026-09-16,,,,,,
placement modifier reset,D-LC-SP-dorm blackout curtains-(Blackout)-HSV-Exact-Conv-DO-LINEN-CURTAIN-52x96-NATURAL-2-PCS,campaign,,,placement_multiplier,placementRestOfSearch,0,120,cpc,placement,0,0,2026-09-16,,,,,,
placement modifier reset,D-LC-SP-textured fabric curtains linen-(Linen)-LSV-Exact-Conv-DO-LINEN-CURTAIN-52x84-NATURAL-2-PCS,campaign,,,placement_multiplier,placementTop,0,260,cpc,placement,0,0,2026-09-16,,,,,,
placement modifier reset,D-LC-SP-black out thermal curtains 84 inch long-(Blackout)-MSV-Exact-Conv-DO-LINEN-CURTAIN-52x84-BEIGE-2-PCS,campaign,,,placement_multiplier,placementTop,0,200,cpc,placement,0,0,2026-09-16,,,,,,
placement modifier reset,D-LC-SP-black out thermal curtains 84 inch long-(Blackout)-MSV-Exact-Conv-DO-LINEN-CURTAIN-52x84-BEIGE-2-PCS,campaign,,,placement_multiplier,placementRestOfSearch,0,120,cpc,placement,0,0,2026-09-16,,,,,,
placement modifier reset,D-LC-SP-EXACT-RAN-DO-(Curtains|Blackout)-(LINEN-CURTAIN-52x84-NATURAL-2-PCS)-(blackout curtains 84 inches),campaign,,,placement_multiplier,placementTop,0,81,cpc,placement,0,0,2026-09-16,,,,,,
placement modifier reset,D-LC-SP-EXACT-RAN-DO-(Curtains|Blackout)-(LINEN-CURTAIN-52x84-NATURAL-2-PCS)-(blackout curtains 84 inches),campaign,,,placement_multiplier,placementRestOfSearch,0,33,cpc,placement,0,0,2026-09-16,,,,,,
placement modifier reset,D-LC-SP-linen curtains 2 panel bedroom-(Linen)-HSV-Exact-Conv-DO-LINEN-CURTAIN-52x84-NATURAL-2-PCS,campaign,,,placement_multiplier,placementTop,0,260,cpc,placement,0,0,2026-09-16,,,,,,
placement modifier reset,D-LC-SP-cortinas black out-(Blackout-ES)-MSV-Exact-Conv-DO-LINEN-CURTAIN-52x96-NATURAL-2-PCS,campaign,,,placement_multiplier,placementTop,0,200,cpc,placement,0,0,2026-09-16,,,,,,
placement modifier reset,D-LC-SP-cortinas black out-(Blackout-ES)-MSV-Exact-Conv-DO-LINEN-CURTAIN-52x96-NATURAL-2-PCS,campaign,,,placement_multiplier,placementRestOfSearch,0,120,cpc,placement,0,0,2026-09-16,,,,,,
placement modifier reset,D-LC-SP-darkening curtains for living room-(Blackout)-HSV-Exact-Conv-DO-LINEN-CURTAIN-52x96-NATURAL-2-PCS,campaign,,,placement_multiplier,placementTop,0,200,cpc,placement,0,0,2026-09-16,,,,,,
placement modifier reset,D-LC-SP-darkening curtains for living room-(Blackout)-HSV-Exact-Conv-DO-LINEN-CURTAIN-52x96-NATURAL-2-PCS,campaign,,,placement_multiplier,placementRestOfSearch,0,120,cpc,placement,0,0,2026-09-16,,,,,,
placement modifier reset,D-LC-SP-EXACT-RAN-DO-(Curtains|Blackout|Bedroom)-(LINEN-CURTAIN-52x84-NATURAL-2-PCS)-(total blackout curtains for bedroom),campaign,,,placement_multiplier,placementTop,0,100,cpc,placement,0,0,2026-09-16,,,,,,
placement modifier reset,D-LC-SP-EXACT-RAN-DO-(Curtains|Blackout|Bedroom)-(LINEN-CURTAIN-52x84-NATURAL-2-PCS)-(total blackout curtains for bedroom),campaign,,,placement_multiplier,placementRestOfSearch,0,47,cpc,placement,0,0,2026-09-16,,,,,,
placement modifier reset,D-LC-SP-EXACT-RAN-DO-(Curtains|Blackout|Living Room)-(52x90-BEIGE-2-PCS)-(farmhouse blackout curtains for living room),campaign,,,placement_multiplier,placementTop,0,159,cpc,placement,0,0,2026-09-16,,,,,,
placement modifier reset,D-LC-SP-EXACT-RAN-DO-(Curtains|Blackout|Living Room)-(52x90-BEIGE-2-PCS)-(farmhouse blackout curtains for living room),campaign,,,placement_multiplier,placementRestOfSearch,0,90,cpc,placement,0,0,2026-09-16,,,,,,
placement modifier reset,D-LC-SP-bedroom black out curtains 2 panel sets-(Blackout)-MSV-Exact-Conv-DO-LINEN-CURTAIN-52x96-NATURAL-2-PCS,campaign,,,placement_multiplier,placementTop,0,200,cpc,placement,0,0,2026-09-16,,,,,,
placement modifier reset,D-LC-SP-bedroom black out curtains 2 panel sets-(Blackout)-MSV-Exact-Conv-DO-LINEN-CURTAIN-52x96-NATURAL-2-PCS,campaign,,,placement_multiplier,placementRestOfSearch,0,120,cpc,placement,0,0,2026-09-16,,,,,,
placement modifier reset,D-LC-SP-soft ivory linen curtains-(Linen)-MSV-Exact-Conv-DO-LINEN-CURTAIN-52x84-IVORY-2-PCS,campaign,,,placement_multiplier,placementTop,0,260,cpc,placement,0,0,2026-09-16,,,,,,
placement modifier reset,D-LC-SP-EXACT-RAN-DO-(Curtains|Blackout)-(LINEN-CURTAIN-52x90-BEIGE-2-PCS)-(blackout curtains two panels),campaign,,,placement_multiplier,placementTop,0,114,cpc,placement,0,0,2026-09-16,,,,,,
placement modifier reset,D-LC-SP-EXACT-RAN-DO-(Curtains|Blackout)-(LINEN-CURTAIN-52x90-BEIGE-2-PCS)-(blackout curtains two panels),campaign,,,placement_multiplier,placementRestOfSearch,0,57,cpc,placement,0,0,2026-09-16,,,,,,
placement modifier reset,D-LC-SP-light blocking curtains for bedroom-(Blackout)-MSV-Exact-Conv-DO-LINEN-CURTAIN-52x84-NATURAL-2-PCS,campaign,,,placement_multiplier,placementTop,0,200,cpc,placement,0,0,2026-09-16,,,,,,
placement modifier reset,D-LC-SP-light blocking curtains for bedroom-(Blackout)-MSV-Exact-Conv-DO-LINEN-CURTAIN-52x84-NATURAL-2-PCS,campaign,,,placement_multiplier,placementRestOfSearch,0,120,cpc,placement,0,0,2026-09-16,,,,,,
placement modifier reset,D-LC-SP-blackout panel curtains-(Blackout)-LSV-Exact-Conv-DO-LINEN-CURTAIN-52x96-NATURAL-2-PCS,campaign,,,placement_multiplier,placementTop,0,200,cpc,placement,0,0,2026-09-16,,,,,,
placement modifier reset,D-LC-SP-blackout panel curtains-(Blackout)-LSV-Exact-Conv-DO-LINEN-CURTAIN-52x96-NATURAL-2-PCS,campaign,,,placement_multiplier,placementRestOfSearch,0,120,cpc,placement,0,0,2026-09-16,,,,,,
placement modifier reset,D-Linen Curtains-SP-Exact-Ranking-Fixed-LINEN-CURTAIN-52x84-NATURAL-2-PCS-B0F639CWS1 - linen curtains neutral colors,campaign,,,placement_multiplier,placementTop,0,260,cpc,placement,0,0,2026-09-16,,,,,,
placement modifier reset,D-LC-SP-black out curtains 2 panel-(Blackout)-HSV-Exact-Conv-DO-LINEN-CURTAIN-52x96-NATURAL-2-PCS,campaign,,,placement_multiplier,placementTop,0,200,cpc,placement,0,0,2026-09-16,,,,,,
placement modifier reset,D-LC-SP-black out curtains 2 panel-(Blackout)-HSV-Exact-Conv-DO-LINEN-CURTAIN-52x96-NATURAL-2-PCS,campaign,,,placement_multiplier,placementRestOfSearch,0,120,cpc,placement,0,0,2026-09-16,,,,,,
placement modifier reset,D-LC-SP-EXACT-RAN-DO-(Curtains|Blackout)-(LINEN-CURTAIN-52x90-BEIGE-2-PCS)-(light blackout curtains),campaign,,,placement_multiplier,placementTop,0,114,cpc,placement,0,0,2026-09-16,,,,,,
placement modifier reset,D-LC-SP-EXACT-RAN-DO-(Curtains|Blackout)-(LINEN-CURTAIN-52x90-BEIGE-2-PCS)-(light blackout curtains),campaign,,,placement_multiplier,placementRestOfSearch,0,57,cpc,placement,0,0,2026-09-16,,,,,,
placement modifier reset,D-LC-SP-small black out curtains-(Blackout)-HSV-Exact-Conv-DO-LINEN-CURTAIN-52x96-NATURAL-2-PCS,campaign,,,placement_multiplier,placementTop,0,200,cpc,placement,0,0,2026-09-16,,,,,,
placement modifier reset,D-LC-SP-small black out curtains-(Blackout)-HSV-Exact-Conv-DO-LINEN-CURTAIN-52x96-NATURAL-2-PCS,campaign,,,placement_multiplier,placementRestOfSearch,0,120,cpc,placement,0,0,2026-09-16,,,,,,
placement modifier reset,D-LC-SP-EXACT-RAN-DO-(Curtains|Blackout)-(LINEN-CURTAIN-52x84-NATURAL-2-PCS)-(blackout curtains 84 inch 2 panels),campaign,,,placement_multiplier,placementTop,0,108,cpc,placement,0,0,2026-09-16,,,,,,
placement modifier reset,D-LC-SP-EXACT-RAN-DO-(Curtains|Blackout)-(LINEN-CURTAIN-52x84-NATURAL-2-PCS)-(blackout curtains 84 inch 2 panels),campaign,,,placement_multiplier,placementRestOfSearch,0,53,cpc,placement,0,0,2026-09-16,,,,,,
placement modifier reset,D-LC-SP-black out window curtain-(Blackout)-HSV-Exact-Conv-DO-LINEN-CURTAIN-52x96-NATURAL-2-PCS,campaign,,,placement_multiplier,placementTop,0,200,cpc,placement,0,0,2026-09-16,,,,,,
placement modifier reset,D-LC-SP-black out window curtain-(Blackout)-HSV-Exact-Conv-DO-LINEN-CURTAIN-52x96-NATURAL-2-PCS,campaign,,,placement_multiplier,placementRestOfSearch,0,120,cpc,placement,0,0,2026-09-16,,,,,,
placement modifier reset,D-LC-SP-EXACT-RAN-DO-(Curtains|Blackout|Bedroom)-(LINEN-CURTAIN-52x84-NATURAL-2-PCS)-(blackout curtain panels bedroom),campaign,,,placement_multiplier,placementTop,0,92,cpc,placement,0,0,2026-09-16,,,,,,
placement modifier reset,D-LC-SP-EXACT-RAN-DO-(Curtains|Blackout|Bedroom)-(LINEN-CURTAIN-52x84-NATURAL-2-PCS)-(blackout curtain panels bedroom),campaign,,,placement_multiplier,placementRestOfSearch,0,41,cpc,placement,0,0,2026-09-16,,,,,,
placement modifier reset,D-Linen Curtains-SP-Exact-Ranking-Fixed-LINEN-CURTAIN-52x84-NATURAL-2-PCS-B0F639CWS1 - linen living room curtains,campaign,,,placement_multiplier,placementTop,0,260,cpc,placement,0,0,2026-09-16,,,,,,
placement modifier reset,D-LC-SP-white blackout curtains 63 inch length-(Blackout)-MSV-Exact-Conv-DO-LINEN-CURTAIN-52x63-IVORY-2-PCS,campaign,,,placement_multiplier,placementTop,0,200,cpc,placement,0,0,2026-09-16,,,,,,
placement modifier reset,D-LC-SP-white blackout curtains 63 inch length-(Blackout)-MSV-Exact-Conv-DO-LINEN-CURTAIN-52x63-IVORY-2-PCS,campaign,,,placement_multiplier,placementRestOfSearch,0,120,cpc,placement,0,0,2026-09-16,,,,,,
placement modifier reset,D-LC-SP-EXACT-RAN-DO-(Linen|Curtains|Blackout)-(LINEN-CURTAIN-52x84-NATURAL-2-PCS)-(natural flax linen curtains blackout),campaign,,,placement_multiplier,placementTop,0,140,cpc,placement,0,0,2026-09-16,,,,,,
placement modifier reset,D-LC-SP-natural linen curtains 96 inches long-(Linen)-LSV-Exact-Conv-DO-LINEN-CURTAIN-52x96-NATURAL-2-PCS,campaign,,,placement_multiplier,placementTop,0,260,cpc,placement,0,0,2026-09-16,,,,,,
placement modifier reset,D-LC-SP-blackout curtains light blocking-(Blackout)-LSV-Exact-Conv-DO-LINEN-CURTAIN-52x96-NATURAL-2-PCS,campaign,,,placement_multiplier,placementTop,0,200,cpc,placement,0,0,2026-09-16,,,,,,
placement modifier reset,D-LC-SP-blackout curtains light blocking-(Blackout)-LSV-Exact-Conv-DO-LINEN-CURTAIN-52x96-NATURAL-2-PCS,campaign,,,placement_multiplier,placementRestOfSearch,0,120,cpc,placement,0,0,2026-09-16,,,,,,
placement modifier reset,D-Linen Curtains-SP-Exact-Ranking-Fixed-LINEN-CURTAIN-52x84-NATURAL-2-PCS-B0F639CWS1 - long linen curtains,campaign,,,placement_multiplier,placementTop,0,260,cpc,placement,0,0,2026-09-16,,,,,,
placement modifier reset,D-LC-SP-EXACT-RAN-DO-(Curtains|Blackout|Bedroom)-(LINEN-CURTAIN-52x84-NATURAL-2-PCS)-(blackout curtains for bedroom long),campaign,,,placement_multiplier,placementTop,0,85,cpc,placement,0,0,2026-09-16,,,,,,
placement modifier reset,D-LC-SP-EXACT-RAN-DO-(Curtains|Blackout|Bedroom)-(LINEN-CURTAIN-52x84-NATURAL-2-PCS)-(blackout curtains for bedroom long),campaign,,,placement_multiplier,placementRestOfSearch,0,36,cpc,placement,0,0,2026-09-16,,,,,,
placement modifier reset,D-LC-SP-linen curtains room darkening-(Linen)-LSV-Exact-Conv-DO-LINEN-CURTAIN-52x96-NATURAL-2-PCS,campaign,,,placement_multiplier,placementTop,0,260,cpc,placement,0,0,2026-09-16,,,,,,
placement modifier reset,D-LC-SP-energy efficient blackout curtains for bedroom-(Blackout)-LSV-Exact-Conv-DO-LINEN-CURTAIN-52x96-NATURAL-2-PCS,campaign,,,placement_multiplier,placementTop,0,200,cpc,placement,0,0,2026-09-16,,,,,,
placement modifier reset,D-LC-SP-energy efficient blackout curtains for bedroom-(Blackout)-LSV-Exact-Conv-DO-LINEN-CURTAIN-52x96-NATURAL-2-PCS,campaign,,,placement_multiplier,placementRestOfSearch,0,120,cpc,placement,0,0,2026-09-16,,,,,,
