change_id,flag,decision,campaign,entity_type,entity,match_type,attribute,placement,new_value,prior_value,mechanism_metric,mechanism_level,mechanism_target,mechanism_from,check_date,outcome_keyword,outcome_rank,outcome_bound,outcome_date,fallback,rationale
L0001,ok,refund gate pause,D-LC-SP-BROAD-RAN-DO-(Curtains|Blackout)-(LINEN-CURTAIN-52x96-BEIGE-2-PCS)-(blackout curtains 96),campaign,D-LC-SP-BROAD-RAN-DO-(Curtains|Blackout)-(LINEN-CURTAIN-52x96-BEIGE-2-PCS)-(blackout curtains 96),,state,,paused,enabled,spend_wk,campaign,0,142.28,2026-09-15,,,"spend on these 215 campaigns falls to $0; units cleared per week holds, because these SKUs return 37.5-45.5% of what they sell",2026-09-22,release in tranche C when the lab dip and re-shot images land; re-enable at the prior budget and read refund rate before any bid move,"12 BLOCK-tier SKUs refund at 37.5-45.5% on a reliable sample. Effective ad cost per unit actually cleared is $20.66-$23.67 against a $19.69 ceiling, so every incremental unit loses money. Return reason on file is ""colour lighter than pictures"" and these are the affected colourways and drops."
L0002,ok,refund gate pause,D-LC-SP-EXACT-RAN-DO-(Curtains|Blackout)-(LINEN-CURTAIN-52x96-IVORY-2-PCS)-(blackout curtains 96 inches long),campaign,D-LC-SP-EXACT-RAN-DO-(Curtains|Blackout)-(LINEN-CURTAIN-52x96-IVORY-2-PCS)-(blackout curtains 96 inches long),,state,,paused,enabled,spend_wk,campaign,,,2026-09-15,,,,,,
L0003,ok,refund gate pause,D-LC-SP-black out curtains 96 inch long-(Blackout)-VHSV-Exact-Conv-DO-LINEN-CURTAIN-52x96-BEIGE-2-PCS,campaign,D-LC-SP-black out curtains 96 inch long-(Blackout)-VHSV-Exact-Conv-DO-LINEN-CURTAIN-52x96-BEIGE-2-PCS,,state,,paused,enabled,spend_wk,campaign,,,2026-09-15,,,,,,
L0004,ok,refund gate pause,DLC - SP - Auto - LINEN-CURTAIN-52x84-G2,campaign,DLC - SP - Auto - LINEN-CURTAIN-52x84-G2,,state,,paused,enabled,spend_wk,campaign,,,2026-09-15,,,,,,
L0005,ok,refund gate pause,DLC - SP - Auto -DO- LINEN-CURTAIN-52x96-G1,campaign,DLC - SP - Auto -DO- LINEN-CURTAIN-52x96-G1,,state,,paused,enabled,spend_wk,campaign,,,2026-09-15,,,,,,
L0006,ok,refund gate pause,DLC - SP - Auto -DO- LINEN-CURTAIN-52x96-G2,campaign,DLC - SP - Auto -DO- LINEN-CURTAIN-52x96-G2,,state,,paused,enabled,spend_wk,campaign,,,2026-09-15,,,,,,
L0007,ok,refund gate pause,D-LC-SP-EXACT-RAN-DO-(Curtains|Blackout)-(LINEN-CURTAIN-52x84-NATURAL-2-PCS)-(blackout curtains),campaign,D-LC-SP-EXACT-RAN-DO-(Curtains|Blackout)-(LINEN-CURTAIN-52x84-NATURAL-2-PCS)-(blackout curtains),,state,,paused,enabled,spend_wk,campaign,,,2026-09-15,,,,,,
L0008,ok,refund gate pause,D-LC-SP-black out curtains-(Blackout)-VHSV-Exact-Conv-DO-LINEN-CURTAIN-52x96-NATURAL-2-PCS,campaign,D-LC-SP-black out curtains-(Blackout)-VHSV-Exact-Conv-DO-LINEN-CURTAIN-52x96-NATURAL-2-PCS,,state,,paused,enabled,spend_wk,campaign,,,2026-09-15,,,,,,
L0009,ok,refund gate pause,D-Linen Curtains-SP-Exact-Ranking-Fixed-LINEN-CURTAIN-52x96-LIGHT-BEIGE-2-PCS-B0F639YZ3D - beige linen blackout curtains,campaign,D-Linen Curtains-SP-Exact-Ranking-Fixed-LINEN-CURTAIN-52x96-LIGHT-BEIGE-2-PCS-B0F639YZ3D - beige linen blackout curtains,,state,,paused,enabled,spend_wk,campaign,,,2026-09-15,,,,,,
L0010,ok,refund gate pause,D-LC-SP-EXACT-RAN-DO-(Curtains|Blackout)-(LINEN-CURTAIN-52x120-NATURAL-2-PCS)-(120 inch blackout curtains),campaign,D-LC-SP-EXACT-RAN-DO-(Curtains|Blackout)-(LINEN-CURTAIN-52x120-NATURAL-2-PCS)-(120 inch blackout curtains),,state,,paused,enabled,spend_wk,campaign,,,2026-09-15,,,,,,
L0011,ok,refund gate pause,D-LC-SP-PHRASE-RAN-DO-(Curtains)-(LINEN-CURTAIN-52x96-IVORY-2-PCS)-(curtains 96 inch long),campaign,D-LC-SP-PHRASE-RAN-DO-(Curtains)-(LINEN-CURTAIN-52x96-IVORY-2-PCS)-(curtains 96 inch long),,state,,paused,enabled,spend_wk,campaign,,,2026-09-15,,,,,,
L0012,ok,refund gate pause,D-Linen Curtains-SP-Exact-Ranking-Fixed-LINEN-CURTAIN-52x96-NATURAL-2-PCS-B0F6366Z7N - blackout linen curtains 96 inches long,campaign,D-Linen Curtains-SP-Exact-Ranking-Fixed-LINEN-CURTAIN-52x96-NATURAL-2-PCS-B0F6366Z7N - blackout linen curtains 96 inches long,,state,,paused,enabled,spend_wk,campaign,,,2026-09-15,,,,,,
L0013,ok,refund gate pause,D-LC-SP-EXACT-RAN-DO-(Curtains|Blackout)-(LINEN-CURTAIN-52x120-NATURAL-2-PCS)-(blackout curtains 120 inches long),campaign,D-LC-SP-EXACT-RAN-DO-(Curtains|Blackout)-(LINEN-CURTAIN-52x120-NATURAL-2-PCS)-(blackout curtains 120 inches long),,state,,paused,enabled,spend_wk,campaign,,,2026-09-15,,,,,,
L0014,ok,refund gate pause,D-LC-SP-EXACT-RAN-DO-(Curtains|Blackout)-(LINEN-CURTAIN-52x120-NATURAL-2-PCS)-(120 inch curtains blackout),campaign,D-LC-SP-EXACT-RAN-DO-(Curtains|Blackout)-(LINEN-CURTAIN-52x120-NATURAL-2-PCS)-(120 inch curtains blackout),,state,,paused,enabled,spend_wk,campaign,,,2026-09-15,,,,,,
L0015,ok,refund gate pause,D-Linen Curtains-SP-Exact-Ranking-Fixed-LINEN-CURTAIN-52x84-NATURAL-2-PCS-B0F639CWS1 - curtains for living room linen,campaign,D-Linen Curtains-SP-Exact-Ranking-Fixed-LINEN-CURTAIN-52x84-NATURAL-2-PCS-B0F639CWS1 - curtains for living room linen,,state,,paused,enabled,spend_wk,campaign,,,2026-09-15,,,,,,
L0016,ok,refund gate pause,D-LC-SP-EXACT-RAN-DO-(Curtains|Blackout)-(LINEN-CURTAIN-52x120-NATURAL-2-PCS)-(120 blackout curtains),campaign,D-LC-SP-EXACT-RAN-DO-(Curtains|Blackout)-(LINEN-CURTAIN-52x120-NATURAL-2-PCS)-(120 blackout curtains),,state,,paused,enabled,spend_wk,campaign,,,2026-09-15,,,,,,
L0017,ok,refund gate pause,D-LC-SP-blackout curtains for bedrooms-(Blackout)-HSV-Exact-Conv-DO-LINEN-CURTAIN-52x96-NATURAL-2-PCS,campaign,D-LC-SP-blackout curtains for bedrooms-(Blackout)-HSV-Exact-Conv-DO-LINEN-CURTAIN-52x96-NATURAL-2-PCS,,state,,paused,enabled,spend_wk,campaign,,,2026-09-15,,,,,,
L0018,ok,refund gate pause,D-LC-SP-EXACT-RAN-DO-(Curtains|Blackout)-(LINEN-CURTAIN-52x96-IVORY-2-PCS)-(96 inch blackout curtains),campaign,D-LC-SP-EXACT-RAN-DO-(Curtains|Blackout)-(LINEN-CURTAIN-52x96-IVORY-2-PCS)-(96 inch blackout curtains),,state,,paused,enabled,spend_wk,campaign,,,2026-09-15,,,,,,
L0019,ok,refund gate pause,D-LC-SP-PHRASE-RAN-DO-(Curtains|Blackout)-(LINEN-CURTAIN-52x96-BEIGE-2-PCS)-(96 inch blackout curtains),campaign,D-LC-SP-PHRASE-RAN-DO-(Curtains|Blackout)-(LINEN-CURTAIN-52x96-BEIGE-2-PCS)-(96 inch blackout curtains),,state,,paused,enabled,spend_wk,campaign,,,2026-09-15,,,,,,
L0020,ok,refund gate pause,D-LC-SP-BROAD-RAN-DO-(Linen|Curtains|Blackout)-(LINEN-CURTAIN-52x84-NATURAL-2-PCS)-(natural linen blackout curtains),campaign,D-LC-SP-BROAD-RAN-DO-(Linen|Curtains|Blackout)-(LINEN-CURTAIN-52x84-NATURAL-2-PCS)-(natural linen blackout curtains),,state,,paused,enabled,spend_wk,campaign,,,2026-09-15,,,,,,
L0021,ok,refund gate pause,D-LC-SP-PHRASE-RAN-DO-(Linen|Curtains|Blackout)-(LINEN-CURTAIN-52x84-NATURAL-2-PCS)-(linen blackout curtains),campaign,D-LC-SP-PHRASE-RAN-DO-(Linen|Curtains|Blackout)-(LINEN-CURTAIN-52x84-NATURAL-2-PCS)-(linen blackout curtains),,state,,paused,enabled,spend_wk,campaign,,,2026-09-15,,,,,,
L0022,ok,refund gate pause,D-LC-SP-PHRASE-RAN-DO-(Curtains)-(LINEN-CURTAIN-52x96-IVORY-2-PCS)-(96 inch curtains),campaign,D-LC-SP-PHRASE-RAN-DO-(Curtains)-(LINEN-CURTAIN-52x96-IVORY-2-PCS)-(96 inch curtains),,state,,paused,enabled,spend_wk,campaign,,,2026-09-15,,,,,,
L0023,ok,refund gate pause,D-LC-SP-EXACT-RAN-DO-(Curtains|Blackout)-(LINEN-CURTAIN-52x96-IVORY-2-PCS)-(96 inch curtains 2 panel set blackout),campaign,D-LC-SP-EXACT-RAN-DO-(Curtains|Blackout)-(LINEN-CURTAIN-52x96-IVORY-2-PCS)-(96 inch curtains 2 panel set blackout),,state,,paused,enabled,spend_wk,campaign,,,2026-09-15,,,,,,
L0024,ok,refund gate pause,D-LC-SP-EXACT-RAN-DO-(Curtains|Blackout)-(LINEN-CURTAIN-52x96-NATURAL-2-PCS)-(blackout curtains 92+ inches long),campaign,D-LC-SP-EXACT-RAN-DO-(Curtains|Blackout)-(LINEN-CURTAIN-52x96-NATURAL-2-PCS)-(blackout curtains 92+ inches long),,state,,paused,enabled,spend_wk,campaign,,,2026-09-15,,,,,,
L0025,ok,refund gate pause,D-LC-SP-EXACT-RAN-DO-(Curtains|Blackout|Bedroom)-(LINEN-CURTAIN-52x84-NATURAL-2-PCS)-(blackout curtains for bedroom),campaign,D-LC-SP-EXACT-RAN-DO-(Curtains|Blackout|Bedroom)-(LINEN-CURTAIN-52x84-NATURAL-2-PCS)-(blackout curtains for bedroom),,state,,paused,enabled,spend_wk,campaign,,,2026-09-15,,,,,,
L0026,ok,refund gate pause,D-Linen Curtains-SP-Exact-Ranking-Fixed-LINEN-CURTAIN-52x84-NATURAL-2-PCS-B0F639CWS1 - ivory linen curtains,campaign,D-Linen Curtains-SP-Exact-Ranking-Fixed-LINEN-CURTAIN-52x84-NATURAL-2-PCS-B0F639CWS1 - ivory linen curtains,,state,,paused,enabled,spend_wk,campaign,,,2026-09-15,,,,,,
L0027,ok,refund gate pause,D-LC-SP-EXACT-RAN-DO-(Curtains|Blackout)-(LINEN-CURTAIN-52x84-NATURAL-2-PCS)-(thermal insulated blackout curtains),campaign,D-LC-SP-EXACT-RAN-DO-(Curtains|Blackout)-(LINEN-CURTAIN-52x84-NATURAL-2-PCS)-(thermal insulated blackout curtains),,state,,paused,enabled,spend_wk,campaign,,,2026-09-15,,,,,,
L0028,ok,refund gate pause,D-LC-SP-room darkening curtains-(Blackout)-VHSV-Exact-Conv-DO-LINEN-CURTAIN-52x96-NATURAL-2-PCS,campaign,D-LC-SP-room darkening curtains-(Blackout)-VHSV-Exact-Conv-DO-LINEN-CURTAIN-52x96-NATURAL-2-PCS,,state,,paused,enabled,spend_wk,campaign,,,2026-09-15,,,,,,
L0029,ok,refund gate pause,D-LC-SP-blackout drapes-(Blackout)-HSV-Exact-Conv-DO-LINEN-CURTAIN-52x96-NATURAL-2-PCS,campaign,D-LC-SP-blackout drapes-(Blackout)-HSV-Exact-Conv-DO-LINEN-CURTAIN-52x96-NATURAL-2-PCS,,state,,paused,enabled,spend_wk,campaign,,,2026-09-15,,,,,,
L0030,ok,refund gate pause,DLC - SP - phrase-DO- LINEN-CURTAIN-52x96-G1,campaign,DLC - SP - phrase-DO- LINEN-CURTAIN-52x96-G1,,state,,paused,enabled,spend_wk,campaign,,,2026-09-15,,,,,,
L0031,ok,refund gate pause,D-Linen Curtains-SP-Exact-Ranking-Fixed-LINEN-CURTAIN-52x84-NATURAL-2-PCS-B0F639CWS1 - pinch pleated linen curtains blackout,campaign,D-Linen Curtains-SP-Exact-Ranking-Fixed-LINEN-CURTAIN-52x84-NATURAL-2-PCS-B0F639CWS1 - pinch pleated linen curtains blackout,,state,,paused,enabled,spend_wk,campaign,,,2026-09-15,,,,,,
L0032,ok,refund gate pause,D-LC-SP-EXACT-RAN-DO-(Curtains|Blackout)-(LINEN-CURTAIN-52x84-NATURAL-2-PCS)-(blackout curtains 84 inches long),campaign,D-LC-SP-EXACT-RAN-DO-(Curtains|Blackout)-(LINEN-CURTAIN-52x84-NATURAL-2-PCS)-(blackout curtains 84 inches long),,state,,paused,enabled,spend_wk,campaign,,,2026-09-15,,,,,,
L0033,ok,refund gate pause,D-LC-SP-BROAD-RAN-DO-(Curtains|Blackout)-(LINEN-CURTAIN-52x96-IVORY-2-PCS)-(ivory blackout curtains 96 inch long),campaign,D-LC-SP-BROAD-RAN-DO-(Curtains|Blackout)-(LINEN-CURTAIN-52x96-IVORY-2-PCS)-(ivory blackout curtains 96 inch long),,state,,paused,enabled,spend_wk,campaign,,,2026-09-15,,,,,,
L0034,ok,refund gate pause,D-Linen Curtains-SP-Exact-Ranking-Fixed-LINEN-CURTAIN-52x84-NATURAL-2-PCS-B0F639CWS1 - pinch pleat linen curtains,campaign,D-Linen Curtains-SP-Exact-Ranking-Fixed-LINEN-CURTAIN-52x84-NATURAL-2-PCS-B0F639CWS1 - pinch pleat linen curtains,,state,,paused,enabled,spend_wk,campaign,,,2026-09-15,,,,,,
L0035,ok,refund gate pause,D-LC-SP-EXACT-RAN-DO-(Curtains|Blackout)-(LINEN-CURTAIN-52x96-IVORY-2-PCS)-(ivory curtains blackout),campaign,D-LC-SP-EXACT-RAN-DO-(Curtains|Blackout)-(LINEN-CURTAIN-52x96-IVORY-2-PCS)-(ivory curtains blackout),,state,,paused,enabled,spend_wk,campaign,,,2026-09-15,,,,,,
L0036,ok,refund gate pause,D-LC-SP-EXACT-RAN-DO-(Curtains|Blackout)-(LINEN-CURTAIN-52x96-IVORY-2-PCS)-(blackout curtains 96),campaign,D-LC-SP-EXACT-RAN-DO-(Curtains|Blackout)-(LINEN-CURTAIN-52x96-IVORY-2-PCS)-(blackout curtains 96),,state,,paused,enabled,spend_wk,campaign,,,2026-09-15,,,,,,
L0037,ok,refund gate pause,D-LC-SP-EXACT-RAN-DO-(Curtains|Blackout|Living Room)-(LINEN-CURTAIN-52x84-NATURAL-2-PCS)-(blackout curtains for the living room),campaign,D-LC-SP-EXACT-RAN-DO-(Curtains|Blackout|Living Room)-(LINEN-CURTAIN-52x84-NATURAL-2-PCS)-(blackout curtains for the living room),,state,,paused,enabled,spend_wk,campaign,,,2026-09-15,,,,,,
L0038,ok,refund gate pause,D-LC-SP-EXACT-RAN-DO-(Curtains|Blackout)-(LINEN-CURTAIN-52x96-BEIGE-2-PCS)-(beige blackout curtains 96 inches long),campaign,D-LC-SP-EXACT-RAN-DO-(Curtains|Blackout)-(LINEN-CURTAIN-52x96-BEIGE-2-PCS)-(beige blackout curtains 96 inches long),,state,,paused,enabled,spend_wk,campaign,,,2026-09-15,,,,,,
L0039,ok,refund gate pause,D-LC-SP-blackout curtain for living room-(Blackout)-MSV-Exact-Conv-DO-LINEN-CURTAIN-52x96-NATURAL-2-PCS,campaign,D-LC-SP-blackout curtain for living room-(Blackout)-MSV-Exact-Conv-DO-LINEN-CURTAIN-52x96-NATURAL-2-PCS,,state,,paused,enabled,spend_wk,campaign,,,2026-09-15,,,,,,
L0040,ok,refund gate pause,D-LC-SP-EXACT-RAN-DO-(Curtains|Blackout)-(LINEN-CURTAIN-52x96-IVORY-2-PCS)-(warm ivory blackout curtains),campaign,D-LC-SP-EXACT-RAN-DO-(Curtains|Blackout)-(LINEN-CURTAIN-52x96-IVORY-2-PCS)-(warm ivory blackout curtains),,state,,paused,enabled,spend_wk,campaign,,,2026-09-15,,,,,,
L0041,ok,refund gate pause,D-LC-SP-BROAD-RAN-DO-(Linen|Curtains|Blackout)-(LINEN-CURTAIN-52x96-LINEN-2-PCS)-(linen blackout curtains 96 inch long),campaign,D-LC-SP-BROAD-RAN-DO-(Linen|Curtains|Blackout)-(LINEN-CURTAIN-52x96-LINEN-2-PCS)-(linen blackout curtains 96 inch long),,state,,paused,enabled,spend_wk,campaign,,,2026-09-15,,,,,,
L0042,ok,refund gate pause,D-Linen Curtains-SP-Exact-Ranking-Fixed-LINEN-CURTAIN-52x96-LIGHT-BEIGE-2-PCS-B0F639YZ3D-G,campaign,D-Linen Curtains-SP-Exact-Ranking-Fixed-LINEN-CURTAIN-52x96-LIGHT-BEIGE-2-PCS-B0F639YZ3D-G,,state,,paused,enabled,spend_wk,campaign,,,2026-09-15,,,,,,
L0043,ok,refund gate pause,D-LC-SP-linen textured curtains bedroom-(Linen)-HSV-Exact-Conv-DO-LINEN-CURTAIN-52x84-NATURAL-2-PCS,campaign,D-LC-SP-linen textured curtains bedroom-(Linen)-HSV-Exact-Conv-DO-LINEN-CURTAIN-52x84-NATURAL-2-PCS,,state,,paused,enabled,spend_wk,campaign,,,2026-09-15,,,,,,
L0044,ok,refund gate pause,D-LC-SP-BROAD-RAN-DO-(Curtains|Room Darkening)-(LINEN-CURTAIN-52x96-LINEN-2-PCS)-(room darkening curtains 96 inch long),campaign,D-LC-SP-BROAD-RAN-DO-(Curtains|Room Darkening)-(LINEN-CURTAIN-52x96-LINEN-2-PCS)-(room darkening curtains 96 inch long),,state,,paused,enabled,spend_wk,campaign,,,2026-09-15,,,,,,
L0045,ok,refund gate pause,D-LC-SP-EXACT-RAN-DO-(Curtains|Blackout|Bedroom)-(LINEN-CURTAIN-52x84-NATURAL-2-PCS)-(bedroom curtains blackout),campaign,D-LC-SP-EXACT-RAN-DO-(Curtains|Blackout|Bedroom)-(LINEN-CURTAIN-52x84-NATURAL-2-PCS)-(bedroom curtains blackout),,state,,paused,enabled,spend_wk,campaign,,,2026-09-15,,,,,,
L0046,ok,refund gate pause,D-LC-SP-BROAD-RAN-DO-(Curtains)-(LINEN-CURTAIN-52x96-LINEN-2-PCS)-(96 curtains 2 panel set),campaign,D-LC-SP-BROAD-RAN-DO-(Curtains)-(LINEN-CURTAIN-52x96-LINEN-2-PCS)-(96 curtains 2 panel set),,state,,paused,enabled,spend_wk,campaign,,,2026-09-15,,,,,,
L0047,ok,refund gate pause,D-LC-SP-PHRASE-RAN-DO-(Curtains|Blackout)-(LINEN-CURTAIN-52x96-BEIGE-2-PCS)-(blackout curtains 96 inch long),campaign,D-LC-SP-PHRASE-RAN-DO-(Curtains|Blackout)-(LINEN-CURTAIN-52x96-BEIGE-2-PCS)-(blackout curtains 96 inch long),,state,,paused,enabled,spend_wk,campaign,,,2026-09-15,,,,,,
L0048,ok,refund gate pause,D-LC-SP-room darkening curtains 96 inches long-(Blackout)-MSV-Exact-Conv-DO-LINEN-CURTAIN-52x96-BEIGE-2-PCS,campaign,D-LC-SP-room darkening curtains 96 inches long-(Blackout)-MSV-Exact-Conv-DO-LINEN-CURTAIN-52x96-BEIGE-2-PCS,,state,,paused,enabled,spend_wk,campaign,,,2026-09-15,,,,,,
L0049,ok,refund gate pause,DLC - SP - phrase-DO- LINEN-CURTAIN-52x84-G2,campaign,DLC - SP - phrase-DO- LINEN-CURTAIN-52x84-G2,,state,,paused,enabled,spend_wk,campaign,,,2026-09-15,,,,,,
L0050,ok,refund gate pause,D-LC-SP-EXACT-RAN-DO-(Curtains|Blackout|Bedroom)-(LINEN-CURTAIN-52x84-NATURAL-2-PCS)-(blackout bedroom curtain),campaign,D-LC-SP-EXACT-RAN-DO-(Curtains|Blackout|Bedroom)-(LINEN-CURTAIN-52x84-NATURAL-2-PCS)-(blackout bedroom curtain),,state,,paused,enabled,spend_wk,campaign,,,2026-09-15,,,,,,
L0051,ok,refund gate pause,D-LC-SP-BROAD-RAN-DO-(Curtains)-(LINEN-CURTAIN-52x96-LINEN-2-PCS)-(curtain 96 inch long),campaign,D-LC-SP-BROAD-RAN-DO-(Curtains)-(LINEN-CURTAIN-52x96-LINEN-2-PCS)-(curtain 96 inch long),,state,,paused,enabled,spend_wk,campaign,,,2026-09-15,,,,,,
L0052,ok,refund gate pause,D-LC-SP-EXACT-RAN-DO-(Curtains|Blackout)-(LINEN-CURTAIN-52x84-NATURAL-2-PCS)-(52 x 84 blackout curtains),campaign,D-LC-SP-EXACT-RAN-DO-(Curtains|Blackout)-(LINEN-CURTAIN-52x84-NATURAL-2-PCS)-(52 x 84 blackout curtains),,state,,paused,enabled,spend_wk,campaign,,,2026-09-15,,,,,,
L0053,ok,refund gate pause,D-LC-SP-PAT-B0GR67MC4D-LINEN-CURTAIN-52x84-NATURAL-2-PCS,campaign,D-LC-SP-PAT-B0GR67MC4D-LINEN-CURTAIN-52x84-NATURAL-2-PCS,,state,,paused,enabled,spend_wk,campaign,,,2026-09-15,,,,,,
L0054,ok,refund gate pause,D-LC-SP-PHRASE-RAN-DO-(Linen|Curtains)-(LINEN-CURTAIN-52x84-NATURAL-2-PCS)-(natural linen curtains),campaign,D-LC-SP-PHRASE-RAN-DO-(Linen|Curtains)-(LINEN-CURTAIN-52x84-NATURAL-2-PCS)-(natural linen curtains),,state,,paused,enabled,spend_wk,campaign,,,2026-09-15,,,,,,
L0055,ok,refund gate pause,D-LC-SP-EXACT-RAN-DO-(Curtains|Blackout|Bedroom)-(52x120-NATURAL-2-PCS)-(blackout curtains for bedroom 120 inches long),campaign,D-LC-SP-EXACT-RAN-DO-(Curtains|Blackout|Bedroom)-(52x120-NATURAL-2-PCS)-(blackout curtains for bedroom 120 inches long),,state,,paused,enabled,spend_wk,campaign,,,2026-09-15,,,,,,
L0056,ok,refund gate pause,D-Linen Curtains-SP-Exact-Ranking-Fixed-LINEN-CURTAIN-52x96-LIGHT-BEIGE-2-PCS-B0F639YZ3D - linen beige curtains,campaign,D-Linen Curtains-SP-Exact-Ranking-Fixed-LINEN-CURTAIN-52x96-LIGHT-BEIGE-2-PCS-B0F639YZ3D - linen beige curtains,,state,,paused,enabled,spend_wk,campaign,,,2026-09-15,,,,,,
L0057,ok,refund gate pause,D-LC-SP-darkening curtains-(Blackout)-HSV-Exact-Conv-DO-LINEN-CURTAIN-52x96-NATURAL-2-PCS,campaign,D-LC-SP-darkening curtains-(Blackout)-HSV-Exact-Conv-DO-LINEN-CURTAIN-52x96-NATURAL-2-PCS,,state,,paused,enabled,spend_wk,campaign,,,2026-09-15,,,,,,
L0058,ok,refund gate pause,D-LC-SP-cortinas blackout-(Blackout-ES)-HSV-Exact-Conv-DO-LINEN-CURTAIN-52x96-NATURAL-2-PCS,campaign,D-LC-SP-cortinas blackout-(Blackout-ES)-HSV-Exact-Conv-DO-LINEN-CURTAIN-52x96-NATURAL-2-PCS,,state,,paused,enabled,spend_wk,campaign,,,2026-09-15,,,,,,
L0059,ok,refund gate pause,D-LC-SP-EXACT-RAN-DO-(Curtains|Blackout)-(LINEN-CURTAIN-52x84-NATURAL-2-PCS)-(textured blackout curtains),campaign,D-LC-SP-EXACT-RAN-DO-(Curtains|Blackout)-(LINEN-CURTAIN-52x84-NATURAL-2-PCS)-(textured blackout curtains),,state,,paused,enabled,spend_wk,campaign,,,2026-09-15,,,,,,
L0060,ok,refund gate pause,D-LC-SP-PAT-B0FKGF76ZQ-LINEN-CURTAIN-52x84-NATURAL-2-PCS,campaign,D-LC-SP-PAT-B0FKGF76ZQ-LINEN-CURTAIN-52x84-NATURAL-2-PCS,,state,,paused,enabled,spend_wk,campaign,,,2026-09-15,,,,,,
L0061,ok,refund gate pause,D-LC-SP-black out linen curtains-(Linen)-HSV-Exact-Conv-DO-LINEN-CURTAIN-52x96-NATURAL-2-PCS,campaign,D-LC-SP-black out linen curtains-(Linen)-HSV-Exact-Conv-DO-LINEN-CURTAIN-52x96-NATURAL-2-PCS,,state,,paused,enabled,spend_wk,campaign,,,2026-09-15,,,,,,
L0062,ok,refund gate pause,D-LC-SP-EXACT-RAN-DO-(Curtains|Blackout)-(LINEN-CURTAIN-52x84-NATURAL-2-PCS)-(blackout curtains 84),campaign,D-LC-SP-EXACT-RAN-DO-(Curtains|Blackout)-(LINEN-CURTAIN-52x84-NATURAL-2-PCS)-(blackout curtains 84),,state,,paused,enabled,spend_wk,campaign,,,2026-09-15,,,,,,
L0063,ok,refund gate pause,D-LC-SP-EXACT-RAN-DO-(Curtains|Blackout)-(LINEN-CURTAIN-52x84-NATURAL-2-PCS)-(84 inch blackout curtains 2 panel set),campaign,D-LC-SP-EXACT-RAN-DO-(Curtains|Blackout)-(LINEN-CURTAIN-52x84-NATURAL-2-PCS)-(84 inch blackout curtains 2 panel set),,state,,paused,enabled,spend_wk,campaign,,,2026-09-15,,,,,,
L0064,ok,refund gate pause,D-LC-SP-EXACT-RAN-DO-(Curtains|Blackout|Bedroom)-(LINEN-CURTAIN-52x84-NATURAL-2-PCS)-(curtains for bedroom blackout),campaign,D-LC-SP-EXACT-RAN-DO-(Curtains|Blackout|Bedroom)-(LINEN-CURTAIN-52x84-NATURAL-2-PCS)-(curtains for bedroom blackout),,state,,paused,enabled,spend_wk,campaign,,,2026-09-15,,,,,,
L0065,ok,refund gate pause,D-LC-SP-EXACT-RAN-DO-(Curtains|Blackout)-(LINEN-CURTAIN-52x96-IVORY-2-PCS)-(ivory blackout curtains 96 inches long),campaign,D-LC-SP-EXACT-RAN-DO-(Curtains|Blackout)-(LINEN-CURTAIN-52x96-IVORY-2-PCS)-(ivory blackout curtains 96 inches long),,state,,paused,enabled,spend_wk,campaign,,,2026-09-15,,,,,,
L0066,ok,refund gate pause,DLC - SP - phrase-DO- LINEN-CURTAIN-52x96-G2,campaign,DLC - SP - phrase-DO- LINEN-CURTAIN-52x96-G2,,state,,paused,enabled,spend_wk,campaign,,,2026-09-15,,,,,,
L0067,ok,refund gate pause,D-LC-SP-cortinas blackout para dormitorio-(Blackout-ES)-VHSV-Exact-Conv-DO-LINEN-CURTAIN-52x96-NATURAL-2-PCS,campaign,D-LC-SP-cortinas blackout para dormitorio-(Blackout-ES)-VHSV-Exact-Conv-DO-LINEN-CURTAIN-52x96-NATURAL-2-PCS,,state,,paused,enabled,spend_wk,campaign,,,2026-09-15,,,,,,
L0068,ok,refund gate pause,D-LC-SP-linen curtains for bedroom-(Linen)-HSV-Exact-Conv-DO-LINEN-CURTAIN-52x84-NATURAL-2-PCS,campaign,D-LC-SP-linen curtains for bedroom-(Linen)-HSV-Exact-Conv-DO-LINEN-CURTAIN-52x84-NATURAL-2-PCS,,state,,paused,enabled,spend_wk,campaign,,,2026-09-15,,,,,,
L0069,ok,refund gate pause,D-LC-SP-EXACT-RAN-DO-(Curtains|Blackout)-(LINEN-CURTAIN-52x84-NATURAL-2-PCS)-(lightweight blackout curtains),campaign,D-LC-SP-EXACT-RAN-DO-(Curtains|Blackout)-(LINEN-CURTAIN-52x84-NATURAL-2-PCS)-(lightweight blackout curtains),,state,,paused,enabled,spend_wk,campaign,,,2026-09-15,,,,,,
L0070,ok,refund gate pause,D-Linen Curtains-SP-Exact-Ranking-Fixed-LINEN-CURTAIN-52x84-NATURAL-2-PCS-B0F639CWS1 - linen pinch pleated curtains,campaign,D-Linen Curtains-SP-Exact-Ranking-Fixed-LINEN-CURTAIN-52x84-NATURAL-2-PCS-B0F639CWS1 - linen pinch pleated curtains,,state,,paused,enabled,spend_wk,campaign,,,2026-09-15,,,,,,
L0071,ok,refund gate pause,D-LC-SP-EXACT-RAN-DO-(Curtains|Blackout|Living Room)-(LINEN-CURTAIN-52x84-NATURAL-2-PCS)-(living room blackout curtains),campaign,D-LC-SP-EXACT-RAN-DO-(Curtains|Blackout|Living Room)-(LINEN-CURTAIN-52x84-NATURAL-2-PCS)-(living room blackout curtains),,state,,paused,enabled,spend_wk,campaign,,,2026-09-15,,,,,,
L0072,ok,refund gate pause,D-LC-SP-textured linen curtains-(Linen)-MSV-Exact-Conv-DO-LINEN-CURTAIN-52x84-NATURAL-2-PCS,campaign,D-LC-SP-textured linen curtains-(Linen)-MSV-Exact-Conv-DO-LINEN-CURTAIN-52x84-NATURAL-2-PCS,,state,,paused,enabled,spend_wk,campaign,,,2026-09-15,,,,,,
L0073,ok,refund gate pause,D-LC-SP-EXACT-RAN-DO-(Curtains|Blackout)-(LINEN-CURTAIN-52x84-NATURAL-2-PCS)-(natural blackout curtains),campaign,D-LC-SP-EXACT-RAN-DO-(Curtains|Blackout)-(LINEN-CURTAIN-52x84-NATURAL-2-PCS)-(natural blackout curtains),,state,,paused,enabled,spend_wk,campaign,,,2026-09-15,,,,,,
L0074,ok,refund gate pause,D-Linen Curtains-SP-Exact-Ranking-Fixed-LINEN-CURTAIN-52x96-NATURAL-2-PCS-B0F6366Z7N-G,campaign,D-Linen Curtains-SP-Exact-Ranking-Fixed-LINEN-CURTAIN-52x96-NATURAL-2-PCS-B0F6366Z7N-G,,state,,paused,enabled,spend_wk,campaign,,,2026-09-15,,,,,,
L0075,ok,refund gate pause,D-LC-SP-linen drapes-(Linen)-HSV-Exact-Conv-DO-LINEN-CURTAIN-52x84-NATURAL-2-PCS,campaign,D-LC-SP-linen drapes-(Linen)-HSV-Exact-Conv-DO-LINEN-CURTAIN-52x84-NATURAL-2-PCS,,state,,paused,enabled,spend_wk,campaign,,,2026-09-15,,,,,,
L0076,ok,refund gate pause,D-LC-SP-EXACT-RAN-DO-(Curtains|Blackout)-(LINEN-CURTAIN-52x84-NATURAL-2-PCS)-(total blackout curtains),campaign,D-LC-SP-EXACT-RAN-DO-(Curtains|Blackout)-(LINEN-CURTAIN-52x84-NATURAL-2-PCS)-(total blackout curtains),,state,,paused,enabled,spend_wk,campaign,,,2026-09-15,,,,,,
L0077,ok,refund gate pause,D-LC-SP-100 percent linen curtains-(Linen)-HSV-Exact-Conv-DO-LINEN-CURTAIN-52x84-NATURAL-2-PCS,campaign,D-LC-SP-100 percent linen curtains-(Linen)-HSV-Exact-Conv-DO-LINEN-CURTAIN-52x84-NATURAL-2-PCS,,state,,paused,enabled,spend_wk,campaign,,,2026-09-15,,,,,,
L0078,ok,refund gate pause,D-LC-SP-light blocking curtains-(Blackout)-HSV-Exact-Conv-DO-LINEN-CURTAIN-52x84-NATURAL-2-PCS,campaign,D-LC-SP-light blocking curtains-(Blackout)-HSV-Exact-Conv-DO-LINEN-CURTAIN-52x84-NATURAL-2-PCS,,state,,paused,enabled,spend_wk,campaign,,,2026-09-15,,,,,,
L0079,ok,refund gate pause,D-LC-SP-black out curtains 96 inch long 2 panels-(Blackout)-LSV-Exact-Conv-DO-LINEN-CURTAIN-52x96-BEIGE-2-PCS,campaign,D-LC-SP-black out curtains 96 inch long 2 panels-(Blackout)-LSV-Exact-Conv-DO-LINEN-CURTAIN-52x96-BEIGE-2-PCS,,state,,paused,enabled,spend_wk,campaign,,,2026-09-15,,,,,,
L0080,ok,refund gate pause,D-LC-SP-EXACT-RAN-DO-(Curtains|Blackout)-(LINEN-CURTAIN-52x84-NATURAL-2-PCS)-(84 inch blackout curtains),campaign,D-LC-SP-EXACT-RAN-DO-(Curtains|Blackout)-(LINEN-CURTAIN-52x84-NATURAL-2-PCS)-(84 inch blackout curtains),,state,,paused,enabled,spend_wk,campaign,,,2026-09-15,,,,,,
L0081,ok,refund gate pause,D-LC-SP-EXACT-RAN-DO-(Curtains|Blackout)-(LINEN-CURTAIN-52x84-NATURAL-2-PCS)-(curtains blackout 84 inch length),campaign,D-LC-SP-EXACT-RAN-DO-(Curtains|Blackout)-(LINEN-CURTAIN-52x84-NATURAL-2-PCS)-(curtains blackout 84 inch length),,state,,paused,enabled,spend_wk,campaign,,,2026-09-15,,,,,,
L0082,ok,refund gate pause,D-LC-SP-EXACT-RAN-DO-(Curtains|Blackout)-(LINEN-CURTAIN-52x96-IVORY-2-PCS)-(52 x 96 blackout curtains 2 panels),campaign,D-LC-SP-EXACT-RAN-DO-(Curtains|Blackout)-(LINEN-CURTAIN-52x96-IVORY-2-PCS)-(52 x 96 blackout curtains 2 panels),,state,,paused,enabled,spend_wk,campaign,,,2026-09-15,,,,,,
L0083,ok,refund gate pause,D-LC-SP-black out curtains for bedroom-(Blackout)-HSV-Exact-Conv-DO-LINEN-CURTAIN-52x96-NATURAL-2-PCS,campaign,D-LC-SP-black out curtains for bedroom-(Blackout)-HSV-Exact-Conv-DO-LINEN-CURTAIN-52x96-NATURAL-2-PCS,,state,,paused,enabled,spend_wk,campaign,,,2026-09-15,,,,,,
L0084,ok,refund gate pause,D-LC-SP-EXACT-RAN-DO-(Curtains|Blackout|Living Room)-(LINEN-CURTAIN-52x84-NATURAL-2-PCS)-(curtains for living room blackout),campaign,D-LC-SP-EXACT-RAN-DO-(Curtains|Blackout|Living Room)-(LINEN-CURTAIN-52x84-NATURAL-2-PCS)-(curtains for living room blackout),,state,,paused,enabled,spend_wk,campaign,,,2026-09-15,,,,,,
L0085,ok,refund gate pause,D-LC-SP-EXACT-RAN-DO-(Curtains|Blackout)-(LINEN-CURTAIN-52x84-NATURAL-2-PCS)-(blackout curtains 52x84),campaign,D-LC-SP-EXACT-RAN-DO-(Curtains|Blackout)-(LINEN-CURTAIN-52x84-NATURAL-2-PCS)-(blackout curtains 52x84),,state,,paused,enabled,spend_wk,campaign,,,2026-09-15,,,,,,
L0086,ok,refund gate pause,D-LC-SP-cortinas blackout para sala elegantes-(Blackout-ES)-MSV-Exact-Conv-DO-LINEN-CURTAIN-52x96-NATURAL-2-PCS,campaign,D-LC-SP-cortinas blackout para sala elegantes-(Blackout-ES)-MSV-Exact-Conv-DO-LINEN-CURTAIN-52x96-NATURAL-2-PCS,,state,,paused,enabled,spend_wk,campaign,,,2026-09-15,,,,,,
L0087,ok,refund gate pause,D-LC-SP-sun zero blackout curtains-(Blackout)-HSV-Exact-Conv-DO-LINEN-CURTAIN-52x96-NATURAL-2-PCS,campaign,D-LC-SP-sun zero blackout curtains-(Blackout)-HSV-Exact-Conv-DO-LINEN-CURTAIN-52x96-NATURAL-2-PCS,,state,,paused,enabled,spend_wk,campaign,,,2026-09-15,,,,,,
L0088,ok,refund gate pause,D-LC-SP-extra wide blackout curtains-(Blackout)-HSV-Exact-Conv-DO-LINEN-CURTAIN-52x96-NATURAL-2-PCS,campaign,D-LC-SP-extra wide blackout curtains-(Blackout)-HSV-Exact-Conv-DO-LINEN-CURTAIN-52x96-NATURAL-2-PCS,,state,,paused,enabled,spend_wk,campaign,,,2026-09-15,,,,,,
L0089,ok,refund gate pause,D-Linen Curtains-SP-Exact-Ranking-Fixed-LINEN-CURTAIN-52x84-NATURAL-2-PCS-B0F639CWS1 - pinch pleated curtains linen,campaign,D-Linen Curtains-SP-Exact-Ranking-Fixed-LINEN-CURTAIN-52x84-NATURAL-2-PCS-B0F639CWS1 - pinch pleated curtains linen,,state,,paused,enabled,spend_wk,campaign,,,2026-09-15,,,,,,
L0090,ok,refund gate pause,D-LC-SP-black out curtains for living room-(Blackout)-HSV-Exact-Conv-DO-LINEN-CURTAIN-52x96-NATURAL-2-PCS,campaign,D-LC-SP-black out curtains for living room-(Blackout)-HSV-Exact-Conv-DO-LINEN-CURTAIN-52x96-NATURAL-2-PCS,,state,,paused,enabled,spend_wk,campaign,,,2026-09-15,,,,,,
L0091,ok,refund gate pause,D-LC-SP-EXACT-RAN-DO-(Curtains|Blackout)-(LINEN-CURTAIN-52x84-NATURAL-2-PCS)-(blackout curtains textured),campaign,D-LC-SP-EXACT-RAN-DO-(Curtains|Blackout)-(LINEN-CURTAIN-52x84-NATURAL-2-PCS)-(blackout curtains textured),,state,,paused,enabled,spend_wk,campaign,,,2026-09-15,,,,,,
L0092,ok,refund gate pause,D-Linen Curtains-SP-Exact-Ranking-Fixed-LINEN-CURTAIN-52x84-NATURAL-2-PCS-B0F639CWS1 - linen privacy curtains,campaign,D-Linen Curtains-SP-Exact-Ranking-Fixed-LINEN-CURTAIN-52x84-NATURAL-2-PCS-B0F639CWS1 - linen privacy curtains,,state,,paused,enabled,spend_wk,campaign,,,2026-09-15,,,,,,
L0093,ok,refund gate pause,D-LC-SP-EXACT-RAN-DO-(Curtains|Blackout|Living Room)-(LINEN-CURTAIN-52x84-NATURAL-2-PCS)-(blackout living room curtains),campaign,D-LC-SP-EXACT-RAN-DO-(Curtains|Blackout|Living Room)-(LINEN-CURTAIN-52x84-NATURAL-2-PCS)-(blackout living room curtains),,state,,paused,enabled,spend_wk,campaign,,,2026-09-15,,,,,,
L0094,ok,refund gate pause,D-LC-SP-white blackout curtains 96 inches long-(Blackout)-MSV-Exact-Conv-DO-LINEN-CURTAIN-52x96-IVORY-2-PCS,campaign,D-LC-SP-white blackout curtains 96 inches long-(Blackout)-MSV-Exact-Conv-DO-LINEN-CURTAIN-52x96-IVORY-2-PCS,,state,,paused,enabled,spend_wk,campaign,,,2026-09-15,,,,,,
L0095,ok,refund gate pause,D-LC-SP-linen black out curtains 96 inches long-(Linen)-LSV-Exact-Conv-DO-LINEN-CURTAIN-52x96-BEIGE-2-PCS,campaign,D-LC-SP-linen black out curtains 96 inches long-(Linen)-LSV-Exact-Conv-DO-LINEN-CURTAIN-52x96-BEIGE-2-PCS,,state,,paused,enabled,spend_wk,campaign,,,2026-09-15,,,,,,
L0096,ok,refund gate pause,D-LC-SP-PHRASE-RAN-DO-(Linen|Curtains)-(LINEN-CURTAIN-52x96-LINEN-2-PCS)-(linen curtains 96 inch long),campaign,D-LC-SP-PHRASE-RAN-DO-(Linen|Curtains)-(LINEN-CURTAIN-52x96-LINEN-2-PCS)-(linen curtains 96 inch long),,state,,paused,enabled,spend_wk,campaign,,,2026-09-15,,,,,,
L0097,ok,refund gate pause,D-LC-SP-EXACT-RAN-DO-(Curtains|Blackout)-(LINEN-CURTAIN-52x84-NATURAL-2-PCS)-(blackout curtains 84 inch length),campaign,D-LC-SP-EXACT-RAN-DO-(Curtains|Blackout)-(LINEN-CURTAIN-52x84-NATURAL-2-PCS)-(blackout curtains 84 inch length),,state,,paused,enabled,spend_wk,campaign,,,2026-09-15,,,,,,
L0098,ok,refund gate pause,D-Linen Curtains-SP-Exact-Ranking-Fixed-LINEN-CURTAIN-52x84-NATURAL-2-PCS-B0F639CWS1 - linen curtains pinch pleat,campaign,D-Linen Curtains-SP-Exact-Ranking-Fixed-LINEN-CURTAIN-52x84-NATURAL-2-PCS-B0F639CWS1 - linen curtains pinch pleat,,state,,paused,enabled,spend_wk,campaign,,,2026-09-15,,,,,,
L0099,ok,refund gate pause,D-LC-SP-EXACT-RAN-DO-(Curtains|Blackout|Living Room)-(52x84-NATURAL-2-PCS)-(long blackout curtains for living room),campaign,D-LC-SP-EXACT-RAN-DO-(Curtains|Blackout|Living Room)-(52x84-NATURAL-2-PCS)-(long blackout curtains for living room),,state,,paused,enabled,spend_wk,campaign,,,2026-09-15,,,,,,
L0100,ok,refund gate pause,D-Linen Curtains-SP-Exact-Ranking-Fixed-LINEN-CURTAIN-52x84-NATURAL-2-PCS-B0F639CWS1 - linen curtains 2 panel set,campaign,D-Linen Curtains-SP-Exact-Ranking-Fixed-LINEN-CURTAIN-52x84-NATURAL-2-PCS-B0F639CWS1 - linen curtains 2 panel set,,state,,paused,enabled,spend_wk,campaign,,,2026-09-15,,,,,,
L0101,ok,refund gate pause,D-LC-SP-black out drapes-(Blackout)-HSV-Exact-Conv-DO-LINEN-CURTAIN-52x96-NATURAL-2-PCS,campaign,D-LC-SP-black out drapes-(Blackout)-HSV-Exact-Conv-DO-LINEN-CURTAIN-52x96-NATURAL-2-PCS,,state,,paused,enabled,spend_wk,campaign,,,2026-09-15,,,,,,
L0102,ok,refund gate pause,D-LC-SP-black out curtains living room-(Blackout)-HSV-Exact-Conv-DO-LINEN-CURTAIN-52x96-NATURAL-2-PCS,campaign,D-LC-SP-black out curtains living room-(Blackout)-HSV-Exact-Conv-DO-LINEN-CURTAIN-52x96-NATURAL-2-PCS,,state,,paused,enabled,spend_wk,campaign,,,2026-09-15,,,,,,
L0103,ok,refund gate pause,D-LC-SP-EXACT-RAN-DO-(Curtains|Blackout|Bedroom)-(52x84-NATURAL-2-PCS)-(blackout curtains for bedroom 84 inches long),campaign,D-LC-SP-EXACT-RAN-DO-(Curtains|Blackout|Bedroom)-(52x84-NATURAL-2-PCS)-(blackout curtains for bedroom 84 inches long),,state,,paused,enabled,spend_wk,campaign,,,2026-09-15,,,,,,
L0104,ok,refund gate pause,D-LC-SP-EXACT-RAN-DO-(Curtains|Blackout)-(LINEN-CURTAIN-52x84-NATURAL-2-PCS)-(84 in blackout curtains),campaign,D-LC-SP-EXACT-RAN-DO-(Curtains|Blackout)-(LINEN-CURTAIN-52x84-NATURAL-2-PCS)-(84 in blackout curtains),,state,,paused,enabled,spend_wk,campaign,,,2026-09-15,,,,,,
L0105,ok,refund gate pause,D-LC-SP-dark curtains for bedroom-(Blackout)-HSV-Exact-Conv-DO-LINEN-CURTAIN-52x84-NATURAL-2-PCS,campaign,D-LC-SP-dark curtains for bedroom-(Blackout)-HSV-Exact-Conv-DO-LINEN-CURTAIN-52x84-NATURAL-2-PCS,,state,,paused,enabled,spend_wk,campaign,,,2026-09-15,,,,,,
L0106,ok,refund gate pause,D-LC-SP-EXACT-RAN-DO-(Curtains|Blackout)-(LINEN-CURTAIN-52x84-NATURAL-2-PCS)-(84 blackout curtains 2 panel set),campaign,D-LC-SP-EXACT-RAN-DO-(Curtains|Blackout)-(LINEN-CURTAIN-52x84-NATURAL-2-PCS)-(84 blackout curtains 2 panel set),,state,,paused,enabled,spend_wk,campaign,,,2026-09-15,,,,,,
L0107,ok,refund gate pause,D-LC-SP-darkening curtains for bedroom-(Blackout)-HSV-Exact-Conv-DO-LINEN-CURTAIN-52x96-NATURAL-2-PCS,campaign,D-LC-SP-darkening curtains for bedroom-(Blackout)-HSV-Exact-Conv-DO-LINEN-CURTAIN-52x96-NATURAL-2-PCS,,state,,paused,enabled,spend_wk,campaign,,,2026-09-15,,,,,,
L0108,ok,refund gate pause,D-LC-SP-EXACT-RAN-DO-(Linen|Curtains|Blackout)-(LINEN-CURTAIN-52x96-IVORY-2-PCS)-(ivory linen curtains blackout),campaign,D-LC-SP-EXACT-RAN-DO-(Linen|Curtains|Blackout)-(LINEN-CURTAIN-52x96-IVORY-2-PCS)-(ivory linen curtains blackout),,state,,paused,enabled,spend_wk,campaign,,,2026-09-15,,,,,,
L0109,ok,refund gate pause,D-Linen Curtains-SP-Exact-Ranking-Fixed-LINEN-CURTAIN-52x84-NATURAL-2-PCS-B0F639CWS1 - two drapes pinch pleated linen curtains,campaign,D-Linen Curtains-SP-Exact-Ranking-Fixed-LINEN-CURTAIN-52x84-NATURAL-2-PCS-B0F639CWS1 - two drapes pinch pleated linen curtains,,state,,paused,enabled,spend_wk,campaign,,,2026-09-15,,,,,,
L0110,ok,refund gate pause,D-LC-SP-EXACT-RAN-DO-(Curtains|Blackout|Bedroom)-(LINEN-CURTAIN-52x84-NATURAL-2-PCS)-(best blackout curtains for bedroom),campaign,D-LC-SP-EXACT-RAN-DO-(Curtains|Blackout|Bedroom)-(LINEN-CURTAIN-52x84-NATURAL-2-PCS)-(best blackout curtains for bedroom),,state,,paused,enabled,spend_wk,campaign,,,2026-09-15,,,,,,
L0111,ok,refund gate pause,D-LC-SP-EXACT-RAN-DO-(Curtains|Blackout)-(LINEN-CURTAIN-52x84-NATURAL-2-PCS)-(52x84 blackout curtains 2 panels),campaign,D-LC-SP-EXACT-RAN-DO-(Curtains|Blackout)-(LINEN-CURTAIN-52x84-NATURAL-2-PCS)-(52x84 blackout curtains 2 panels),,state,,paused,enabled,spend_wk,campaign,,,2026-09-15,,,,,,
L0112,ok,refund gate pause,D-Linen Curtains-SP-Exact-Ranking-Fixed-LINEN-CURTAIN-52x84-NATURAL-2-PCS-B0F639CWS1 - lined linen curtains 84 inches long,campaign,D-Linen Curtains-SP-Exact-Ranking-Fixed-LINEN-CURTAIN-52x84-NATURAL-2-PCS-B0F639CWS1 - lined linen curtains 84 inches long,,state,,paused,enabled,spend_wk,campaign,,,2026-09-15,,,,,,
L0113,ok,refund gate pause,D-LC-SP-EXACT-RAN-DO-(Curtains|Blackout)-(LINEN-CURTAIN-52x84-NATURAL-2-PCS)-(floor length blackout curtains),campaign,D-LC-SP-EXACT-RAN-DO-(Curtains|Blackout)-(LINEN-CURTAIN-52x84-NATURAL-2-PCS)-(floor length blackout curtains),,state,,paused,enabled,spend_wk,campaign,,,2026-09-15,,,,,,
L0114,ok,refund gate pause,D-LC-SP-cortinas blackout para sala-(Blackout-ES)-HSV-Exact-Conv-DO-LINEN-CURTAIN-52x96-NATURAL-2-PCS,campaign,D-LC-SP-cortinas blackout para sala-(Blackout-ES)-HSV-Exact-Conv-DO-LINEN-CURTAIN-52x96-NATURAL-2-PCS,,state,,paused,enabled,spend_wk,campaign,,,2026-09-15,,,,,,
L0115,ok,refund gate pause,D-LC-SP-room darkening curtains for bedroom-(Blackout)-VHSV-Exact-Conv-DO-LINEN-CURTAIN-52x96-NATURAL-2-PCS,campaign,D-LC-SP-room darkening curtains for bedroom-(Blackout)-VHSV-Exact-Conv-DO-LINEN-CURTAIN-52x96-NATURAL-2-PCS,,state,,paused,enabled,spend_wk,campaign,,,2026-09-15,,,,,,
L0116,ok,refund gate pause,D-LC-SP-EXACT-RAN-DO-(Curtains|Blackout)-(LINEN-CURTAIN-52x96-NATURAL-2-PCS)-(blackout curtains 52x96),campaign,D-LC-SP-EXACT-RAN-DO-(Curtains|Blackout)-(LINEN-CURTAIN-52x96-NATURAL-2-PCS)-(blackout curtains 52x96),,state,,paused,enabled,spend_wk,campaign,,,2026-09-15,,,,,,
L0117,ok,refund gate pause,D-LC-SP-blackout drapes for bedroom-(Blackout)-HSV-Exact-Conv-DO-LINEN-CURTAIN-52x96-NATURAL-2-PCS,campaign,D-LC-SP-blackout drapes for bedroom-(Blackout)-HSV-Exact-Conv-DO-LINEN-CURTAIN-52x96-NATURAL-2-PCS,,state,,paused,enabled,spend_wk,campaign,,,2026-09-15,,,,,,
L0118,ok,refund gate pause,D-LC-SP-long black out curtains for living room-(Blackout)-MSV-Exact-Conv-DO-LINEN-CURTAIN-52x96-NATURAL-2-PCS,campaign,D-LC-SP-long black out curtains for living room-(Blackout)-MSV-Exact-Conv-DO-LINEN-CURTAIN-52x96-NATURAL-2-PCS,,state,,paused,enabled,spend_wk,campaign,,,2026-09-15,,,,,,
L0119,ok,refund gate pause,D-LC-SP-thermal insulated blackout curtains bedroom-(Blackout)-HSV-Exact-Conv-DO-LINEN-CURTAIN-52x96-NATURAL-2-PCS,campaign,D-LC-SP-thermal insulated blackout curtains bedroom-(Blackout)-HSV-Exact-Conv-DO-LINEN-CURTAIN-52x96-NATURAL-2-PCS,,state,,paused,enabled,spend_wk,campaign,,,2026-09-15,,,,,,
L0120,ok,refund gate pause,D-LC-SP-EXACT-RAN-DO-(Curtains|Blackout)-(LINEN-CURTAIN-52x84-NATURAL-2-PCS)-(84in blackout curtains),campaign,D-LC-SP-EXACT-RAN-DO-(Curtains|Blackout)-(LINEN-CURTAIN-52x84-NATURAL-2-PCS)-(84in blackout curtains),,state,,paused,enabled,spend_wk,campaign,,,2026-09-15,,,,,,
L0121,ok,refund gate pause,D-LC-SP-linen curtains bedroom-(Linen)-MSV-Exact-Conv-DO-LINEN-CURTAIN-52x84-NATURAL-2-PCS,campaign,D-LC-SP-linen curtains bedroom-(Linen)-MSV-Exact-Conv-DO-LINEN-CURTAIN-52x84-NATURAL-2-PCS,,state,,paused,enabled,spend_wk,campaign,,,2026-09-15,,,,,,
L0122,ok,refund gate pause,D-LC-SP-EXACT-RAN-DO-(Curtains|Blackout|Bedroom)-(LINEN-CURTAIN-52x84-NATURAL-2-PCS)-(blackout curtains for bedroom short),campaign,D-LC-SP-EXACT-RAN-DO-(Curtains|Blackout|Bedroom)-(LINEN-CURTAIN-52x84-NATURAL-2-PCS)-(blackout curtains for bedroom short),,state,,paused,enabled,spend_wk,campaign,,,2026-09-15,,,,,,
L0123,ok,refund gate pause,D-LC-SP-cortinas de cuarto blackout-(Blackout-ES)-LSV-Exact-Conv-DO-LINEN-CURTAIN-52x96-NATURAL-2-PCS,campaign,D-LC-SP-cortinas de cuarto blackout-(Blackout-ES)-LSV-Exact-Conv-DO-LINEN-CURTAIN-52x96-NATURAL-2-PCS,,state,,paused,enabled,spend_wk,campaign,,,2026-09-15,,,,,,
L0124,ok,refund gate pause,D-Linen Curtains-SP-Exact-Ranking-Fixed-LINEN-CURTAIN-52x84-NATURAL-2-PCS-B0F639CWS1 - linen farmhouse curtains,campaign,D-Linen Curtains-SP-Exact-Ranking-Fixed-LINEN-CURTAIN-52x84-NATURAL-2-PCS-B0F639CWS1 - linen farmhouse curtains,,state,,paused,enabled,spend_wk,campaign,,,2026-09-15,,,,,,
L0125,ok,refund gate pause,D-LC-SP-EXACT-RAN-DO-(Curtains|Blackout)-(LINEN-CURTAIN-52x84-NATURAL-2-PCS)-(oeko tex blackout curtains),campaign,D-LC-SP-EXACT-RAN-DO-(Curtains|Blackout)-(LINEN-CURTAIN-52x84-NATURAL-2-PCS)-(oeko tex blackout curtains),,state,,paused,enabled,spend_wk,campaign,,,2026-09-15,,,,,,
L0126,ok,refund gate pause,D-LC-SP-EXACT-RAN-DO-(Curtains|Blackout)-(LINEN-CURTAIN-52x84-NATURAL-2-PCS)-(blackout curtains farmhouse),campaign,D-LC-SP-EXACT-RAN-DO-(Curtains|Blackout)-(LINEN-CURTAIN-52x84-NATURAL-2-PCS)-(blackout curtains farmhouse),,state,,paused,enabled,spend_wk,campaign,,,2026-09-15,,,,,,
L0127,ok,refund gate pause,D-LC-SP-room darkening curtains bedroom-(Blackout)-LSV-Exact-Conv-DO-LINEN-CURTAIN-52x96-NATURAL-2-PCS,campaign,D-LC-SP-room darkening curtains bedroom-(Blackout)-LSV-Exact-Conv-DO-LINEN-CURTAIN-52x96-NATURAL-2-PCS,,state,,paused,enabled,spend_wk,campaign,,,2026-09-15,,,,,,
L0128,ok,refund gate pause,D-LC-SP-room darkening drapes-(Blackout)-MSV-Exact-Conv-DO-LINEN-CURTAIN-52x96-NATURAL-2-PCS,campaign,D-LC-SP-room darkening drapes-(Blackout)-MSV-Exact-Conv-DO-LINEN-CURTAIN-52x96-NATURAL-2-PCS,,state,,paused,enabled,spend_wk,campaign,,,2026-09-15,,,,,,
L0129,ok,refund gate pause,D-LC-SP-blackout curtains for dorm-(Blackout)-HSV-Exact-Conv-DO-LINEN-CURTAIN-52x96-NATURAL-2-PCS,campaign,D-LC-SP-blackout curtains for dorm-(Blackout)-HSV-Exact-Conv-DO-LINEN-CURTAIN-52x96-NATURAL-2-PCS,,state,,paused,enabled,spend_wk,campaign,,,2026-09-15,,,,,,
L0130,ok,refund gate pause,D-LC-SP-EXACT-RAN-DO-(Curtains|Blackout)-(LINEN-CURTAIN-52x84-NATURAL-2-PCS)-(thermal blackout curtains 84 inch),campaign,D-LC-SP-EXACT-RAN-DO-(Curtains|Blackout)-(LINEN-CURTAIN-52x84-NATURAL-2-PCS)-(thermal blackout curtains 84 inch),,state,,paused,enabled,spend_wk,campaign,,,2026-09-15,,,,,,
L0131,ok,refund gate pause,D-LC-SP-EXACT-RAN-DO-(Curtains|Blackout)-(LINEN-CURTAIN-52x84-NATURAL-2-PCS)-(best blackout curtains),campaign,D-LC-SP-EXACT-RAN-DO-(Curtains|Blackout)-(LINEN-CURTAIN-52x84-NATURAL-2-PCS)-(best blackout curtains),,state,,paused,enabled,spend_wk,campaign,,,2026-09-15,,,,,,
L0132,ok,refund gate pause,D-LC-SP-EXACT-RAN-DO-(Curtains|Blackout)-(LINEN-CURTAIN-52x84-NATURAL-2-PCS)-(room curtains blackout),campaign,D-LC-SP-EXACT-RAN-DO-(Curtains|Blackout)-(LINEN-CURTAIN-52x84-NATURAL-2-PCS)-(room curtains blackout),,state,,paused,enabled,spend_wk,campaign,,,2026-09-15,,,,,,
L0133,ok,refund gate pause,D-LC-SP-blackout curtains energy efficient-(Blackout)-HSV-Exact-Conv-DO-LINEN-CURTAIN-52x96-NATURAL-2-PCS,campaign,D-LC-SP-blackout curtains energy efficient-(Blackout)-HSV-Exact-Conv-DO-LINEN-CURTAIN-52x96-NATURAL-2-PCS,,state,,paused,enabled,spend_wk,campaign,,,2026-09-15,,,,,,
L0134,ok,refund gate pause,D-LC-SP-EXACT-RAN-DO-(Curtains|Blackout|Living Room)-(LINEN-CURTAIN-52x84-NATURAL-2-PCS)-(84 inch blackout curtains living room),campaign,D-LC-SP-EXACT-RAN-DO-(Curtains|Blackout|Living Room)-(LINEN-CURTAIN-52x84-NATURAL-2-PCS)-(84 inch blackout curtains living room),,state,,paused,enabled,spend_wk,campaign,,,2026-09-15,,,,,,
L0135,ok,refund gate pause,D-LC-SP-black out curtains for bedroom windows-(Blackout)-HSV-Exact-Conv-DO-LINEN-CURTAIN-52x96-NATURAL-2-PCS,campaign,D-LC-SP-black out curtains for bedroom windows-(Blackout)-HSV-Exact-Conv-DO-LINEN-CURTAIN-52x96-NATURAL-2-PCS,,state,,paused,enabled,spend_wk,campaign,,,2026-09-15,,,,,,
L0136,ok,refund gate pause,D-LC-SP-EXACT-RAN-DO-(Curtains|Blackout|Bedroom)-(LINEN-CURTAIN-52x84-NATURAL-2-PCS)-(blackout boho curtains for bedroom),campaign,D-LC-SP-EXACT-RAN-DO-(Curtains|Blackout|Bedroom)-(LINEN-CURTAIN-52x84-NATURAL-2-PCS)-(blackout boho curtains for bedroom),,state,,paused,enabled,spend_wk,campaign,,,2026-09-15,,,,,,
L0137,ok,refund gate pause,D-LC-SP-EXACT-RAN-DO-(Curtains|Blackout|Bedroom)-(LINEN-CURTAIN-52x84-NATURAL-2-PCS)-(farmhouse blackout curtains for bedroom),campaign,D-LC-SP-EXACT-RAN-DO-(Curtains|Blackout|Bedroom)-(LINEN-CURTAIN-52x84-NATURAL-2-PCS)-(farmhouse blackout curtains for bedroom),,state,,paused,enabled,spend_wk,campaign,,,2026-09-15,,,,,,
L0138,ok,refund gate pause,D-LC-SP-blackout drapes living room-(Blackout)-MSV-Exact-Conv-DO-LINEN-CURTAIN-52x96-NATURAL-2-PCS,campaign,D-LC-SP-blackout drapes living room-(Blackout)-MSV-Exact-Conv-DO-LINEN-CURTAIN-52x96-NATURAL-2-PCS,,state,,paused,enabled,spend_wk,campaign,,,2026-09-15,,,,,,
L0139,ok,refund gate pause,D-LC-SP-cortinas black out para dormitorio-(Blackout-ES)-MSV-Exact-Conv-DO-LINEN-CURTAIN-52x96-NATURAL-2-PCS,campaign,D-LC-SP-cortinas black out para dormitorio-(Blackout-ES)-MSV-Exact-Conv-DO-LINEN-CURTAIN-52x96-NATURAL-2-PCS,,state,,paused,enabled,spend_wk,campaign,,,2026-09-15,,,,,,
L0140,ok,refund gate pause,D-LC-SP-52 inch blackout curtains-(Blackout)-LSV-Exact-Conv-DO-LINEN-CURTAIN-52x96-NATURAL-2-PCS,campaign,D-LC-SP-52 inch blackout curtains-(Blackout)-LSV-Exact-Conv-DO-LINEN-CURTAIN-52x96-NATURAL-2-PCS,,state,,paused,enabled,spend_wk,campaign,,,2026-09-15,,,,,,
L0141,ok,refund gate pause,D-LC-SP-EXACT-RAN-DO-(Curtains|Blackout)-(LINEN-CURTAIN-52x84-NATURAL-2-PCS)-(blackout curtains 84 inches long 2 panels set),campaign,D-LC-SP-EXACT-RAN-DO-(Curtains|Blackout)-(LINEN-CURTAIN-52x84-NATURAL-2-PCS)-(blackout curtains 84 inches long 2 panels set),,state,,paused,enabled,spend_wk,campaign,,,2026-09-15,,,,,,
L0142,ok,refund gate pause,D-LC-SP-PAT-B0CSSDGWVT-LINEN-CURTAIN-52x84-NATURAL-2-PCS,campaign,D-LC-SP-PAT-B0CSSDGWVT-LINEN-CURTAIN-52x84-NATURAL-2-PCS,,state,,paused,enabled,spend_wk,campaign,,,2026-09-15,,,,,,
L0143,ok,refund gate pause,D-LC-SP-blackout drapes for living room-(Blackout)-LSV-Exact-Conv-DO-LINEN-CURTAIN-52x96-NATURAL-2-PCS,campaign,D-LC-SP-blackout drapes for living room-(Blackout)-LSV-Exact-Conv-DO-LINEN-CURTAIN-52x96-NATURAL-2-PCS,,state,,paused,enabled,spend_wk,campaign,,,2026-09-15,,,,,,
L0144,ok,refund gate pause,D-LC-SP-EXACT-RAN-DO-(Curtains|Blackout)-(LINEN-CURTAIN-52x84-NATURAL-2-PCS)-(blackout farmhouse curtains),campaign,D-LC-SP-EXACT-RAN-DO-(Curtains|Blackout)-(LINEN-CURTAIN-52x84-NATURAL-2-PCS)-(blackout farmhouse curtains),,state,,paused,enabled,spend_wk,campaign,,,2026-09-15,,,,,,
L0145,ok,refund gate pause,D-LC-SP-EXACT-RAN-DO-(Curtains|Blackout)-(LINEN-CURTAIN-52x84-NATURAL-2-PCS)-(84 blackout curtains),campaign,D-LC-SP-EXACT-RAN-DO-(Curtains|Blackout)-(LINEN-CURTAIN-52x84-NATURAL-2-PCS)-(84 blackout curtains),,state,,paused,enabled,spend_wk,campaign,,,2026-09-15,,,,,,
L0146,ok,refund gate pause,D-LC-SP-PHRASE-RAN-DO-(Linen|Curtains)-(LINEN-CURTAIN-52x84-NATURAL-2-PCS)-(linen curtains natural fabric),campaign,D-LC-SP-PHRASE-RAN-DO-(Linen|Curtains)-(LINEN-CURTAIN-52x84-NATURAL-2-PCS)-(linen curtains natural fabric),,state,,paused,enabled,spend_wk,campaign,,,2026-09-15,,,,,,
L0147,ok,refund gate pause,D-Linen Curtains-SP-Exact-Ranking-Fixed-LINEN-CURTAIN-52x84-NATURAL-2-PCS-B0F639CWS1 - linen lined curtains,campaign,D-Linen Curtains-SP-Exact-Ranking-Fixed-LINEN-CURTAIN-52x84-NATURAL-2-PCS-B0F639CWS1 - linen lined curtains,,state,,paused,enabled,spend_wk,campaign,,,2026-09-15,,,,,,
L0148,ok,refund gate pause,D-LC-SP-EXACT-RAN-DO-(Curtains|Blackout)-(LINEN-CURTAIN-52x84-NATURAL-2-PCS)-(84 inch curtains blackout),campaign,D-LC-SP-EXACT-RAN-DO-(Curtains|Blackout)-(LINEN-CURTAIN-52x84-NATURAL-2-PCS)-(84 inch curtains blackout),,state,,paused,enabled,spend_wk,campaign,,,2026-09-15,,,,,,
L0149,ok,refund gate pause,D-LC-SP-EXACT-RAN-DO-(Curtains|Blackout)-(LINEN-CURTAIN-52x84-NATURAL-2-PCS)-(livingroom blackout curtains),campaign,D-LC-SP-EXACT-RAN-DO-(Curtains|Blackout)-(LINEN-CURTAIN-52x84-NATURAL-2-PCS)-(livingroom blackout curtains),,state,,paused,enabled,spend_wk,campaign,,,2026-09-15,,,,,,
L0150,ok,refund gate pause,D-LC-SP-PAT-B0DBLRPBT6-LINEN-CURTAIN-52x84-NATURAL-2-PCS,campaign,D-LC-SP-PAT-B0DBLRPBT6-LINEN-CURTAIN-52x84-NATURAL-2-PCS,,state,,paused,enabled,spend_wk,campaign,,,2026-09-15,,,,,,
L0151,ok,refund gate pause,D-LC-SP-bedroom black out curtains-(Blackout)-MSV-Exact-Conv-DO-LINEN-CURTAIN-52x96-NATURAL-2-PCS,campaign,D-LC-SP-bedroom black out curtains-(Blackout)-MSV-Exact-Conv-DO-LINEN-CURTAIN-52x96-NATURAL-2-PCS,,state,,paused,enabled,spend_wk,campaign,,,2026-09-15,,,,,,
L0152,ok,refund gate pause,D-LC-SP-B0F639CWS1-Exact-Def-DO-LINEN-CURTAIN-52x84-NATURAL-2-PCS,campaign,D-LC-SP-B0F639CWS1-Exact-Def-DO-LINEN-CURTAIN-52x84-NATURAL-2-PCS,,state,,paused,enabled,spend_wk,campaign,,,2026-09-15,,,,,,
L0153,ok,refund gate pause,D-LC-SP-cortinas blackout para dormitorio largas-(Blackout-ES)-LSV-Exact-Conv-DO-LINEN-CURTAIN-52x96-NATURAL-2-PCS,campaign,D-LC-SP-cortinas blackout para dormitorio largas-(Blackout-ES)-LSV-Exact-Conv-DO-LINEN-CURTAIN-52x96-NATURAL-2-PCS,,state,,paused,enabled,spend_wk,campaign,,,2026-09-15,,,,,,
L0154,ok,refund gate pause,D-Linen Curtains-SP-Exact-Ranking-Fixed-LINEN-CURTAIN-52x84-NATURAL-2-PCS-B0F639CWS1 - 84 inch curtains linen,campaign,D-Linen Curtains-SP-Exact-Ranking-Fixed-LINEN-CURTAIN-52x84-NATURAL-2-PCS-B0F639CWS1 - 84 inch curtains linen,,state,,paused,enabled,spend_wk,campaign,,,2026-09-15,,,,,,
L0155,ok,refund gate pause,D-LC-SP-B0F6366Z7N-Exact-Def-DO-LINEN-CURTAIN-52x96-NATURAL-2-PCS,campaign,D-LC-SP-B0F6366Z7N-Exact-Def-DO-LINEN-CURTAIN-52x96-NATURAL-2-PCS,,state,,paused,enabled,spend_wk,campaign,,,2026-09-15,,,,,,
L0156,ok,refund gate pause,D-Linen Curtains-SP-Exact-Ranking-Fixed-LINEN-CURTAIN-52x84-NATURAL-2-PCS-B0F639CWS1 - linen panels curtains,campaign,D-Linen Curtains-SP-Exact-Ranking-Fixed-LINEN-CURTAIN-52x84-NATURAL-2-PCS-B0F639CWS1 - linen panels curtains,,state,,paused,enabled,spend_wk,campaign,,,2026-09-15,,,,,,
L0157,ok,refund gate pause,D-LC-SP-window darkening curtains-(Blackout)-LSV-Exact-Conv-DO-LINEN-CURTAIN-52x96-NATURAL-2-PCS,campaign,D-LC-SP-window darkening curtains-(Blackout)-LSV-Exact-Conv-DO-LINEN-CURTAIN-52x96-NATURAL-2-PCS,,state,,paused,enabled,spend_wk,campaign,,,2026-09-15,,,,,,
L0158,ok,refund gate pause,D-LC-SP-B0F6392CDG-Exact-Def-DO-LINEN-CURTAIN-52x96-IVORY-2-PCS,campaign,D-LC-SP-B0F6392CDG-Exact-Def-DO-LINEN-CURTAIN-52x96-IVORY-2-PCS,,state,,paused,enabled,spend_wk,campaign,,,2026-09-15,,,,,,
L0159,ok,refund gate pause,D-LC-SP-cortina blackout para cuarto-(Blackout-ES)-HSV-Exact-Conv-DO-LINEN-CURTAIN-52x96-NATURAL-2-PCS,campaign,D-LC-SP-cortina blackout para cuarto-(Blackout-ES)-HSV-Exact-Conv-DO-LINEN-CURTAIN-52x96-NATURAL-2-PCS,,state,,paused,enabled,spend_wk,campaign,,,2026-09-15,,,,,,
L0160,ok,refund gate pause,D-LC-SP-linen blackout curtains 96 + inches long-(Linen)-HSV-Exact-Conv-DO-LINEN-CURTAIN-52x96-BEIGE-2-PCS,campaign,D-LC-SP-linen blackout curtains 96 + inches long-(Linen)-HSV-Exact-Conv-DO-LINEN-CURTAIN-52x96-BEIGE-2-PCS,,state,,paused,enabled,spend_wk,campaign,,,2026-09-15,,,,,,
L0161,ok,refund gate pause,D-LC-SP-cortinas para habitacion blackout-(Blackout-ES)-LSV-Exact-Conv-DO-LINEN-CURTAIN-52x96-NATURAL-2-PCS,campaign,D-LC-SP-cortinas para habitacion blackout-(Blackout-ES)-LSV-Exact-Conv-DO-LINEN-CURTAIN-52x96-NATURAL-2-PCS,,state,,paused,enabled,spend_wk,campaign,,,2026-09-15,,,,,,
L0162,ok,refund gate pause,D-LC-SP-EXACT-RAN-DO-(Curtains|Blackout|Sliding Door)-(LINEN-CURTAIN-52x84-NATURAL-2-PCS)-(sliding door curtains blackout),campaign,D-LC-SP-EXACT-RAN-DO-(Curtains|Blackout|Sliding Door)-(LINEN-CURTAIN-52x84-NATURAL-2-PCS)-(sliding door curtains blackout),,state,,paused,enabled,spend_wk,campaign,,,2026-09-15,,,,,,
L0163,ok,refund gate pause,D-LC-SP-black out curtains thermal insulated-(Blackout)-MSV-Exact-Conv-DO-LINEN-CURTAIN-52x96-NATURAL-2-PCS,campaign,D-LC-SP-black out curtains thermal insulated-(Blackout)-MSV-Exact-Conv-DO-LINEN-CURTAIN-52x96-NATURAL-2-PCS,,state,,paused,enabled,spend_wk,campaign,,,2026-09-15,,,,,,
L0164,ok,refund gate pause,D-LC-SP-PAT-B0DR49RC45-LINEN-CURTAIN-52x84-NATURAL-2-PCS,campaign,D-LC-SP-PAT-B0DR49RC45-LINEN-CURTAIN-52x84-NATURAL-2-PCS,,state,,paused,enabled,spend_wk,campaign,,,2026-09-15,,,,,,
L0165,ok,refund gate pause,D-LC-SP-two drapes blackout curtains-(Blackout)-MSV-Exact-Conv-DO-LINEN-CURTAIN-52x96-NATURAL-2-PCS,campaign,D-LC-SP-two drapes blackout curtains-(Blackout)-MSV-Exact-Conv-DO-LINEN-CURTAIN-52x96-NATURAL-2-PCS,,state,,paused,enabled,spend_wk,campaign,,,2026-09-15,,,,,,
L0166,ok,refund gate pause,D-Linen Curtains-SP-Exact-Ranking-Fixed-LINEN-CURTAIN-52x120-NATURAL-2-PCS-B0F63C3Z95-faux linen blackout curtains 52x120,campaign,D-Linen Curtains-SP-Exact-Ranking-Fixed-LINEN-CURTAIN-52x120-NATURAL-2-PCS-B0F63C3Z95-faux linen blackout curtains 52x120,,state,,paused,enabled,spend_wk,campaign,,,2026-09-15,,,,,,
L0167,ok,refund gate pause,D-LC-SP-ivory linen curtains 96 inches long-(Linen)-LSV-Exact-Conv-DO-LINEN-CURTAIN-52x96-IVORY-2-PCS,campaign,D-LC-SP-ivory linen curtains 96 inches long-(Linen)-LSV-Exact-Conv-DO-LINEN-CURTAIN-52x96-IVORY-2-PCS,,state,,paused,enabled,spend_wk,campaign,,,2026-09-15,,,,,,
L0168,ok,refund gate pause,D-LC-SP-blackout drapes curtains-(Blackout)-MSV-Exact-Conv-DO-LINEN-CURTAIN-52x96-NATURAL-2-PCS,campaign,D-LC-SP-blackout drapes curtains-(Blackout)-MSV-Exact-Conv-DO-LINEN-CURTAIN-52x96-NATURAL-2-PCS,,state,,paused,enabled,spend_wk,campaign,,,2026-09-15,,,,,,
L0169,ok,refund gate pause,D-LC-SP-black out drapes for bedroom-(Blackout)-HSV-Exact-Conv-DO-LINEN-CURTAIN-52x96-NATURAL-2-PCS,campaign,D-LC-SP-black out drapes for bedroom-(Blackout)-HSV-Exact-Conv-DO-LINEN-CURTAIN-52x96-NATURAL-2-PCS,,state,,paused,enabled,spend_wk,campaign,,,2026-09-15,,,,,,
L0170,ok,refund gate pause,D-Linen Curtains-SP-Exact-Ranking-Fixed-LINEN-CURTAIN-52x84-NATURAL-2-PCS-B0F639CWS1 - linen pleated curtains,campaign,D-Linen Curtains-SP-Exact-Ranking-Fixed-LINEN-CURTAIN-52x84-NATURAL-2-PCS-B0F639CWS1 - linen pleated curtains,,state,,paused,enabled,spend_wk,campaign,,,2026-09-15,,,,,,
L0171,ok,refund gate pause,D-LC-SP-linen curtains 96 + inches long-(Linen)-MSV-Exact-Conv-DO-LINEN-CURTAIN-52x96-BEIGE-2-PCS,campaign,D-LC-SP-linen curtains 96 + inches long-(Linen)-MSV-Exact-Conv-DO-LINEN-CURTAIN-52x96-BEIGE-2-PCS,,state,,paused,enabled,spend_wk,campaign,,,2026-09-15,,,,,,
L0172,ok,refund gate pause,D-LC-SP-PAT-B0D8KY5HVQ-LINEN-CURTAIN-52x84-NATURAL-2-PCS,campaign,D-LC-SP-PAT-B0D8KY5HVQ-LINEN-CURTAIN-52x84-NATURAL-2-PCS,,state,,paused,enabled,spend_wk,campaign,,,2026-09-15,,,,,,
L0173,ok,refund gate pause,D-Linen Curtains-SP-Exact-Ranking-Fixed-LINEN-CURTAIN-52x84-NATURAL-2-PCS-B0F639CWS1 - pinch pleated linen curtains,campaign,D-Linen Curtains-SP-Exact-Ranking-Fixed-LINEN-CURTAIN-52x84-NATURAL-2-PCS-B0F639CWS1 - pinch pleated linen curtains,,state,,paused,enabled,spend_wk,campaign,,,2026-09-15,,,,,,
L0174,ok,refund gate pause,D-LC-SP-EXACT-RAN-DO-(Curtains|Blackout|Bedroom)-(LINEN-CURTAIN-52x84-NATURAL-2-PCS)-(blackout thermal curtains for bedroom),campaign,D-LC-SP-EXACT-RAN-DO-(Curtains|Blackout|Bedroom)-(LINEN-CURTAIN-52x84-NATURAL-2-PCS)-(blackout thermal curtains for bedroom),,state,,paused,enabled,spend_wk,campaign,,,2026-09-15,,,,,,
L0175,ok,refund gate pause,D-LC-SP-PAT-B0DFWNNRZT-LINEN-CURTAIN-52x84-NATURAL-2-PCS,campaign,D-LC-SP-PAT-B0DFWNNRZT-LINEN-CURTAIN-52x84-NATURAL-2-PCS,,state,,paused,enabled,spend_wk,campaign,,,2026-09-15,,,,,,
L0176,ok,refund gate pause,D-LC-SP-blackout curtains for dorm room-(Blackout)-HSV-Exact-Conv-DO-LINEN-CURTAIN-52x96-NATURAL-2-PCS,campaign,D-LC-SP-blackout curtains for dorm room-(Blackout)-HSV-Exact-Conv-DO-LINEN-CURTAIN-52x96-NATURAL-2-PCS,,state,,paused,enabled,spend_wk,campaign,,,2026-09-15,,,,,,
L0177,ok,refund gate pause,D-Linen Curtains-SP-Exact-Ranking-Fixed-LINEN-CURTAIN-52x84-NATURAL-2-PCS-B0F639CWS1 - high end linen curtains,campaign,D-Linen Curtains-SP-Exact-Ranking-Fixed-LINEN-CURTAIN-52x84-NATURAL-2-PCS-B0F639CWS1 - high end linen curtains,,state,,paused,enabled,spend_wk,campaign,,,2026-09-15,,,,,,
L0178,ok,refund gate pause,D-LC-SP-curtain blackout linen-(Linen)-LSV-Exact-Conv-DO-LINEN-CURTAIN-52x96-NATURAL-2-PCS,campaign,D-LC-SP-curtain blackout linen-(Linen)-LSV-Exact-Conv-DO-LINEN-CURTAIN-52x96-NATURAL-2-PCS,,state,,paused,enabled,spend_wk,campaign,,,2026-09-15,,,,,,
L0179,ok,refund gate pause,D-LC-SP-PAT-B0FK58S5VW-LINEN-CURTAIN-52x84-NATURAL-2-PCS,campaign,D-LC-SP-PAT-B0FK58S5VW-LINEN-CURTAIN-52x84-NATURAL-2-PCS,,state,,paused,enabled,spend_wk,campaign,,,2026-09-15,,,,,,
L0180,ok,refund gate pause,D-Linen Curtains-SP-Exact-Ranking-Fixed-LINEN-CURTAIN-52x84-NATURAL-2-PCS-B0F639CWS1 - farmhouse linen curtains,campaign,D-Linen Curtains-SP-Exact-Ranking-Fixed-LINEN-CURTAIN-52x84-NATURAL-2-PCS-B0F639CWS1 - farmhouse linen curtains,,state,,paused,enabled,spend_wk,campaign,,,2026-09-15,,,,,,
L0181,ok,refund gate pause,D-LC-SP-linen curtain panels-(Linen)-HSV-Exact-Conv-DO-LINEN-CURTAIN-52x84-NATURAL-2-PCS,campaign,D-LC-SP-linen curtain panels-(Linen)-HSV-Exact-Conv-DO-LINEN-CURTAIN-52x84-NATURAL-2-PCS,,state,,paused,enabled,spend_wk,campaign,,,2026-09-15,,,,,,
L0182,ok,refund gate pause,D-LC-SP-black out thermal curtains-(Blackout)-HSV-Exact-Conv-DO-LINEN-CURTAIN-52x96-NATURAL-2-PCS,campaign,D-LC-SP-black out thermal curtains-(Blackout)-HSV-Exact-Conv-DO-LINEN-CURTAIN-52x96-NATURAL-2-PCS,,state,,paused,enabled,spend_wk,campaign,,,2026-09-15,,,,,,
L0183,ok,refund gate pause,D-LC-SP-cream blackout curtains 96 + inches long-(Blackout)-LSV-Exact-Conv-DO-LINEN-CURTAIN-52x96-IVORY-2-PCS,campaign,D-LC-SP-cream blackout curtains 96 + inches long-(Blackout)-LSV-Exact-Conv-DO-LINEN-CURTAIN-52x96-IVORY-2-PCS,,state,,paused,enabled,spend_wk,campaign,,,2026-09-15,,,,,,
L0184,ok,refund gate pause,D-LC-SP-96 inch faux linen curtains 2 panel-(Linen)-LSV-Exact-Conv-DO-LINEN-CURTAIN-52x96-BEIGE-2-PCS,campaign,D-LC-SP-96 inch faux linen curtains 2 panel-(Linen)-LSV-Exact-Conv-DO-LINEN-CURTAIN-52x96-BEIGE-2-PCS,,state,,paused,enabled,spend_wk,campaign,,,2026-09-15,,,,,,
L0185,ok,refund gate pause,D-Linen Curtains-SP-Exact-Ranking-Fixed-LINEN-CURTAIN-52x84-NATURAL-2-PCS-B0F639CWS1 - pleated linen curtains,campaign,D-Linen Curtains-SP-Exact-Ranking-Fixed-LINEN-CURTAIN-52x84-NATURAL-2-PCS-B0F639CWS1 - pleated linen curtains,,state,,paused,enabled,spend_wk,campaign,,,2026-09-15,,,,,,
L0186,ok,refund gate pause,D-LC-SP-blackout curtains renter friendly-(Blackout)-HSV-Exact-Conv-DO-LINEN-CURTAIN-52x96-NATURAL-2-PCS,campaign,D-LC-SP-blackout curtains renter friendly-(Blackout)-HSV-Exact-Conv-DO-LINEN-CURTAIN-52x96-NATURAL-2-PCS,,state,,paused,enabled,spend_wk,campaign,,,2026-09-15,,,,,,
L0187,ok,refund gate pause,D-LC-SP-dorm blackout curtains-(Blackout)-HSV-Exact-Conv-DO-LINEN-CURTAIN-52x96-NATURAL-2-PCS,campaign,D-LC-SP-dorm blackout curtains-(Blackout)-HSV-Exact-Conv-DO-LINEN-CURTAIN-52x96-NATURAL-2-PCS,,state,,paused,enabled,spend_wk,campaign,,,2026-09-15,,,,,,
L0188,ok,refund gate pause,D-LC-SP-textured fabric curtains linen-(Linen)-LSV-Exact-Conv-DO-LINEN-CURTAIN-52x84-NATURAL-2-PCS,campaign,D-LC-SP-textured fabric curtains linen-(Linen)-LSV-Exact-Conv-DO-LINEN-CURTAIN-52x84-NATURAL-2-PCS,,state,,paused,enabled,spend_wk,campaign,,,2026-09-15,,,,,,
L0189,ok,refund gate pause,D-LC-SP-PAT-B0F7GY74WD-LINEN-CURTAIN-52x84-NATURAL-2-PCS,campaign,D-LC-SP-PAT-B0F7GY74WD-LINEN-CURTAIN-52x84-NATURAL-2-PCS,,state,,paused,enabled,spend_wk,campaign,,,2026-09-15,,,,,,
L0190,ok,refund gate pause,D-LC-SP-EXACT-RAN-DO-(Curtains|Blackout)-(LINEN-CURTAIN-52x84-NATURAL-2-PCS)-(blackout curtains 84 inches),campaign,D-LC-SP-EXACT-RAN-DO-(Curtains|Blackout)-(LINEN-CURTAIN-52x84-NATURAL-2-PCS)-(blackout curtains 84 inches),,state,,paused,enabled,spend_wk,campaign,,,2026-09-15,,,,,,
L0191,ok,refund gate pause,D-LC-SP-linen curtains 2 panel bedroom-(Linen)-HSV-Exact-Conv-DO-LINEN-CURTAIN-52x84-NATURAL-2-PCS,campaign,D-LC-SP-linen curtains 2 panel bedroom-(Linen)-HSV-Exact-Conv-DO-LINEN-CURTAIN-52x84-NATURAL-2-PCS,,state,,paused,enabled,spend_wk,campaign,,,2026-09-15,,,,,,
L0192,ok,refund gate pause,D-LC-SP-cortinas black out-(Blackout-ES)-MSV-Exact-Conv-DO-LINEN-CURTAIN-52x96-NATURAL-2-PCS,campaign,D-LC-SP-cortinas black out-(Blackout-ES)-MSV-Exact-Conv-DO-LINEN-CURTAIN-52x96-NATURAL-2-PCS,,state,,paused,enabled,spend_wk,campaign,,,2026-09-15,,,,,,
L0193,ok,refund gate pause,D-LC-SP-darkening curtains for living room-(Blackout)-HSV-Exact-Conv-DO-LINEN-CURTAIN-52x96-NATURAL-2-PCS,campaign,D-LC-SP-darkening curtains for living room-(Blackout)-HSV-Exact-Conv-DO-LINEN-CURTAIN-52x96-NATURAL-2-PCS,,state,,paused,enabled,spend_wk,campaign,,,2026-09-15,,,,,,
L0194,ok,refund gate pause,D-LC-SP-EXACT-RAN-DO-(Curtains|Blackout|Bedroom)-(LINEN-CURTAIN-52x84-NATURAL-2-PCS)-(total blackout curtains for bedroom),campaign,D-LC-SP-EXACT-RAN-DO-(Curtains|Blackout|Bedroom)-(LINEN-CURTAIN-52x84-NATURAL-2-PCS)-(total blackout curtains for bedroom),,state,,paused,enabled,spend_wk,campaign,,,2026-09-15,,,,,,
L0195,ok,refund gate pause,D-LC-SP-PAT-B0FK5859JV-LINEN-CURTAIN-52x84-NATURAL-2-PCS,campaign,D-LC-SP-PAT-B0FK5859JV-LINEN-CURTAIN-52x84-NATURAL-2-PCS,,state,,paused,enabled,spend_wk,campaign,,,2026-09-15,,,,,,
L0196,ok,refund gate pause,D-LC-SP-bedroom black out curtains 2 panel sets-(Blackout)-MSV-Exact-Conv-DO-LINEN-CURTAIN-52x96-NATURAL-2-PCS,campaign,D-LC-SP-bedroom black out curtains 2 panel sets-(Blackout)-MSV-Exact-Conv-DO-LINEN-CURTAIN-52x96-NATURAL-2-PCS,,state,,paused,enabled,spend_wk,campaign,,,2026-09-15,,,,,,
L0197,ok,refund gate pause,D-LC-SP-light blocking curtains for bedroom-(Blackout)-MSV-Exact-Conv-DO-LINEN-CURTAIN-52x84-NATURAL-2-PCS,campaign,D-LC-SP-light blocking curtains for bedroom-(Blackout)-MSV-Exact-Conv-DO-LINEN-CURTAIN-52x84-NATURAL-2-PCS,,state,,paused,enabled,spend_wk,campaign,,,2026-09-15,,,,,,
L0198,ok,refund gate pause,D-LC-SP-blackout panel curtains-(Blackout)-LSV-Exact-Conv-DO-LINEN-CURTAIN-52x96-NATURAL-2-PCS,campaign,D-LC-SP-blackout panel curtains-(Blackout)-LSV-Exact-Conv-DO-LINEN-CURTAIN-52x96-NATURAL-2-PCS,,state,,paused,enabled,spend_wk,campaign,,,2026-09-15,,,,,,
L0199,ok,refund gate pause,D-Linen Curtains-SP-Exact-Ranking-Fixed-LINEN-CURTAIN-52x84-NATURAL-2-PCS-B0F639CWS1 - linen curtains neutral colors,campaign,D-Linen Curtains-SP-Exact-Ranking-Fixed-LINEN-CURTAIN-52x84-NATURAL-2-PCS-B0F639CWS1 - linen curtains neutral colors,,state,,paused,enabled,spend_wk,campaign,,,2026-09-15,,,,,,
L0200,ok,refund gate pause,D-LC-SP-black out curtains 2 panel-(Blackout)-HSV-Exact-Conv-DO-LINEN-CURTAIN-52x96-NATURAL-2-PCS,campaign,D-LC-SP-black out curtains 2 panel-(Blackout)-HSV-Exact-Conv-DO-LINEN-CURTAIN-52x96-NATURAL-2-PCS,,state,,paused,enabled,spend_wk,campaign,,,2026-09-15,,,,,,
L0201,ok,refund gate pause,D-LC-SP-small black out curtains-(Blackout)-HSV-Exact-Conv-DO-LINEN-CURTAIN-52x96-NATURAL-2-PCS,campaign,D-LC-SP-small black out curtains-(Blackout)-HSV-Exact-Conv-DO-LINEN-CURTAIN-52x96-NATURAL-2-PCS,,state,,paused,enabled,spend_wk,campaign,,,2026-09-15,,,,,,
L0202,ok,refund gate pause,D-LC-SP-EXACT-RAN-DO-(Curtains|Blackout)-(LINEN-CURTAIN-52x84-NATURAL-2-PCS)-(blackout curtains 84 inch 2 panels),campaign,D-LC-SP-EXACT-RAN-DO-(Curtains|Blackout)-(LINEN-CURTAIN-52x84-NATURAL-2-PCS)-(blackout curtains 84 inch 2 panels),,state,,paused,enabled,spend_wk,campaign,,,2026-09-15,,,,,,
L0203,ok,refund gate pause,D-LC-SP-black out window curtain-(Blackout)-HSV-Exact-Conv-DO-LINEN-CURTAIN-52x96-NATURAL-2-PCS,campaign,D-LC-SP-black out window curtain-(Blackout)-HSV-Exact-Conv-DO-LINEN-CURTAIN-52x96-NATURAL-2-PCS,,state,,paused,enabled,spend_wk,campaign,,,2026-09-15,,,,,,
L0204,ok,refund gate pause,D-LC-SP-EXACT-RAN-DO-(Curtains|Blackout|Bedroom)-(LINEN-CURTAIN-52x84-NATURAL-2-PCS)-(blackout curtain panels bedroom),campaign,D-LC-SP-EXACT-RAN-DO-(Curtains|Blackout|Bedroom)-(LINEN-CURTAIN-52x84-NATURAL-2-PCS)-(blackout curtain panels bedroom),,state,,paused,enabled,spend_wk,campaign,,,2026-09-15,,,,,,
L0205,ok,refund gate pause,D-Linen Curtains-SP-Exact-Ranking-Fixed-LINEN-CURTAIN-52x84-NATURAL-2-PCS-B0F639CWS1 - linen living room curtains,campaign,D-Linen Curtains-SP-Exact-Ranking-Fixed-LINEN-CURTAIN-52x84-NATURAL-2-PCS-B0F639CWS1 - linen living room curtains,,state,,paused,enabled,spend_wk,campaign,,,2026-09-15,,,,,,
L0206,ok,refund gate pause,D-LC-SP-EXACT-RAN-DO-(Linen|Curtains|Blackout)-(LINEN-CURTAIN-52x84-NATURAL-2-PCS)-(natural flax linen curtains blackout),campaign,D-LC-SP-EXACT-RAN-DO-(Linen|Curtains|Blackout)-(LINEN-CURTAIN-52x84-NATURAL-2-PCS)-(natural flax linen curtains blackout),,state,,paused,enabled,spend_wk,campaign,,,2026-09-15,,,,,,
L0207,ok,refund gate pause,D-LC-SP-PAT-B0FK58Y375-LINEN-CURTAIN-52x84-NATURAL-2-PCS,campaign,D-LC-SP-PAT-B0FK58Y375-LINEN-CURTAIN-52x84-NATURAL-2-PCS,,state,,paused,enabled,spend_wk,campaign,,,2026-09-15,,,,,,
L0208,ok,refund gate pause,D-Linen Curtains-SP-Exact-Ranking-Fixed-LINEN-CURTAIN-52x84-NATURAL-2-PCS-B0F639CWS1 - liz linen drape pleated curtains,campaign,D-Linen Curtains-SP-Exact-Ranking-Fixed-LINEN-CURTAIN-52x84-NATURAL-2-PCS-B0F639CWS1 - liz linen drape pleated curtains,,state,,paused,enabled,spend_wk,campaign,,,2026-09-15,,,,,,
L0209,ok,refund gate pause,D-LC-SP-natural linen curtains 96 inches long-(Linen)-LSV-Exact-Conv-DO-LINEN-CURTAIN-52x96-NATURAL-2-PCS,campaign,D-LC-SP-natural linen curtains 96 inches long-(Linen)-LSV-Exact-Conv-DO-LINEN-CURTAIN-52x96-NATURAL-2-PCS,,state,,paused,enabled,spend_wk,campaign,,,2026-09-15,,,,,,
L0210,ok,refund gate pause,D-LC-SP-blackout curtains light blocking-(Blackout)-LSV-Exact-Conv-DO-LINEN-CURTAIN-52x96-NATURAL-2-PCS,campaign,D-LC-SP-blackout curtains light blocking-(Blackout)-LSV-Exact-Conv-DO-LINEN-CURTAIN-52x96-NATURAL-2-PCS,,state,,paused,enabled,spend_wk,campaign,,,2026-09-15,,,,,,
L0211,ok,refund gate pause,D-Linen Curtains-SP-Exact-Ranking-Fixed-LINEN-CURTAIN-52x84-NATURAL-2-PCS-B0F639CWS1 - long linen curtains,campaign,D-Linen Curtains-SP-Exact-Ranking-Fixed-LINEN-CURTAIN-52x84-NATURAL-2-PCS-B0F639CWS1 - long linen curtains,,state,,paused,enabled,spend_wk,campaign,,,2026-09-15,,,,,,
L0212,ok,refund gate pause,D-LC-SP-EXACT-RAN-DO-(Curtains|Blackout|Bedroom)-(LINEN-CURTAIN-52x84-NATURAL-2-PCS)-(blackout curtains for bedroom long),campaign,D-LC-SP-EXACT-RAN-DO-(Curtains|Blackout|Bedroom)-(LINEN-CURTAIN-52x84-NATURAL-2-PCS)-(blackout curtains for bedroom long),,state,,paused,enabled,spend_wk,campaign,,,2026-09-15,,,,,,
L0213,ok,refund gate pause,D-LC-SP-PHRASE-RAN-DO-(Curtains|Blackout)-(LINEN-CURTAIN-52x96-IVORY-2-PCS)-(96 inch curtains 2 panel set blackout),campaign,D-LC-SP-PHRASE-RAN-DO-(Curtains|Blackout)-(LINEN-CURTAIN-52x96-IVORY-2-PCS)-(96 inch curtains 2 panel set blackout),,state,,paused,enabled,spend_wk,campaign,,,2026-09-15,,,,,,
L0214,ok,refund gate pause,D-LC-SP-linen curtains room darkening-(Linen)-LSV-Exact-Conv-DO-LINEN-CURTAIN-52x96-NATURAL-2-PCS,campaign,D-LC-SP-linen curtains room darkening-(Linen)-LSV-Exact-Conv-DO-LINEN-CURTAIN-52x96-NATURAL-2-PCS,,state,,paused,enabled,spend_wk,campaign,,,2026-09-15,,,,,,
L0215,ok,refund gate pause,D-LC-SP-energy efficient blackout curtains for bedroom-(Blackout)-LSV-Exact-Conv-DO-LINEN-CURTAIN-52x96-NATURAL-2-PCS,campaign,D-LC-SP-energy efficient blackout curtains for bedroom-(Blackout)-LSV-Exact-Conv-DO-LINEN-CURTAIN-52x96-NATURAL-2-PCS,,state,,paused,enabled,spend_wk,campaign,,,2026-09-15,,,,,,
L0216,ok,net-negative pause,D-LC-SP-EXACT-blackout curtain-LINEN-CURTAIN-52x90-BEIGE-2-PCS,campaign,D-LC-SP-EXACT-blackout curtain-LINEN-CURTAIN-52x90-BEIGE-2-PCS,,state,,paused,enabled,spend_wk,campaign,0,72.95,2026-09-15,,,"spend on these 82 campaigns falls to $0; the $32.99 of sales they carried is already net-negative after returns, so contribution improves",2026-09-22,"if total product orders fall more than 15% below the 30-day average over any 5 consecutive days, re-enable only the campaigns that held an order, at the prior budget",These 82 campaigns are net-negative after refunds: on the window they returned more units than they sold — 1 order and $32.99 of sales against $72.95 of spend and 3 recorded returns.
L0217,ok,net-negative pause,D-LC-SP-EXACT-RAN-DO-(Curtains|Blackout|Bedroom)-(LINEN-CURTAIN-52x90-BEIGE-2-PCS)-(blackout curtain bedroom),campaign,D-LC-SP-EXACT-RAN-DO-(Curtains|Blackout|Bedroom)-(LINEN-CURTAIN-52x90-BEIGE-2-PCS)-(blackout curtain bedroom),,state,,paused,enabled,spend_wk,campaign,,,2026-09-15,,,,,,
L0218,ok,net-negative pause,D-LC-SP-BROAD-RAN-DO-(Linen|Curtains|Blackout)-(LINEN-CURTAIN-52x90-BEIGE-2-PCS)-(beige linen blackout curtains),campaign,D-LC-SP-BROAD-RAN-DO-(Linen|Curtains|Blackout)-(LINEN-CURTAIN-52x90-BEIGE-2-PCS)-(beige linen blackout curtains),,state,,paused,enabled,spend_wk,campaign,,,2026-09-15,,,,,,
L0219,ok,net-negative pause,D-LC-SP-EXACT-RAN-DO-(Curtains|Blackout)-(LINEN-CURTAIN-52x90-BEIGE-2-PCS)-(52x90 blackout curtains 2 panels),campaign,D-LC-SP-EXACT-RAN-DO-(Curtains|Blackout)-(LINEN-CURTAIN-52x90-BEIGE-2-PCS)-(52x90 blackout curtains 2 panels),,state,,paused,enabled,spend_wk,campaign,,,2026-09-15,,,,,,
L0220,ok,net-negative pause,D-LC-SP-PHRASE-RAN-DO-(Curtains|Blackout)-(LINEN-CURTAIN-52x90-BEIGE-2-PCS)-(beige blackout curtains),campaign,D-LC-SP-PHRASE-RAN-DO-(Curtains|Blackout)-(LINEN-CURTAIN-52x90-BEIGE-2-PCS)-(beige blackout curtains),,state,,paused,enabled,spend_wk,campaign,,,2026-09-15,,,,,,
L0221,ok,net-negative pause,D-LC-SP-BROAD-RAN-DO-(Curtains|Blackout|Bedroom)-(LINEN-CURTAIN-52x90-BEIGE-2-PCS)-(beige blackout curtains for bedroom),campaign,D-LC-SP-BROAD-RAN-DO-(Curtains|Blackout|Bedroom)-(LINEN-CURTAIN-52x90-BEIGE-2-PCS)-(beige blackout curtains for bedroom),,state,,paused,enabled,spend_wk,campaign,,,2026-09-15,,,,,,
L0222,ok,net-negative pause,D-LC-SP-EXACT-RAN-DO-(Curtains|Blackout)-(LINEN-CURTAIN-52x90-LIGHT-GREY-2-PCS)-(grey blackout curtains),campaign,D-LC-SP-EXACT-RAN-DO-(Curtains|Blackout)-(LINEN-CURTAIN-52x90-LIGHT-GREY-2-PCS)-(grey blackout curtains),,state,,paused,enabled,spend_wk,campaign,,,2026-09-15,,,,,,
L0223,ok,net-negative pause,D-LC-SP-EXACT-RAN-DO-(Curtains|Blackout)-(LINEN-CURTAIN-52x90-BEIGE-2-PCS)-(thermal blackout curtains),campaign,D-LC-SP-EXACT-RAN-DO-(Curtains|Blackout)-(LINEN-CURTAIN-52x90-BEIGE-2-PCS)-(thermal blackout curtains),,state,,paused,enabled,spend_wk,campaign,,,2026-09-15,,,,,,
L0224,ok,net-negative pause,D-LC-SP-BROAD-RAN-DO-(Linen|Curtains)-(LINEN-CURTAIN-52x90-BEIGE-2-PCS)-(linen beige curtains),campaign,D-LC-SP-BROAD-RAN-DO-(Linen|Curtains)-(LINEN-CURTAIN-52x90-BEIGE-2-PCS)-(linen beige curtains),,state,,paused,enabled,spend_wk,campaign,,,2026-09-15,,,,,,
L0225,ok,net-negative pause,D-LC-SP-EXACT-RAN-DO-(Curtains|Blackout)-(LINEN-CURTAIN-52x90-BEIGE-2-PCS)-(blackout curtains 90 inches long),campaign,D-LC-SP-EXACT-RAN-DO-(Curtains|Blackout)-(LINEN-CURTAIN-52x90-BEIGE-2-PCS)-(blackout curtains 90 inches long),,state,,paused,enabled,spend_wk,campaign,,,2026-09-15,,,,,,
L0226,ok,net-negative pause,D-LC-SP-blackout curtain 120 inches long-(Blackout)-LSV-Exact-Conv-DO-LINEN-CURTAIN-52x120-LINEN-2-PCS,campaign,D-LC-SP-blackout curtain 120 inches long-(Blackout)-LSV-Exact-Conv-DO-LINEN-CURTAIN-52x120-LINEN-2-PCS,,state,,paused,enabled,spend_wk,campaign,,,2026-09-15,,,,,,
L0227,ok,net-negative pause,D-LC-SP-EXACT-RAN-DO-(Curtains|Blackout)-(LINEN-CURTAIN-52x90-BEIGE-2-PCS)-(90 inch blackout curtains),campaign,D-LC-SP-EXACT-RAN-DO-(Curtains|Blackout)-(LINEN-CURTAIN-52x90-BEIGE-2-PCS)-(90 inch blackout curtains),,state,,paused,enabled,spend_wk,campaign,,,2026-09-15,,,,,,
L0228,ok,net-negative pause,D-LC-SP-EXACT-RAN-DO-(Curtains|Blackout)-(LINEN-CURTAIN-52x90-BEIGE-2-PCS)-(curtains blackout),campaign,D-LC-SP-EXACT-RAN-DO-(Curtains|Blackout)-(LINEN-CURTAIN-52x90-BEIGE-2-PCS)-(curtains blackout),,state,,paused,enabled,spend_wk,campaign,,,2026-09-15,,,,,,
L0229,ok,net-negative pause,D-LC-SP-PHRASE-RAN-DO-(Curtains)-(LINEN-CURTAIN-52x90-LINEN-2-PCS)-(90 inch curtains),campaign,D-LC-SP-PHRASE-RAN-DO-(Curtains)-(LINEN-CURTAIN-52x90-LINEN-2-PCS)-(90 inch curtains),,state,,paused,enabled,spend_wk,campaign,,,2026-09-15,,,,,,
L0230,ok,net-negative pause,D-LC-SP-EXACT-RAN-DO-(Linen|Curtains|Blackout)-(LINEN-CURTAIN-52x90-BEIGE-2-PCS)-(linen blackout curtain),campaign,D-LC-SP-EXACT-RAN-DO-(Linen|Curtains|Blackout)-(LINEN-CURTAIN-52x90-BEIGE-2-PCS)-(linen blackout curtain),,state,,paused,enabled,spend_wk,campaign,,,2026-09-15,,,,,,
L0231,ok,net-negative pause,D-LC-SP-EXACT-RAN-DO-(Curtains|Blackout)-(LINEN-CURTAIN-52x90-BEIGE-2-PCS)-(beige curtains blackout),campaign,D-LC-SP-EXACT-RAN-DO-(Curtains|Blackout)-(LINEN-CURTAIN-52x90-BEIGE-2-PCS)-(beige curtains blackout),,state,,paused,enabled,spend_wk,campaign,,,2026-09-15,,,,,,
L0232,ok,net-negative pause,D-LC-SP-black out curtains 84 inch long-(Blackout)-VHSV-Exact-Conv-DO-LINEN-CURTAIN-52x84-BEIGE-2-PCS,campaign,D-LC-SP-black out curtains 84 inch long-(Blackout)-VHSV-Exact-Conv-DO-LINEN-CURTAIN-52x84-BEIGE-2-PCS,,state,,paused,enabled,spend_wk,campaign,,,2026-09-15,,,,,,
L0233,ok,net-negative pause,D-LC-SP-EXACT-RAN-DO-(Curtains|Blackout)-(LINEN-CURTAIN-52x90-BEIGE-2-PCS)-(52 x 90 blackout curtains),campaign,D-LC-SP-EXACT-RAN-DO-(Curtains|Blackout)-(LINEN-CURTAIN-52x90-BEIGE-2-PCS)-(52 x 90 blackout curtains),,state,,paused,enabled,spend_wk,campaign,,,2026-09-15,,,,,,
L0234,ok,net-negative pause,D-LC-SP-EXACT-RAN-DO-(Curtains|Blackout)-(LINEN-CURTAIN-52x90-BEIGE-2-PCS)-(90 blackout curtains),campaign,D-LC-SP-EXACT-RAN-DO-(Curtains|Blackout)-(LINEN-CURTAIN-52x90-BEIGE-2-PCS)-(90 blackout curtains),,state,,paused,enabled,spend_wk,campaign,,,2026-09-15,,,,,,
L0235,ok,net-negative pause,D-LC-SP-greige blackout curtains-(Blackout)-HSV-Exact-Conv-DO-LINEN-CURTAIN-52x84-LIGHT-BEIGE-2-PCS,campaign,D-LC-SP-greige blackout curtains-(Blackout)-HSV-Exact-Conv-DO-LINEN-CURTAIN-52x84-LIGHT-BEIGE-2-PCS,,state,,paused,enabled,spend_wk,campaign,,,2026-09-15,,,,,,
L0236,ok,net-negative pause,D-LC-SP-black out curtains 120 inches long-(Blackout)-MSV-Exact-Conv-DO-LINEN-CURTAIN-52x120-LINEN-2-PCS,campaign,D-LC-SP-black out curtains 120 inches long-(Blackout)-MSV-Exact-Conv-DO-LINEN-CURTAIN-52x120-LINEN-2-PCS,,state,,paused,enabled,spend_wk,campaign,,,2026-09-15,,,,,,
L0237,ok,net-negative pause,D-LC-SP-EXACT-RAN-DO-(Curtains|Blackout|Living Room)-(52x90-BEIGE-2-PCS)-(thermal insulated blackout curtains for living room),campaign,D-LC-SP-EXACT-RAN-DO-(Curtains|Blackout|Living Room)-(52x90-BEIGE-2-PCS)-(thermal insulated blackout curtains for living room),,state,,paused,enabled,spend_wk,campaign,,,2026-09-15,,,,,,
L0238,ok,net-negative pause,D-LC-SP-EXACT-RAN-DO-(Curtains|Blackout)-(LINEN-CURTAIN-52x90-BEIGE-2-PCS)-(window curtains blackout),campaign,D-LC-SP-EXACT-RAN-DO-(Curtains|Blackout)-(LINEN-CURTAIN-52x90-BEIGE-2-PCS)-(window curtains blackout),,state,,paused,enabled,spend_wk,campaign,,,2026-09-15,,,,,,
L0239,ok,net-negative pause,D-LC-SP-EXACT-RAN-DO-(Curtains|Blackout)-(LINEN-CURTAIN-52x90-BEIGE-2-PCS)-(blackout curtains beige),campaign,D-LC-SP-EXACT-RAN-DO-(Curtains|Blackout)-(LINEN-CURTAIN-52x90-BEIGE-2-PCS)-(blackout curtains beige),,state,,paused,enabled,spend_wk,campaign,,,2026-09-15,,,,,,
L0240,ok,net-negative pause,D-LC-SP-EXACT-RAN-DO-(Curtains|Blackout|Living Room)-(LINEN-CURTAIN-52x90-BEIGE-2-PCS)-(blackout curtains for living room),campaign,D-LC-SP-EXACT-RAN-DO-(Curtains|Blackout|Living Room)-(LINEN-CURTAIN-52x90-BEIGE-2-PCS)-(blackout curtains for living room),,state,,paused,enabled,spend_wk,campaign,,,2026-09-15,,,,,,
L0241,ok,net-negative pause,D-LC-SP-PHRASE-RAN-DO-(Linen|Curtains)-(LINEN-CURTAIN-52x90-BEIGE-2-PCS)-(beige linen curtains),campaign,D-LC-SP-PHRASE-RAN-DO-(Linen|Curtains)-(LINEN-CURTAIN-52x90-BEIGE-2-PCS)-(beige linen curtains),,state,,paused,enabled,spend_wk,campaign,,,2026-09-15,,,,,,
L0242,ok,net-negative pause,D-LC-SP-PHRASE-RAN-DO-(Curtains|Blackout)-(LINEN-CURTAIN-52x90-BEIGE-2-PCS)-(blackout curtains beige),campaign,D-LC-SP-PHRASE-RAN-DO-(Curtains|Blackout)-(LINEN-CURTAIN-52x90-BEIGE-2-PCS)-(blackout curtains beige),,state,,paused,enabled,spend_wk,campaign,,,2026-09-15,,,,,,
L0243,ok,net-negative pause,D-LC-SP-EXACT-RAN-DO-(Curtains|Blackout)-(LINEN-CURTAIN-52x90-BEIGE-2-PCS)-(complete blackout curtains),campaign,D-LC-SP-EXACT-RAN-DO-(Curtains|Blackout)-(LINEN-CURTAIN-52x90-BEIGE-2-PCS)-(complete blackout curtains),,state,,paused,enabled,spend_wk,campaign,,,2026-09-15,,,,,,
L0244,ok,net-negative pause,D-LC-SP-EXACT-RAN-DO-(Curtains|Blackout|Bedroom)-(LINEN-CURTAIN-52x90-BEIGE-2-PCS)-(bedroom blackout curtains),campaign,D-LC-SP-EXACT-RAN-DO-(Curtains|Blackout|Bedroom)-(LINEN-CURTAIN-52x90-BEIGE-2-PCS)-(bedroom blackout curtains),,state,,paused,enabled,spend_wk,campaign,,,2026-09-15,,,,,,
L0245,ok,net-negative pause,D-LC-SP-EXACT-RAN-DO-(Curtains|Blackout|Living Room)-(LINEN-CURTAIN-52x90-BEIGE-2-PCS)-(blackout curtains living room),campaign,D-LC-SP-EXACT-RAN-DO-(Curtains|Blackout|Living Room)-(LINEN-CURTAIN-52x90-BEIGE-2-PCS)-(blackout curtains living room),,state,,paused,enabled,spend_wk,campaign,,,2026-09-15,,,,,,
L0246,ok,net-negative pause,D-LC-SP-EXACT-RAN-DO-(Linen|Curtains|Blackout)-(LINEN-CURTAIN-52x90-BEIGE-2-PCS)-(blackout lined linen curtains),campaign,D-LC-SP-EXACT-RAN-DO-(Linen|Curtains|Blackout)-(LINEN-CURTAIN-52x90-BEIGE-2-PCS)-(blackout lined linen curtains),,state,,paused,enabled,spend_wk,campaign,,,2026-09-15,,,,,,
L0247,ok,net-negative pause,D-LC-SP-black out curtains 90 inch long-(Blackout)-HSV-Exact-Conv-DO-LINEN-CURTAIN-52x90-LIGHT-GREY-2-PCS,campaign,D-LC-SP-black out curtains 90 inch long-(Blackout)-HSV-Exact-Conv-DO-LINEN-CURTAIN-52x90-LIGHT-GREY-2-PCS,,state,,paused,enabled,spend_wk,campaign,,,2026-09-15,,,,,,
L0248,ok,net-negative pause,D-LC-SP-EXACT-RAN-DO-(Curtains|Blackout|Bedroom)-(52x90-BEIGE-2-PCS)-(thermal insulated blackout curtains for bedroom),campaign,D-LC-SP-EXACT-RAN-DO-(Curtains|Blackout|Bedroom)-(52x90-BEIGE-2-PCS)-(thermal insulated blackout curtains for bedroom),,state,,paused,enabled,spend_wk,campaign,,,2026-09-15,,,,,,
L0249,ok,net-negative pause,D-LC-SP-EXACT-RAN-DO-(Curtains|Blackout|Bedroom)-(LINEN-CURTAIN-52x90-BEIGE-2-PCS)-(neutral blackout curtains for bedroom),campaign,D-LC-SP-EXACT-RAN-DO-(Curtains|Blackout|Bedroom)-(LINEN-CURTAIN-52x90-BEIGE-2-PCS)-(neutral blackout curtains for bedroom),,state,,paused,enabled,spend_wk,campaign,,,2026-09-15,,,,,,
L0250,ok,net-negative pause,D-LC-SP-EXACT-RAN-DO-(Linen|Curtains|Blackout|Bedroom)-(LINEN-CURTAIN-52x90-BEIGE-2-PCS)-(linen blackout curtains for bedroom),campaign,D-LC-SP-EXACT-RAN-DO-(Linen|Curtains|Blackout|Bedroom)-(LINEN-CURTAIN-52x90-BEIGE-2-PCS)-(linen blackout curtains for bedroom),,state,,paused,enabled,spend_wk,campaign,,,2026-09-15,,,,,,
L0251,ok,net-negative pause,D-LC-SP-EXACT-RAN-DO-(Linen|Curtains|Blackout)-(LINEN-CURTAIN-52x90-BEIGE-2-PCS)-(blackout curtain linen),campaign,D-LC-SP-EXACT-RAN-DO-(Linen|Curtains|Blackout)-(LINEN-CURTAIN-52x90-BEIGE-2-PCS)-(blackout curtain linen),,state,,paused,enabled,spend_wk,campaign,,,2026-09-15,,,,,,
L0252,ok,net-negative pause,D-LC-SP-EXACT-RAN-DO-(Curtains|Blackout)-(LINEN-CURTAIN-52x90-BEIGE-2-PCS)-(90 inch curtains blackout),campaign,D-LC-SP-EXACT-RAN-DO-(Curtains|Blackout)-(LINEN-CURTAIN-52x90-BEIGE-2-PCS)-(90 inch curtains blackout),,state,,paused,enabled,spend_wk,campaign,,,2026-09-15,,,,,,
L0253,ok,net-negative pause,D-LC-SP-room darkening curtains 84 inches long-(Blackout)-HSV-Exact-Conv-DO-LINEN-CURTAIN-52x84-BEIGE-2-PCS,campaign,D-LC-SP-room darkening curtains 84 inches long-(Blackout)-HSV-Exact-Conv-DO-LINEN-CURTAIN-52x84-BEIGE-2-PCS,,state,,paused,enabled,spend_wk,campaign,,,2026-09-15,,,,,,
L0254,ok,net-negative pause,D-LC-SP-EXACT-RAN-DO-(Curtains|Blackout)-(LINEN-CURTAIN-52x90-BEIGE-2-PCS)-(blackout curtains 2 panel set),campaign,D-LC-SP-EXACT-RAN-DO-(Curtains|Blackout)-(LINEN-CURTAIN-52x90-BEIGE-2-PCS)-(blackout curtains 2 panel set),,state,,paused,enabled,spend_wk,campaign,,,2026-09-15,,,,,,
L0255,ok,net-negative pause,D-LC-SP-off white blackout curtains-(Blackout)-HSV-Exact-Conv-DO-LINEN-CURTAIN-52x84-IVORY-2-PCS,campaign,D-LC-SP-off white blackout curtains-(Blackout)-HSV-Exact-Conv-DO-LINEN-CURTAIN-52x84-IVORY-2-PCS,,state,,paused,enabled,spend_wk,campaign,,,2026-09-15,,,,,,
L0256,ok,net-negative pause,D-LC-SP-beige linen curtains-(Linen)-HSV-Exact-Conv-DO-LINEN-CURTAIN-52x84-BEIGE-2-PCS,campaign,D-LC-SP-beige linen curtains-(Linen)-HSV-Exact-Conv-DO-LINEN-CURTAIN-52x84-BEIGE-2-PCS,,state,,paused,enabled,spend_wk,campaign,,,2026-09-15,,,,,,
L0257,ok,net-negative pause,D-LC-SP-EXACT-RAN-DO-(Curtains|Blackout)-(LINEN-CURTAIN-52x90-BEIGE-2-PCS)-(beige blackout curtains),campaign,D-LC-SP-EXACT-RAN-DO-(Curtains|Blackout)-(LINEN-CURTAIN-52x90-BEIGE-2-PCS)-(beige blackout curtains),,state,,paused,enabled,spend_wk,campaign,,,2026-09-15,,,,,,
L0258,ok,net-negative pause,D-LC-SP-PHRASE-RAN-DO-(Curtains|Blackout)-(LINEN-CURTAIN-52x90-BEIGE-2-PCS)-(beige curtains blackout),campaign,D-LC-SP-PHRASE-RAN-DO-(Curtains|Blackout)-(LINEN-CURTAIN-52x90-BEIGE-2-PCS)-(beige curtains blackout),,state,,paused,enabled,spend_wk,campaign,,,2026-09-15,,,,,,
L0259,ok,net-negative pause,D-LC-SP-EXACT-RAN-DO-(Curtains|Blackout)-(LINEN-CURTAIN-52x90-BEIGE-2-PCS)-(90 blackout curtains 2 panel set),campaign,D-LC-SP-EXACT-RAN-DO-(Curtains|Blackout)-(LINEN-CURTAIN-52x90-BEIGE-2-PCS)-(90 blackout curtains 2 panel set),,state,,paused,enabled,spend_wk,campaign,,,2026-09-15,,,,,,
L0260,ok,net-negative pause,D-LC-SP-EXACT-RAN-DO-(Curtains|Blackout)-(LINEN-CURTAIN-52x84-BEIGE-2-PCS)-(beige blackout curtains 84 inches long),campaign,D-LC-SP-EXACT-RAN-DO-(Curtains|Blackout)-(LINEN-CURTAIN-52x84-BEIGE-2-PCS)-(beige blackout curtains 84 inches long),,state,,paused,enabled,spend_wk,campaign,,,2026-09-15,,,,,,
L0261,ok,net-negative pause,D-LC-SP-linen curtains 120 inches long-(Linen)-LSV-Exact-Conv-DO-LINEN-CURTAIN-52x120-LINEN-2-PCS,campaign,D-LC-SP-linen curtains 120 inches long-(Linen)-LSV-Exact-Conv-DO-LINEN-CURTAIN-52x120-LINEN-2-PCS,,state,,paused,enabled,spend_wk,campaign,,,2026-09-15,,,,,,
L0262,ok,net-negative pause,D-LC-SP-EXACT-RAN-DO-(Curtains|Blackout)-(LINEN-CURTAIN-52x90-BEIGE-2-PCS)-(wide panel blackout curtains 52 inch),campaign,D-LC-SP-EXACT-RAN-DO-(Curtains|Blackout)-(LINEN-CURTAIN-52x90-BEIGE-2-PCS)-(wide panel blackout curtains 52 inch),,state,,paused,enabled,spend_wk,campaign,,,2026-09-15,,,,,,
L0263,ok,net-negative pause,D-LC-SP-EXACT-RAN-DO-(Curtains|Blackout)-(LINEN-CURTAIN-52x90-BEIGE-2-PCS)-(long blackout curtains),campaign,D-LC-SP-EXACT-RAN-DO-(Curtains|Blackout)-(LINEN-CURTAIN-52x90-BEIGE-2-PCS)-(long blackout curtains),,state,,paused,enabled,spend_wk,campaign,,,2026-09-15,,,,,,
L0264,ok,net-negative pause,D-LC-SP-blackout curtains 120-(Blackout)-LSV-Exact-Conv-DO-LINEN-CURTAIN-52x120-LINEN-2-PCS,campaign,D-LC-SP-blackout curtains 120-(Blackout)-LSV-Exact-Conv-DO-LINEN-CURTAIN-52x120-LINEN-2-PCS,,state,,paused,enabled,spend_wk,campaign,,,2026-09-15,,,,,,
L0265,ok,net-negative pause,D-LC-SP-120 inch linen curtains-(Linen)-MSV-Exact-Conv-DO-LINEN-CURTAIN-52x120-LINEN-2-PCS,campaign,D-LC-SP-120 inch linen curtains-(Linen)-MSV-Exact-Conv-DO-LINEN-CURTAIN-52x120-LINEN-2-PCS,,state,,paused,enabled,spend_wk,campaign,,,2026-09-15,,,,,,
L0266,ok,net-negative pause,D-LC-SP-EXACT-RAN-DO-(Curtains|Blackout)-(LINEN-CURTAIN-52x90-BEIGE-2-PCS)-(curtains blackout 90 inches long),campaign,D-LC-SP-EXACT-RAN-DO-(Curtains|Blackout)-(LINEN-CURTAIN-52x90-BEIGE-2-PCS)-(curtains blackout 90 inches long),,state,,paused,enabled,spend_wk,campaign,,,2026-09-15,,,,,,
L0267,ok,net-negative pause,D-LC-SP-EXACT-RAN-DO-(Curtains|Blackout)-(LINEN-CURTAIN-52x90-BEIGE-2-PCS)-(luxury blackout curtains),campaign,D-LC-SP-EXACT-RAN-DO-(Curtains|Blackout)-(LINEN-CURTAIN-52x90-BEIGE-2-PCS)-(luxury blackout curtains),,state,,paused,enabled,spend_wk,campaign,,,2026-09-15,,,,,,
L0268,ok,net-negative pause,D-LC-SP-PHRASE-RAN-DO-(Curtains|Blackout)-(LINEN-CURTAIN-52x90-BEIGE-2-PCS)-(blackout beige curtains),campaign,D-LC-SP-PHRASE-RAN-DO-(Curtains|Blackout)-(LINEN-CURTAIN-52x90-BEIGE-2-PCS)-(blackout beige curtains),,state,,paused,enabled,spend_wk,campaign,,,2026-09-15,,,,,,
L0269,ok,net-negative pause,D-LC-SP-EXACT-RAN-DO-(Curtains|Blackout|Bedroom)-(LINEN-CURTAIN-52x90-BEIGE-2-PCS)-(curtain blackout bedroom),campaign,D-LC-SP-EXACT-RAN-DO-(Curtains|Blackout|Bedroom)-(LINEN-CURTAIN-52x90-BEIGE-2-PCS)-(curtain blackout bedroom),,state,,paused,enabled,spend_wk,campaign,,,2026-09-15,,,,,,
L0270,ok,net-negative pause,D-LC-SP-EXACT-RAN-DO-(Curtains|Blackout|Living Room)-(LINEN-CURTAIN-52x90-BEIGE-2-PCS)-(living room curtains blackout),campaign,D-LC-SP-EXACT-RAN-DO-(Curtains|Blackout|Living Room)-(LINEN-CURTAIN-52x90-BEIGE-2-PCS)-(living room curtains blackout),,state,,paused,enabled,spend_wk,campaign,,,2026-09-15,,,,,,
L0271,ok,net-negative pause,D-LC-SP-EXACT-RAN-DO-(Curtains|Blackout|Bedroom)-(LINEN-CURTAIN-52x90-BEIGE-2-PCS)-(long blackout curtains for bedroom),campaign,D-LC-SP-EXACT-RAN-DO-(Curtains|Blackout|Bedroom)-(LINEN-CURTAIN-52x90-BEIGE-2-PCS)-(long blackout curtains for bedroom),,state,,paused,enabled,spend_wk,campaign,,,2026-09-15,,,,,,
L0272,ok,net-negative pause,D-LC-SP-EXACT-RAN-DO-(Curtains|Blackout)-(LINEN-CURTAIN-52x90-BEIGE-2-PCS)-(blackout curtains with rings),campaign,D-LC-SP-EXACT-RAN-DO-(Curtains|Blackout)-(LINEN-CURTAIN-52x90-BEIGE-2-PCS)-(blackout curtains with rings),,state,,paused,enabled,spend_wk,campaign,,,2026-09-15,,,,,,
L0273,ok,net-negative pause,D-LC-SP-EXACT-RAN-DO-(Curtains|Blackout|Bedroom)-(LINEN-CURTAIN-52x90-BEIGE-2-PCS)-(bedroom curtains 2 panel sets blackout),campaign,D-LC-SP-EXACT-RAN-DO-(Curtains|Blackout|Bedroom)-(LINEN-CURTAIN-52x90-BEIGE-2-PCS)-(bedroom curtains 2 panel sets blackout),,state,,paused,enabled,spend_wk,campaign,,,2026-09-15,,,,,,
L0274,ok,net-negative pause,D-LC-SP-EXACT-RAN-DO-(Linen|Curtains|Blackout)-(LINEN-CURTAIN-52x90-BEIGE-2-PCS)-(flax linen blackout curtains),campaign,D-LC-SP-EXACT-RAN-DO-(Linen|Curtains|Blackout)-(LINEN-CURTAIN-52x90-BEIGE-2-PCS)-(flax linen blackout curtains),,state,,paused,enabled,spend_wk,campaign,,,2026-09-15,,,,,,
L0275,ok,net-negative pause,D-LC-SP-black out drapes 84 inch length 2 panels set-(Blackout)-MSV-Exact-Conv-DO-LINEN-CURTAIN-52x84-BEIGE-2-PCS,campaign,D-LC-SP-black out drapes 84 inch length 2 panels set-(Blackout)-MSV-Exact-Conv-DO-LINEN-CURTAIN-52x84-BEIGE-2-PCS,,state,,paused,enabled,spend_wk,campaign,,,2026-09-15,,,,,,
L0276,ok,net-negative pause,D-LC-SP-EXACT-RAN-DO-(Curtains|Blackout)-(LINEN-CURTAIN-52x90-BEIGE-2-PCS)-(sun blackout curtains),campaign,D-LC-SP-EXACT-RAN-DO-(Curtains|Blackout)-(LINEN-CURTAIN-52x90-BEIGE-2-PCS)-(sun blackout curtains),,state,,paused,enabled,spend_wk,campaign,,,2026-09-15,,,,,,
L0277,ok,net-negative pause,D-LC-SP-EXACT-RAN-DO-(Curtains|Blackout)-(LINEN-CURTAIN-52x90-BEIGE-2-PCS)-(neutral blackout curtains),campaign,D-LC-SP-EXACT-RAN-DO-(Curtains|Blackout)-(LINEN-CURTAIN-52x90-BEIGE-2-PCS)-(neutral blackout curtains),,state,,paused,enabled,spend_wk,campaign,,,2026-09-15,,,,,,
L0278,ok,net-negative pause,D-LC-SP-EXACT-RAN-DO-(Curtains|Blackout)-(LINEN-CURTAIN-52x90-BEIGE-2-PCS)-(blackout curtains 2 panels),campaign,D-LC-SP-EXACT-RAN-DO-(Curtains|Blackout)-(LINEN-CURTAIN-52x90-BEIGE-2-PCS)-(blackout curtains 2 panels),,state,,paused,enabled,spend_wk,campaign,,,2026-09-15,,,,,,
L0279,ok,net-negative pause,D-LC-SP-EXACT-RAN-DO-(Curtains|Blackout)-(LINEN-CURTAIN-52x90-BEIGE-2-PCS)-(farmhouse curtains blackout),campaign,D-LC-SP-EXACT-RAN-DO-(Curtains|Blackout)-(LINEN-CURTAIN-52x90-BEIGE-2-PCS)-(farmhouse curtains blackout),,state,,paused,enabled,spend_wk,campaign,,,2026-09-15,,,,,,
L0280,ok,net-negative pause,D-LC-SP-EXACT-RAN-DO-(Curtains|Blackout|Bedroom)-(LINEN-CURTAIN-52x90-BEIGE-2-PCS)-(blackout curtains 2 panel bedroom),campaign,D-LC-SP-EXACT-RAN-DO-(Curtains|Blackout|Bedroom)-(LINEN-CURTAIN-52x90-BEIGE-2-PCS)-(blackout curtains 2 panel bedroom),,state,,paused,enabled,spend_wk,campaign,,,2026-09-15,,,,,,
L0281,ok,net-negative pause,D-LC-SP-EXACT-RAN-DO-(Curtains|Blackout)-(LINEN-CURTAIN-52x90-BEIGE-2-PCS)-(cottage core blackout curtains),campaign,D-LC-SP-EXACT-RAN-DO-(Curtains|Blackout)-(LINEN-CURTAIN-52x90-BEIGE-2-PCS)-(cottage core blackout curtains),,state,,paused,enabled,spend_wk,campaign,,,2026-09-15,,,,,,
L0282,ok,net-negative pause,D-LC-SP-EXACT-RAN-DO-(Curtains|Blackout)-(LINEN-CURTAIN-52x90-BEIGE-2-PCS)-(true blackout curtains no light),campaign,D-LC-SP-EXACT-RAN-DO-(Curtains|Blackout)-(LINEN-CURTAIN-52x90-BEIGE-2-PCS)-(true blackout curtains no light),,state,,paused,enabled,spend_wk,campaign,,,2026-09-15,,,,,,
L0283,ok,net-negative pause,D-LC-SP-EXACT-RAN-DO-(Curtains|Blackout)-(LINEN-CURTAIN-52x90-BEIGE-2-PCS)-(90 inch blackout curtains 2 panel set),campaign,D-LC-SP-EXACT-RAN-DO-(Curtains|Blackout)-(LINEN-CURTAIN-52x90-BEIGE-2-PCS)-(90 inch blackout curtains 2 panel set),,state,,paused,enabled,spend_wk,campaign,,,2026-09-15,,,,,,
L0284,ok,net-negative pause,D-LC-SP-EXACT-RAN-DO-(Curtains|Blackout)-(LINEN-CURTAIN-52x90-BEIGE-2-PCS)-(blackout curtain panels),campaign,D-LC-SP-EXACT-RAN-DO-(Curtains|Blackout)-(LINEN-CURTAIN-52x90-BEIGE-2-PCS)-(blackout curtain panels),,state,,paused,enabled,spend_wk,campaign,,,2026-09-15,,,,,,
L0285,ok,net-negative pause,D-LC-SP-EXACT-RAN-DO-(Curtains|Blackout)-(LINEN-CURTAIN-52x90-BEIGE-2-PCS)-(2 panel blackout curtains),campaign,D-LC-SP-EXACT-RAN-DO-(Curtains|Blackout)-(LINEN-CURTAIN-52x90-BEIGE-2-PCS)-(2 panel blackout curtains),,state,,paused,enabled,spend_wk,campaign,,,2026-09-15,,,,,,
L0286,ok,net-negative pause,D-LC-SP-EXACT-RAN-DO-(Curtains|Blackout)-(LINEN-CURTAIN-52x90-BEIGE-2-PCS)-(light colored blackout curtains),campaign,D-LC-SP-EXACT-RAN-DO-(Curtains|Blackout)-(LINEN-CURTAIN-52x90-BEIGE-2-PCS)-(light colored blackout curtains),,state,,paused,enabled,spend_wk,campaign,,,2026-09-15,,,,,,
L0287,ok,net-negative pause,D-LC-SP-EXACT-RAN-DO-(Curtains|Blackout)-(LINEN-CURTAIN-52x90-BEIGE-2-PCS)-(blackout beige curtains),campaign,D-LC-SP-EXACT-RAN-DO-(Curtains|Blackout)-(LINEN-CURTAIN-52x90-BEIGE-2-PCS)-(blackout beige curtains),,state,,paused,enabled,spend_wk,campaign,,,2026-09-15,,,,,,
L0288,ok,net-negative pause,D-LC-SP-EXACT-RAN-DO-(Curtains|Blackout)-(LINEN-CURTAIN-52x90-BEIGE-2-PCS)-(blackout curtains for window),campaign,D-LC-SP-EXACT-RAN-DO-(Curtains|Blackout)-(LINEN-CURTAIN-52x90-BEIGE-2-PCS)-(blackout curtains for window),,state,,paused,enabled,spend_wk,campaign,,,2026-09-15,,,,,,
L0289,ok,net-negative pause,D-LC-SP-EXACT-RAN-DO-(Curtains|Blackout)-(LINEN-CURTAIN-52x90-BEIGE-2-PCS)-(machine washable blackout curtains),campaign,D-LC-SP-EXACT-RAN-DO-(Curtains|Blackout)-(LINEN-CURTAIN-52x90-BEIGE-2-PCS)-(machine washable blackout curtains),,state,,paused,enabled,spend_wk,campaign,,,2026-09-15,,,,,,
L0290,ok,net-negative pause,D-LC-SP-EXACT-RAN-DO-(Curtains|Blackout)-(LINEN-CURTAIN-52x90-BEIGE-2-PCS)-(blackout curtains farmhouse style),campaign,D-LC-SP-EXACT-RAN-DO-(Curtains|Blackout)-(LINEN-CURTAIN-52x90-BEIGE-2-PCS)-(blackout curtains farmhouse style),,state,,paused,enabled,spend_wk,campaign,,,2026-09-15,,,,,,
L0291,ok,net-negative pause,D-LC-SP-EXACT-RAN-DO-(Curtains|Blackout)-(LINEN-CURTAIN-52x90-BEIGE-2-PCS)-(farmhouse blackout curtains),campaign,D-LC-SP-EXACT-RAN-DO-(Curtains|Blackout)-(LINEN-CURTAIN-52x90-BEIGE-2-PCS)-(farmhouse blackout curtains),,state,,paused,enabled,spend_wk,campaign,,,2026-09-15,,,,,,
L0292,ok,net-negative pause,D-LC-SP-EXACT-RAN-DO-(Curtains|Blackout)-(LINEN-CURTAIN-52x63-BEIGE-2-PCS)-(beige blackout curtains 63 inch length),campaign,D-LC-SP-EXACT-RAN-DO-(Curtains|Blackout)-(LINEN-CURTAIN-52x63-BEIGE-2-PCS)-(beige blackout curtains 63 inch length),,state,,paused,enabled,spend_wk,campaign,,,2026-09-15,,,,,,
L0293,ok,net-negative pause,D-LC-SP-EXACT-RAN-DO-(Curtains|Blackout|Bedroom)-(LINEN-CURTAIN-52x90-BEIGE-2-PCS)-(beige blackout curtains for bedroom),campaign,D-LC-SP-EXACT-RAN-DO-(Curtains|Blackout|Bedroom)-(LINEN-CURTAIN-52x90-BEIGE-2-PCS)-(beige blackout curtains for bedroom),,state,,paused,enabled,spend_wk,campaign,,,2026-09-15,,,,,,
L0294,ok,net-negative pause,D-LC-SP-EXACT-RAN-DO-(Curtains|Blackout|Living Room)-(52x90-BEIGE-2-PCS)-(farmhouse blackout curtains for living room),campaign,D-LC-SP-EXACT-RAN-DO-(Curtains|Blackout|Living Room)-(52x90-BEIGE-2-PCS)-(farmhouse blackout curtains for living room),,state,,paused,enabled,spend_wk,campaign,,,2026-09-15,,,,,,
L0295,ok,net-negative pause,D-LC-SP-EXACT-RAN-DO-(Curtains|Blackout)-(LINEN-CURTAIN-52x90-BEIGE-2-PCS)-(blackout curtains two panels),campaign,D-LC-SP-EXACT-RAN-DO-(Curtains|Blackout)-(LINEN-CURTAIN-52x90-BEIGE-2-PCS)-(blackout curtains two panels),,state,,paused,enabled,spend_wk,campaign,,,2026-09-15,,,,,,
L0296,ok,net-negative pause,D-LC-SP-EXACT-RAN-DO-(Curtains|Blackout)-(LINEN-CURTAIN-52x90-BEIGE-2-PCS)-(light blackout curtains),campaign,D-LC-SP-EXACT-RAN-DO-(Curtains|Blackout)-(LINEN-CURTAIN-52x90-BEIGE-2-PCS)-(light blackout curtains),,state,,paused,enabled,spend_wk,campaign,,,2026-09-15,,,,,,
L0297,ok,net-negative pause,D-LC-SP-white blackout curtains 63 inch length-(Blackout)-MSV-Exact-Conv-DO-LINEN-CURTAIN-52x63-IVORY-2-PCS,campaign,D-LC-SP-white blackout curtains 63 inch length-(Blackout)-MSV-Exact-Conv-DO-LINEN-CURTAIN-52x63-IVORY-2-PCS,,state,,paused,enabled,spend_wk,campaign,,,2026-09-15,,,,,,
L0298,ok,refund watch budget cut,D-LC-SP-EXACT-RAN-DO-(Curtains|Blackout)-(LINEN-CURTAIN-52x108-IVORY-2-PCS)-(blackout curtains 108 inches long),campaign,D-LC-SP-EXACT-RAN-DO-(Curtains|Blackout)-(LINEN-CURTAIN-52x108-IVORY-2-PCS)-(blackout curtains 108 inches long),,daily_budget,,5.00,10.00,daily_budget,campaign,60.00,120.00,2026-09-15,,,"daily budget cap across these 12 campaigns falls from $120 to $60, bounding exposure at the $5.00 floor; delivered spend does not move, because utilisation was 1.5% and the cap was never binding",2026-09-22,"if a FLOOR SKU drops below 5 units a week, restore its campaigns to the prior budget rather than raising bids","18 FLOOR-tier SKUs refund at 25.0-30.0%, an effective $17.21-$17.75 per unit cleared against the $19.69 ceiling — marginal rather than loss-making. Kept live at a bounded budget rather than paused, and not scaled until the colour fix lands. Corrected 8 September: the decided file cut all 73 to $3.00, below the $5.00 floor and with no override stated. The 61 campaigns already at $5.00 are dropped from the plan — their cap already bounds them and a cut that was never reached releases $0.00."
L0299,ok,refund watch budget cut,D-LC-SP-EXACT-RAN-DO-(Linen|Curtains|Blackout)-(LINEN-CURTAIN-52x108-IVORY-2-PCS)-(linen blackout curtains 108 inches long),campaign,D-LC-SP-EXACT-RAN-DO-(Linen|Curtains|Blackout)-(LINEN-CURTAIN-52x108-IVORY-2-PCS)-(linen blackout curtains 108 inches long),,daily_budget,,5.00,10.00,daily_budget,campaign,,,2026-09-15,,,,,,
L0300,ok,refund watch budget cut,DLC - SP - phrase-DO- LINEN-CURTAIN-52x84-G,campaign,DLC - SP - phrase-DO- LINEN-CURTAIN-52x84-G,,daily_budget,,5.00,10.00,daily_budget,campaign,,,2026-09-15,,,,,,
L0301,ok,refund watch budget cut,D-LC-SP-EXACT-RAN-DO-(Curtains|Blackout)-(LINEN-CURTAIN-52x63-LINEN-2-PCS)-(blackout curtains 60+ inches long),campaign,D-LC-SP-EXACT-RAN-DO-(Curtains|Blackout)-(LINEN-CURTAIN-52x63-LINEN-2-PCS)-(blackout curtains 60+ inches long),,daily_budget,,5.00,10.00,daily_budget,campaign,,,2026-09-15,,,,,,
L0302,ok,refund watch budget cut,D-LC-SP-EXACT-RAN-DO-(Curtains|Blackout)-(LINEN-CURTAIN-52x63-LINEN-2-PCS)-(63 inch blackout curtains),campaign,D-LC-SP-EXACT-RAN-DO-(Curtains|Blackout)-(LINEN-CURTAIN-52x63-LINEN-2-PCS)-(63 inch blackout curtains),,daily_budget,,5.00,10.00,daily_budget,campaign,,,2026-09-15,,,,,,
L0303,ok,refund watch budget cut,D-LC-SP-EXACT-RAN-DO-(Curtains|Blackout|Bedroom)-(52x63-LINEN-2-PCS)-(blackout curtains for bedroom 63 inches long),campaign,D-LC-SP-EXACT-RAN-DO-(Curtains|Blackout|Bedroom)-(52x63-LINEN-2-PCS)-(blackout curtains for bedroom 63 inches long),,daily_budget,,5.00,10.00,daily_budget,campaign,,,2026-09-15,,,,,,
L0304,ok,refund watch budget cut,D-LC-SP-EXACT-RAN-DO-(Curtains|Blackout)-(LINEN-CURTAIN-52x63-LINEN-2-PCS)-(blackout curtains 52x63),campaign,D-LC-SP-EXACT-RAN-DO-(Curtains|Blackout)-(LINEN-CURTAIN-52x63-LINEN-2-PCS)-(blackout curtains 52x63),,daily_budget,,5.00,10.00,daily_budget,campaign,,,2026-09-15,,,,,,
L0305,ok,refund watch budget cut,D-LC-SP-EXACT-RAN-DO-(Curtains|Blackout)-(LINEN-CURTAIN-52x63-LINEN-2-PCS)-(52 x 63 blackout curtains),campaign,D-LC-SP-EXACT-RAN-DO-(Curtains|Blackout)-(LINEN-CURTAIN-52x63-LINEN-2-PCS)-(52 x 63 blackout curtains),,daily_budget,,5.00,10.00,daily_budget,campaign,,,2026-09-15,,,,,,
L0306,ok,refund watch budget cut,D-LC-SP-EXACT-RAN-DO-(Curtains|Blackout)-(LINEN-CURTAIN-52x63-LINEN-2-PCS)-(52x63 blackout curtains 2 panels),campaign,D-LC-SP-EXACT-RAN-DO-(Curtains|Blackout)-(LINEN-CURTAIN-52x63-LINEN-2-PCS)-(52x63 blackout curtains 2 panels),,daily_budget,,5.00,10.00,daily_budget,campaign,,,2026-09-15,,,,,,
L0307,ok,refund watch budget cut,D-LC-SP-EXACT-RAN-DO-(Curtains|Blackout)-(LINEN-CURTAIN-52x63-LINEN-2-PCS)-(curtains blackout 63 inch length),campaign,D-LC-SP-EXACT-RAN-DO-(Curtains|Blackout)-(LINEN-CURTAIN-52x63-LINEN-2-PCS)-(curtains blackout 63 inch length),,daily_budget,,5.00,10.00,daily_budget,campaign,,,2026-09-15,,,,,,
L0308,ok,refund watch budget cut,D-LC-SP-EXACT-RAN-DO-(Curtains|Blackout)-(LINEN-CURTAIN-52x63-LINEN-2-PCS)-(blackout curtains 63),campaign,D-LC-SP-EXACT-RAN-DO-(Curtains|Blackout)-(LINEN-CURTAIN-52x63-LINEN-2-PCS)-(blackout curtains 63),,daily_budget,,5.00,10.00,daily_budget,campaign,,,2026-09-15,,,,,,
L0309,ok,refund watch budget cut,D-LC-SP-EXACT-RAN-DO-(Curtains|Blackout)-(LINEN-CURTAIN-52x63-LINEN-2-PCS)-(blackout curtains 63 inch length 2 panels set),campaign,D-LC-SP-EXACT-RAN-DO-(Curtains|Blackout)-(LINEN-CURTAIN-52x63-LINEN-2-PCS)-(blackout curtains 63 inch length 2 panels set),,daily_budget,,5.00,10.00,daily_budget,campaign,,,2026-09-15,,,,,,
L0310,ok,budget right-size,D-LC-SP-EXACT-RAN-DO-(Curtains|Blackout)-(LINEN-CURTAIN-52x108-IVORY-2-PCS)-(108 inch blackout curtains),campaign,D-LC-SP-EXACT-RAN-DO-(Curtains|Blackout)-(LINEN-CURTAIN-52x108-IVORY-2-PCS)-(108 inch blackout curtains),,daily_budget,,13.00,10.00,daily_budget,campaign,401.00,435.00,2026-09-15,,,"no change in delivered spend — portfolio budget utilisation was 1.5%, so these caps were never reached; the cap is squared to required budget so the number means something next cycle",2026-09-22,"if any of these campaigns runs out of budget before 6pm on two consecutive days, restore the prior cap and re-read","Budget right-sized to required budget on 12 FUND-tier SKUs (0-16.1% refunds). Utilisation across the portfolio was 1.5%, so budget was never the constraint — this squares the caps, it does not release spend."
L0311,ok,budget right-size,D-LC-SP-black out curtains 72 inch long-(Blackout)-VHSV-Exact-Conv-DO-LINEN-CURTAIN-52x72-LIGHT-BEIGE-2-PCS,campaign,D-LC-SP-black out curtains 72 inch long-(Blackout)-VHSV-Exact-Conv-DO-LINEN-CURTAIN-52x72-LIGHT-BEIGE-2-PCS,,daily_budget,,8.00,5.00,daily_budget,campaign,,,2026-09-15,,,,,,
L0312,ok,budget right-size,D-LC-SP-BROAD-RAN-DO-(Linen|Curtains|Blackout)-(LINEN-CURTAIN-52x84-LIGHT-BEIGE-2-PCS)-(blackout linen curtains 84 inch long),campaign,D-LC-SP-BROAD-RAN-DO-(Linen|Curtains|Blackout)-(LINEN-CURTAIN-52x84-LIGHT-BEIGE-2-PCS)-(blackout linen curtains 84 inch long),,daily_budget,,6.00,5.00,daily_budget,campaign,,,2026-09-15,,,,,,
L0313,ok,budget right-size,D-LC-SP-BROAD-RAN-DO-(Curtains|Blackout)-(LINEN-CURTAIN-52x84-IVORY-2-PCS)-(ivory curtains blackout),campaign,D-LC-SP-BROAD-RAN-DO-(Curtains|Blackout)-(LINEN-CURTAIN-52x84-IVORY-2-PCS)-(ivory curtains blackout),,daily_budget,,6.00,5.00,daily_budget,campaign,,,2026-09-15,,,,,,
L0314,ok,budget right-size,D-LC-SP-EXACT-RAN-DO-(Curtains|Blackout)-(LINEN-CURTAIN-52x72-LIGHT-BEIGE-2-PCS)-(72 inch blackout curtains),campaign,D-LC-SP-EXACT-RAN-DO-(Curtains|Blackout)-(LINEN-CURTAIN-52x72-LIGHT-BEIGE-2-PCS)-(72 inch blackout curtains),,daily_budget,,6.00,10.00,daily_budget,campaign,,,2026-09-15,,,,,,
L0315,ok,budget right-size,D-LC-SP-PHRASE-RAN-DO-(Curtains)-(LINEN-CURTAIN-52x108-IVORY-2-PCS)-(curtains 108 inch long),campaign,D-LC-SP-PHRASE-RAN-DO-(Curtains)-(LINEN-CURTAIN-52x108-IVORY-2-PCS)-(curtains 108 inch long),,daily_budget,,6.00,5.00,daily_budget,campaign,,,2026-09-15,,,,,,
L0316,ok,budget right-size,D-LC-SP-EXACT-RAN-DO-(Curtains|Blackout)-(LINEN-CURTAIN-52x72-LIGHT-BEIGE-2-PCS)-(blackout curtains 72 inches long),campaign,D-LC-SP-EXACT-RAN-DO-(Curtains|Blackout)-(LINEN-CURTAIN-52x72-LIGHT-BEIGE-2-PCS)-(blackout curtains 72 inches long),,daily_budget,,6.00,10.00,daily_budget,campaign,,,2026-09-15,,,,,,
L0317,ok,budget right-size,D-LC-SP-EXACT-RAN-DO-(Curtains|Blackout)-(LINEN-CURTAIN-52x108-IVORY-2-PCS)-(108 inch curtains blackout),campaign,D-LC-SP-EXACT-RAN-DO-(Curtains|Blackout)-(LINEN-CURTAIN-52x108-IVORY-2-PCS)-(108 inch curtains blackout),,daily_budget,,6.00,10.00,daily_budget,campaign,,,2026-09-15,,,,,,
L0318,ok,budget right-size,D-LC-SP-BROAD-RAN-DO-(Curtains|Blackout)-(LINEN-CURTAIN-52x90-LIGHT-BEIGE-2-PCS)-(light beige blackout curtains),campaign,D-LC-SP-BROAD-RAN-DO-(Curtains|Blackout)-(LINEN-CURTAIN-52x90-LIGHT-BEIGE-2-PCS)-(light beige blackout curtains),,daily_budget,,6.00,5.00,daily_budget,campaign,,,2026-09-15,,,,,,
L0319,ok,budget right-size,D-LC-SP-PHRASE-RAN-DO-(Curtains|Blackout)-(LINEN-CURTAIN-52x84-IVORY-2-PCS)-(ivory blackout curtains),campaign,D-LC-SP-PHRASE-RAN-DO-(Curtains|Blackout)-(LINEN-CURTAIN-52x84-IVORY-2-PCS)-(ivory blackout curtains),,daily_budget,,6.00,5.00,daily_budget,campaign,,,2026-09-15,,,,,,
L0320,ok,budget right-size,D-LC-SP-BROAD-RAN-DO-(Linen|Curtains)-(LINEN-CURTAIN-52x108-IVORY-2-PCS)-(linen curtains 108 inch long),campaign,D-LC-SP-BROAD-RAN-DO-(Linen|Curtains)-(LINEN-CURTAIN-52x108-IVORY-2-PCS)-(linen curtains 108 inch long),,daily_budget,,6.00,5.00,daily_budget,campaign,,,2026-09-15,,,,,,
L0321,ok,budget right-size,D-LC-SP-EXACT-RAN-DO-(Curtains|Blackout)-(LINEN-CURTAIN-52x72-LIGHT-BEIGE-2-PCS)-(52 x 72 blackout curtains),campaign,D-LC-SP-EXACT-RAN-DO-(Curtains|Blackout)-(LINEN-CURTAIN-52x72-LIGHT-BEIGE-2-PCS)-(52 x 72 blackout curtains),,daily_budget,,8.00,10.00,daily_budget,campaign,,,2026-09-15,,,,,,
L0322,ok,budget right-size,D-LC-SP-cream blackout curtains-(Blackout)-VHSV-Exact-Conv-DO-LINEN-CURTAIN-52x84-IVORY-2-PCS,campaign,D-LC-SP-cream blackout curtains-(Blackout)-VHSV-Exact-Conv-DO-LINEN-CURTAIN-52x84-IVORY-2-PCS,,daily_budget,,6.00,5.00,daily_budget,campaign,,,2026-09-15,,,,,,
L0323,ok,budget right-size,D-LC-SP-PHRASE-RAN-DO-(Linen|Curtains)-(LINEN-CURTAIN-52x84-IVORY-2-PCS)-(ivory linen curtains),campaign,D-LC-SP-PHRASE-RAN-DO-(Linen|Curtains)-(LINEN-CURTAIN-52x84-IVORY-2-PCS)-(ivory linen curtains),,daily_budget,,6.00,5.00,daily_budget,campaign,,,2026-09-15,,,,,,
L0324,ok,budget right-size,D-LC-SP-EXACT-RAN-DO-(Curtains|Blackout|Bedroom)-(52x72-LIGHT-BEIGE-2-PCS)-(blackout curtains for bedroom 72 inches long),campaign,D-LC-SP-EXACT-RAN-DO-(Curtains|Blackout|Bedroom)-(52x72-LIGHT-BEIGE-2-PCS)-(blackout curtains for bedroom 72 inches long),,daily_budget,,6.00,10.00,daily_budget,campaign,,,2026-09-15,,,,,,
L0325,ok,budget right-size,D-LC-SP-EXACT-RAN-DO-(Curtains|Blackout|Bedroom)-(52x108-IVORY-2-PCS)-(blackout curtains for bedroom 108 inches long),campaign,D-LC-SP-EXACT-RAN-DO-(Curtains|Blackout|Bedroom)-(52x108-IVORY-2-PCS)-(blackout curtains for bedroom 108 inches long),,daily_budget,,6.00,10.00,daily_budget,campaign,,,2026-09-15,,,,,,
L0326,ok,budget right-size,D-LC-SP-EXACT-RAN-DO-(Curtains|Blackout)-(LINEN-CURTAIN-52x72-LIGHT-BEIGE-2-PCS)-(72 blackout curtains),campaign,D-LC-SP-EXACT-RAN-DO-(Curtains|Blackout)-(LINEN-CURTAIN-52x72-LIGHT-BEIGE-2-PCS)-(72 blackout curtains),,daily_budget,,6.00,10.00,daily_budget,campaign,,,2026-09-15,,,,,,
L0327,ok,budget right-size,D-LC-SP-ivory black out curtains-(Blackout)-MSV-Exact-Conv-DO-LINEN-CURTAIN-52x84-IVORY-2-PCS,campaign,D-LC-SP-ivory black out curtains-(Blackout)-MSV-Exact-Conv-DO-LINEN-CURTAIN-52x84-IVORY-2-PCS,,daily_budget,,6.00,5.00,daily_budget,campaign,,,2026-09-15,,,,,,
L0328,ok,budget right-size,D-LC-SP-white blackout curtains 72 inches long-(Blackout)-LSV-Exact-Conv-DO-LINEN-CURTAIN-52x72-IVORY-2-PCS,campaign,D-LC-SP-white blackout curtains 72 inches long-(Blackout)-LSV-Exact-Conv-DO-LINEN-CURTAIN-52x72-IVORY-2-PCS,,daily_budget,,6.00,5.00,daily_budget,campaign,,,2026-09-15,,,,,,
L0329,ok,budget right-size,D-LC-SP-EXACT-RAN-DO-(Curtains|Blackout)-(LINEN-CURTAIN-52x72-LIGHT-BEIGE-2-PCS)-(blackout curtains 52x72),campaign,D-LC-SP-EXACT-RAN-DO-(Curtains|Blackout)-(LINEN-CURTAIN-52x72-LIGHT-BEIGE-2-PCS)-(blackout curtains 52x72),,daily_budget,,6.00,10.00,daily_budget,campaign,,,2026-09-15,,,,,,
L0330,ok,budget right-size,D-LC-SP-PHRASE-RAN-DO-(Linen|Curtains|Blackout)-(LINEN-CURTAIN-52x84-IVORY-2-PCS)-(ivory linen blackout curtains),campaign,D-LC-SP-PHRASE-RAN-DO-(Linen|Curtains|Blackout)-(LINEN-CURTAIN-52x84-IVORY-2-PCS)-(ivory linen blackout curtains),,daily_budget,,6.00,5.00,daily_budget,campaign,,,2026-09-15,,,,,,
L0331,ok,budget right-size,D-LC-SP-blackout curtain 72 inches long-(Blackout)-LSV-Exact-Conv-DO-LINEN-CURTAIN-52x72-LIGHT-BEIGE-2-PCS,campaign,D-LC-SP-blackout curtain 72 inches long-(Blackout)-LSV-Exact-Conv-DO-LINEN-CURTAIN-52x72-LIGHT-BEIGE-2-PCS,,daily_budget,,6.00,5.00,daily_budget,campaign,,,2026-09-15,,,,,,
L0332,ok,budget right-size,D-LC-SP-EXACT-RAN-DO-(Curtains|Blackout)-(LINEN-CURTAIN-52x72-LIGHT-BEIGE-2-PCS)-(72 inch curtains blackout),campaign,D-LC-SP-EXACT-RAN-DO-(Curtains|Blackout)-(LINEN-CURTAIN-52x72-LIGHT-BEIGE-2-PCS)-(72 inch curtains blackout),,daily_budget,,6.00,10.00,daily_budget,campaign,,,2026-09-15,,,,,,
L0333,ok,budget right-size,D-LC-SP-blackout curtains 72 inches wide-(Blackout)-MSV-Exact-Conv-DO-LINEN-CURTAIN-52x72-LIGHT-BEIGE-2-PCS,campaign,D-LC-SP-blackout curtains 72 inches wide-(Blackout)-MSV-Exact-Conv-DO-LINEN-CURTAIN-52x72-LIGHT-BEIGE-2-PCS,,daily_budget,,6.00,5.00,daily_budget,campaign,,,2026-09-15,,,,,,
L0334,ok,budget right-size,D-LC-SP-72 blackout curtains 2 panel set-(Blackout)-LSV-Exact-Conv-DO-LINEN-CURTAIN-52x72-LIGHT-BEIGE-2-PCS,campaign,D-LC-SP-72 blackout curtains 2 panel set-(Blackout)-LSV-Exact-Conv-DO-LINEN-CURTAIN-52x72-LIGHT-BEIGE-2-PCS,,daily_budget,,6.00,5.00,daily_budget,campaign,,,2026-09-15,,,,,,
L0335,ok,budget right-size,D-LC-SP-white room darkening curtains-(Blackout)-MSV-Exact-Conv-DO-LINEN-CURTAIN-52x84-IVORY-2-PCS,campaign,D-LC-SP-white room darkening curtains-(Blackout)-MSV-Exact-Conv-DO-LINEN-CURTAIN-52x84-IVORY-2-PCS,,daily_budget,,6.00,5.00,daily_budget,campaign,,,2026-09-15,,,,,,
L0336,ok,budget right-size,D-LC-SP-EXACT-RAN-DO-(Curtains|Blackout)-(LINEN-CURTAIN-52x72-LIGHT-BEIGE-2-PCS)-(52x72 blackout curtains),campaign,D-LC-SP-EXACT-RAN-DO-(Curtains|Blackout)-(LINEN-CURTAIN-52x72-LIGHT-BEIGE-2-PCS)-(52x72 blackout curtains),,daily_budget,,6.00,10.00,daily_budget,campaign,,,2026-09-15,,,,,,
L0337,ok,budget right-size,D-LC-SP-EXACT-RAN-DO-(Curtains|Blackout)-(LINEN-CURTAIN-52x108-IVORY-2-PCS)-(108 blackout curtains 2 panel set),campaign,D-LC-SP-EXACT-RAN-DO-(Curtains|Blackout)-(LINEN-CURTAIN-52x108-IVORY-2-PCS)-(108 blackout curtains 2 panel set),,daily_budget,,6.00,10.00,daily_budget,campaign,,,2026-09-15,,,,,,
L0338,ok,budget right-size,D-LC-SP-PHRASE-RAN-DO-(Curtains|Blackout)-(LINEN-CURTAIN-52x84-IVORY-2-PCS)-(84 inch blackout curtains),campaign,D-LC-SP-PHRASE-RAN-DO-(Curtains|Blackout)-(LINEN-CURTAIN-52x84-IVORY-2-PCS)-(84 inch blackout curtains),,daily_budget,,6.00,5.00,daily_budget,campaign,,,2026-09-15,,,,,,
L0339,ok,budget right-size,D-LC-SP-EXACT-RAN-DO-(Curtains|Blackout)-(LINEN-CURTAIN-52x72-LIGHT-BEIGE-2-PCS)-(blackout curtains 72 inch length),campaign,D-LC-SP-EXACT-RAN-DO-(Curtains|Blackout)-(LINEN-CURTAIN-52x72-LIGHT-BEIGE-2-PCS)-(blackout curtains 72 inch length),,daily_budget,,6.00,10.00,daily_budget,campaign,,,2026-09-15,,,,,,
L0340,ok,budget right-size,D-LC-SP-72 wide blackout curtains-(Blackout)-MSV-Exact-Conv-DO-LINEN-CURTAIN-52x72-LIGHT-BEIGE-2-PCS,campaign,D-LC-SP-72 wide blackout curtains-(Blackout)-MSV-Exact-Conv-DO-LINEN-CURTAIN-52x72-LIGHT-BEIGE-2-PCS,,daily_budget,,6.00,5.00,daily_budget,campaign,,,2026-09-15,,,,,,
L0341,ok,budget right-size,D-LC-SP-cream blackout curtains 84 inches long-(Blackout)-HSV-Exact-Conv-DO-LINEN-CURTAIN-52x84-IVORY-2-PCS,campaign,D-LC-SP-cream blackout curtains 84 inches long-(Blackout)-HSV-Exact-Conv-DO-LINEN-CURTAIN-52x84-IVORY-2-PCS,,daily_budget,,6.00,5.00,daily_budget,campaign,,,2026-09-15,,,,,,
L0342,ok,budget right-size,D-LC-SP-EXACT-RAN-DO-(Curtains|Blackout)-(LINEN-CURTAIN-52x72-LIGHT-BEIGE-2-PCS)-(curtains blackout 72 inch length),campaign,D-LC-SP-EXACT-RAN-DO-(Curtains|Blackout)-(LINEN-CURTAIN-52x72-LIGHT-BEIGE-2-PCS)-(curtains blackout 72 inch length),,daily_budget,,6.00,10.00,daily_budget,campaign,,,2026-09-15,,,,,,
L0343,ok,budget right-size,D-LC-SP-EXACT-RAN-DO-(Curtains|Blackout)-(LINEN-CURTAIN-52x72-LIGHT-BEIGE-2-PCS)-(blackout curtains 72),campaign,D-LC-SP-EXACT-RAN-DO-(Curtains|Blackout)-(LINEN-CURTAIN-52x72-LIGHT-BEIGE-2-PCS)-(blackout curtains 72),,daily_budget,,6.00,10.00,daily_budget,campaign,,,2026-09-15,,,,,,
L0344,ok,budget right-size,D-LC-SP-ivory blackout curtains 90 inches long-(Blackout)-LSV-Exact-Conv-DO-LINEN-CURTAIN-52x90-IVORY-2-PCS,campaign,D-LC-SP-ivory blackout curtains 90 inches long-(Blackout)-LSV-Exact-Conv-DO-LINEN-CURTAIN-52x90-IVORY-2-PCS,,daily_budget,,6.00,5.00,daily_budget,campaign,,,2026-09-15,,,,,,
L0345,ok,budget right-size,D-LC-SP-EXACT-RAN-DO-(Curtains|Blackout)-(LINEN-CURTAIN-52x90-LIGHT-BEIGE-2-PCS)-(light beige blackout curtains),campaign,D-LC-SP-EXACT-RAN-DO-(Curtains|Blackout)-(LINEN-CURTAIN-52x90-LIGHT-BEIGE-2-PCS)-(light beige blackout curtains),,daily_budget,,6.00,10.00,daily_budget,campaign,,,2026-09-15,,,,,,
L0346,ok,budget right-size,D-LC-SP-room darkening curtains 72 inches long-(Blackout)-MSV-Exact-Conv-DO-LINEN-CURTAIN-52x72-LIGHT-BEIGE-2-PCS,campaign,D-LC-SP-room darkening curtains 72 inches long-(Blackout)-MSV-Exact-Conv-DO-LINEN-CURTAIN-52x72-LIGHT-BEIGE-2-PCS,,daily_budget,,6.00,5.00,daily_budget,campaign,,,2026-09-15,,,,,,
L0347,ok,budget right-size,D-LC-SP-blackout curtains for bedroom 72 wide-(Blackout)-LSV-Exact-Conv-DO-LINEN-CURTAIN-52x72-LIGHT-BEIGE-2-PCS,campaign,D-LC-SP-blackout curtains for bedroom 72 wide-(Blackout)-LSV-Exact-Conv-DO-LINEN-CURTAIN-52x72-LIGHT-BEIGE-2-PCS,,daily_budget,,6.00,5.00,daily_budget,campaign,,,2026-09-15,,,,,,
L0348,ok,budget right-size,D-LC-SP-EXACT-RAN-DO-(Curtains|Blackout)-(LINEN-CURTAIN-52x84-IVORY-2-PCS)-(ivory blackout curtains 84 inches long),campaign,D-LC-SP-EXACT-RAN-DO-(Curtains|Blackout)-(LINEN-CURTAIN-52x84-IVORY-2-PCS)-(ivory blackout curtains 84 inches long),,daily_budget,,6.00,10.00,daily_budget,campaign,,,2026-09-15,,,,,,
L0349,ok,budget right-size,D-LC-SP-black out curtains 72 inch wide-(Blackout)-MSV-Exact-Conv-DO-LINEN-CURTAIN-52x72-LIGHT-BEIGE-2-PCS,campaign,D-LC-SP-black out curtains 72 inch wide-(Blackout)-MSV-Exact-Conv-DO-LINEN-CURTAIN-52x72-LIGHT-BEIGE-2-PCS,,daily_budget,,6.00,5.00,daily_budget,campaign,,,2026-09-15,,,,,,
L0350,ok,budget right-size,D-LC-SP-PHRASE-RAN-DO-(Linen|Curtains)-(LINEN-CURTAIN-52x84-IVORY-2-PCS)-(warm ivory linen curtains),campaign,D-LC-SP-PHRASE-RAN-DO-(Linen|Curtains)-(LINEN-CURTAIN-52x84-IVORY-2-PCS)-(warm ivory linen curtains),,daily_budget,,6.00,5.00,daily_budget,campaign,,,2026-09-15,,,,,,
L0351,ok,budget right-size,D-LC-SP-linen curtains 72 inch length-(Linen)-LSV-Exact-Conv-DO-LINEN-CURTAIN-52x72-LIGHT-BEIGE-2-PCS,campaign,D-LC-SP-linen curtains 72 inch length-(Linen)-LSV-Exact-Conv-DO-LINEN-CURTAIN-52x72-LIGHT-BEIGE-2-PCS,,daily_budget,,6.00,5.00,daily_budget,campaign,,,2026-09-15,,,,,,
L0352,ok,budget right-size,D-LC-SP-EXACT-RAN-DO-(Curtains|Blackout)-(LINEN-CURTAIN-52x72-LIGHT-BEIGE-2-PCS)-(72 inch blackout curtains 2 panel set),campaign,D-LC-SP-EXACT-RAN-DO-(Curtains|Blackout)-(LINEN-CURTAIN-52x72-LIGHT-BEIGE-2-PCS)-(72 inch blackout curtains 2 panel set),,daily_budget,,6.00,10.00,daily_budget,campaign,,,2026-09-15,,,,,,
L0353,ok,budget right-size,D-LC-SP-cream blackout curtains 90 inches long-(Blackout)-LSV-Exact-Conv-DO-LINEN-CURTAIN-52x90-IVORY-2-PCS,campaign,D-LC-SP-cream blackout curtains 90 inches long-(Blackout)-LSV-Exact-Conv-DO-LINEN-CURTAIN-52x90-IVORY-2-PCS,,daily_budget,,6.00,5.00,daily_budget,campaign,,,2026-09-15,,,,,,
L0354,ok,budget right-size,D-LC-SP-PHRASE-RAN-DO-(Curtains)-(LINEN-CURTAIN-52x90-LIGHT-BEIGE-2-PCS)-(light beige curtains),campaign,D-LC-SP-PHRASE-RAN-DO-(Curtains)-(LINEN-CURTAIN-52x90-LIGHT-BEIGE-2-PCS)-(light beige curtains),,daily_budget,,6.00,5.00,daily_budget,campaign,,,2026-09-15,,,,,,
L0355,ok,budget right-size,D-LC-SP-PHRASE-RAN-DO-(Curtains|Blackout)-(LINEN-CURTAIN-52x84-LIGHT-BEIGE-2-PCS)-(84 inch curtains blackout),campaign,D-LC-SP-PHRASE-RAN-DO-(Curtains|Blackout)-(LINEN-CURTAIN-52x84-LIGHT-BEIGE-2-PCS)-(84 inch curtains blackout),,daily_budget,,6.00,5.00,daily_budget,campaign,,,2026-09-15,,,,,,
L0356,ok,budget right-size,D-LC-SP-PHRASE-RAN-DO-(Curtains|Blackout)-(LINEN-CURTAIN-52x84-LIGHT-BEIGE-2-PCS)-(blackout drapes 84 inch 2 panels),campaign,D-LC-SP-PHRASE-RAN-DO-(Curtains|Blackout)-(LINEN-CURTAIN-52x84-LIGHT-BEIGE-2-PCS)-(blackout drapes 84 inch 2 panels),,daily_budget,,6.00,5.00,daily_budget,campaign,,,2026-09-15,,,,,,
L0357,ok,budget right-size,D-LC-SP-PHRASE-RAN-DO-(Curtains|Blackout)-(LINEN-CURTAIN-52x108-IVORY-2-PCS)-(blackout curtains 108 inch long),campaign,D-LC-SP-PHRASE-RAN-DO-(Curtains|Blackout)-(LINEN-CURTAIN-52x108-IVORY-2-PCS)-(blackout curtains 108 inch long),,daily_budget,,6.00,5.00,daily_budget,campaign,,,2026-09-15,,,,,,
L0358,ok,budget right-size,D-LC-SP-cream black out curtains-(Blackout)-HSV-Exact-Conv-DO-LINEN-CURTAIN-52x84-IVORY-2-PCS,campaign,D-LC-SP-cream black out curtains-(Blackout)-HSV-Exact-Conv-DO-LINEN-CURTAIN-52x84-IVORY-2-PCS,,daily_budget,,6.00,5.00,daily_budget,campaign,,,2026-09-15,,,,,,
L0359,ok,budget right-size,D-LC-SP-EXACT-RAN-DO-(Curtains|Blackout)-(LINEN-CURTAIN-52x72-LIGHT-BEIGE-2-PCS)-(52x72 blackout curtains 2 panels),campaign,D-LC-SP-EXACT-RAN-DO-(Curtains|Blackout)-(LINEN-CURTAIN-52x72-LIGHT-BEIGE-2-PCS)-(52x72 blackout curtains 2 panels),,daily_budget,,6.00,10.00,daily_budget,campaign,,,2026-09-15,,,,,,
L0360,ok,budget right-size,D-LC-SP-EXACT-RAN-DO-(Curtains|Blackout)-(LINEN-CURTAIN-52x72-LIGHT-BEIGE-2-PCS)-(thermal blackout curtains 72 inches long),campaign,D-LC-SP-EXACT-RAN-DO-(Curtains|Blackout)-(LINEN-CURTAIN-52x72-LIGHT-BEIGE-2-PCS)-(thermal blackout curtains 72 inches long),,daily_budget,,6.00,10.00,daily_budget,campaign,,,2026-09-15,,,,,,
L0361,ok,budget right-size,D-LC-SP-EXACT-RAN-DO-(Curtains|Blackout)-(LINEN-CURTAIN-52x72-LIGHT-BEIGE-2-PCS)-(blackout curtains 72 inch length 2 panels set),campaign,D-LC-SP-EXACT-RAN-DO-(Curtains|Blackout)-(LINEN-CURTAIN-52x72-LIGHT-BEIGE-2-PCS)-(blackout curtains 72 inch length 2 panels set),,daily_budget,,6.00,10.00,daily_budget,campaign,,,2026-09-15,,,,,,
L0362,ok,budget right-size,D-LC-SP-PHRASE-RAN-DO-(Curtains|Blackout)-(LINEN-CURTAIN-52x84-IVORY-2-PCS)-(blackout curtains 84 inch long),campaign,D-LC-SP-PHRASE-RAN-DO-(Curtains|Blackout)-(LINEN-CURTAIN-52x84-IVORY-2-PCS)-(blackout curtains 84 inch long),,daily_budget,,6.00,5.00,daily_budget,campaign,,,2026-09-15,,,,,,
L0363,ok,budget right-size,D-LC-SP-off white blackout curtains 84 inches long-(Blackout)-MSV-Exact-Conv-DO-LINEN-CURTAIN-52x84-IVORY-2-PCS,campaign,D-LC-SP-off white blackout curtains 84 inches long-(Blackout)-MSV-Exact-Conv-DO-LINEN-CURTAIN-52x84-IVORY-2-PCS,,daily_budget,,6.00,5.00,daily_budget,campaign,,,2026-09-15,,,,,,
L0364,ok,budget right-size,D-LC-SP-EXACT-RAN-DO-(Curtains|Blackout)-(LINEN-CURTAIN-52x72-LIGHT-BEIGE-2-PCS)-(thermal insulated blackout curtains 72 inch),campaign,D-LC-SP-EXACT-RAN-DO-(Curtains|Blackout)-(LINEN-CURTAIN-52x72-LIGHT-BEIGE-2-PCS)-(thermal insulated blackout curtains 72 inch),,daily_budget,,6.00,10.00,daily_budget,campaign,,,2026-09-15,,,,,,
L0365,ok,budget right-size,D-LC-SP-blackout ivory curtains bedroom-(Blackout)-LSV-Exact-Conv-DO-LINEN-CURTAIN-52x84-IVORY-2-PCS,campaign,D-LC-SP-blackout ivory curtains bedroom-(Blackout)-LSV-Exact-Conv-DO-LINEN-CURTAIN-52x84-IVORY-2-PCS,,daily_budget,,6.00,5.00,daily_budget,campaign,,,2026-09-15,,,,,,
L0366,ok,budget right-size,D-LC-SP-cream beige blackout curtains-(Blackout)-MSV-Exact-Conv-DO-LINEN-CURTAIN-52x84-IVORY-2-PCS,campaign,D-LC-SP-cream beige blackout curtains-(Blackout)-MSV-Exact-Conv-DO-LINEN-CURTAIN-52x84-IVORY-2-PCS,,daily_budget,,6.00,5.00,daily_budget,campaign,,,2026-09-15,,,,,,
L0367,ok,budget right-size,D-LC-SP-off white black out curtains-(Blackout)-MSV-Exact-Conv-DO-LINEN-CURTAIN-52x84-IVORY-2-PCS,campaign,D-LC-SP-off white black out curtains-(Blackout)-MSV-Exact-Conv-DO-LINEN-CURTAIN-52x84-IVORY-2-PCS,,daily_budget,,6.00,5.00,daily_budget,campaign,,,2026-09-15,,,,,,
L0368,ok,budget right-size,D-LC-SP-PHRASE-RAN-DO-(Curtains|Room Darkening)-(LINEN-CURTAIN-52x84-LIGHT-BEIGE-2-PCS)-(room darkening curtains 84 inch),campaign,D-LC-SP-PHRASE-RAN-DO-(Curtains|Room Darkening)-(LINEN-CURTAIN-52x84-LIGHT-BEIGE-2-PCS)-(room darkening curtains 84 inch),,daily_budget,,6.00,5.00,daily_budget,campaign,,,2026-09-15,,,,,,
L0369,ok,budget right-size,D-LC-SP-PHRASE-RAN-DO-(Curtains|Room Darkening)-(LINEN-CURTAIN-52x84-IVORY-2-PCS)-(room darkening curtains 84 inch long),campaign,D-LC-SP-PHRASE-RAN-DO-(Curtains|Room Darkening)-(LINEN-CURTAIN-52x84-IVORY-2-PCS)-(room darkening curtains 84 inch long),,daily_budget,,6.00,5.00,daily_budget,campaign,,,2026-09-15,,,,,,
L0370,ok,budget right-size,D-LC-SP-taupe linen blackout curtains-(Linen)-LSV-Exact-Conv-DO-LINEN-CURTAIN-52x84-LIGHT-BEIGE-2-PCS,campaign,D-LC-SP-taupe linen blackout curtains-(Linen)-LSV-Exact-Conv-DO-LINEN-CURTAIN-52x84-LIGHT-BEIGE-2-PCS,,daily_budget,,6.00,5.00,daily_budget,campaign,,,2026-09-15,,,,,,
L0371,ok,budget right-size,D-LC-SP-cream room darkening curtains-(Blackout)-MSV-Exact-Conv-DO-LINEN-CURTAIN-52x84-IVORY-2-PCS,campaign,D-LC-SP-cream room darkening curtains-(Blackout)-MSV-Exact-Conv-DO-LINEN-CURTAIN-52x84-IVORY-2-PCS,,daily_budget,,6.00,5.00,daily_budget,campaign,,,2026-09-15,,,,,,
L0372,ok,budget right-size,D-LC-SP-PHRASE-RAN-DO-(Linen|Curtains|Blackout)-(LINEN-CURTAIN-52x84-LIGHT-BEIGE-2-PCS)-(linen blackout curtains 84 inch long),campaign,D-LC-SP-PHRASE-RAN-DO-(Linen|Curtains|Blackout)-(LINEN-CURTAIN-52x84-LIGHT-BEIGE-2-PCS)-(linen blackout curtains 84 inch long),,daily_budget,,6.00,5.00,daily_budget,campaign,,,2026-09-15,,,,,,
L0373,ok,budget right-size,D-LC-SP-soft ivory linen curtains-(Linen)-MSV-Exact-Conv-DO-LINEN-CURTAIN-52x84-IVORY-2-PCS,campaign,D-LC-SP-soft ivory linen curtains-(Linen)-MSV-Exact-Conv-DO-LINEN-CURTAIN-52x84-IVORY-2-PCS,,daily_budget,,6.00,5.00,daily_budget,campaign,,,2026-09-15,,,,,,
L0374,ok,budget right-size,D-LC-SP-PHRASE-RAN-DO-(Curtains|Blackout)-(LINEN-CURTAIN-52x84-LIGHT-BEIGE-2-PCS)-(blackout curtains 84 inch long 2 panels set),campaign,D-LC-SP-PHRASE-RAN-DO-(Curtains|Blackout)-(LINEN-CURTAIN-52x84-LIGHT-BEIGE-2-PCS)-(blackout curtains 84 inch long 2 panels set),,daily_budget,,6.00,5.00,daily_budget,campaign,,,2026-09-15,,,,,,
L0375,ok,refund watch bid cut,D-LC-SP-EXACT-RAN-DO-(Curtains|Blackout)-(LINEN-CURTAIN-52x108-IVORY-2-PCS)-(blackout curtains 108 inches long),keyword,blackout curtains 108 inches long,EXACT,bid,,0.40,0.67,cpc,target,0.32,0.53,2026-09-15,,,average bid on these 67 targets falls from $0.53 to $0.32; cost per unit cleared on the FLOOR SKUs comes back under the $19.69 ceiling,2026-09-22,restore the prior bid on any target that holds its orders and comes in under $19.69 per unit cleared for two consecutive weeks,"Parent campaign is on the refund watch list. Bids held down until the colour fix lands, so the lane keeps its placements without funding units that come back."
L0376,ok,refund watch bid cut,D-LC-SP-black out curtains 63 inch long-(Blackout)-VHSV-Exact-Conv-DO-LINEN-CURTAIN-52x63-LINEN-2-PCS,keyword,black out curtains 63 inch long,EXACT,bid,,0.30,0.50,cpc,target,,,2026-09-15,,,,,,
L0377,ok,refund watch bid cut,D-LC-SP-blackout curtain 63 inch length-(Blackout)-LSV-Exact-Conv-DO-LINEN-CURTAIN-52x63-LINEN-2-PCS,keyword,blackout curtain 63 inch length,EXACT,bid,,0.30,0.50,cpc,target,,,2026-09-15,,,,,,
L0378,ok,refund watch bid cut,D-LC-SP-light grey blackout curtains-(Blackout)-HSV-Exact-Conv-DO-LINEN-CURTAIN-52x84-LIGHT-GREY-2-PCS,keyword,light grey blackout curtains,EXACT,bid,,0.30,0.50,cpc,target,,,2026-09-15,,,,,,
L0379,ok,refund watch bid cut,D-LC-SP-light gray blackout curtains-(Blackout)-HSV-Exact-Conv-DO-LINEN-CURTAIN-52x84-LIGHT-GREY-2-PCS,keyword,light gray blackout curtains,EXACT,bid,,0.30,0.50,cpc,target,,,2026-09-15,,,,,,
L0380,ok,refund watch bid cut,D-LC-SP-BROAD-RAN-DO-(Curtains)-(LINEN-CURTAIN-52x90-LINEN-2-PCS)-(curtains 90 inch long),keyword,curtains 90 inch long,BROAD,bid,,0.34,0.56,cpc,target,,,2026-09-15,,,,,,
L0381,ok,refund watch bid cut,D-LC-SP-BROAD-RAN-DO-(Curtains|Blackout)-(LINEN-CURTAIN-52x90-LIGHT-GREY-2-PCS)-(90 inch blackout curtains),keyword,90 inch blackout curtains,BROAD,bid,,0.34,0.56,cpc,target,,,2026-09-15,,,,,,
L0382,ok,refund watch bid cut,D-LC-SP-grey linen curtains-(Linen)-MSV-Exact-Conv-DO-LINEN-CURTAIN-52x84-LIGHT-GREY-2-PCS,keyword,grey linen curtains,EXACT,bid,,0.30,0.50,cpc,target,,,2026-09-15,,,,,,
L0383,ok,refund watch bid cut,D-LC-SP-BROAD-RAN-DO-(Curtains|Blackout)-(LINEN-CURTAIN-52x90-LIGHT-GREY-2-PCS)-(90 blackout curtains),keyword,90 blackout curtains,BROAD,bid,,0.34,0.56,cpc,target,,,2026-09-15,,,,,,
L0384,ok,refund watch bid cut,D-LC-SP-BROAD-RAN-DO-(Linen|Curtains|Blackout)-(LINEN-CURTAIN-52x90-LINEN-2-PCS)-(linen blackout curtains 90 inch long),keyword,linen blackout curtains 90 inch long,BROAD,bid,,0.34,0.56,cpc,target,,,2026-09-15,,,,,,
L0385,ok,refund watch bid cut,D-LC-SP-BROAD-RAN-DO-(Curtains|Blackout)-(LINEN-CURTAIN-52x90-LINEN-2-PCS)-(blackout curtains 90 inch long),keyword,blackout curtains 90 inch long,BROAD,bid,,0.34,0.56,cpc,target,,,2026-09-15,,,,,,
L0386,ok,refund watch bid cut,D-LC-SP-BROAD-RAN-DO-(Linen|Curtains)-(LINEN-CURTAIN-52x90-LIGHT-GREY-2-PCS)-(linen curtains 90 inch long),keyword,linen curtains 90 inch long,BROAD,bid,,0.34,0.56,cpc,target,,,2026-09-15,,,,,,
L0387,ok,refund watch bid cut,DLC - SP - phrase-DO- LINEN-CURTAIN-52x84-G,keyword,linen black out curtain,PHRASE,bid,,0.42,0.70,cpc,target,,,2026-09-15,,,,,,
L0388,ok,refund watch bid cut,DLC - SP - phrase-DO- LINEN-CURTAIN-52x84-G,keyword,black out curtain linen,PHRASE,bid,,0.42,0.70,cpc,target,,,2026-09-15,,,,,,
L0389,ok,refund watch bid cut,DLC - SP - phrase-DO- LINEN-CURTAIN-52x84-G,keyword,flax linen curtain,PHRASE,bid,,0.42,0.70,cpc,target,,,2026-09-15,,,,,,
L0390,ok,refund watch bid cut,D-LC-SP-short curtains for windows-(Blackout)-VHSV-Exact-Conv-DO-LINEN-CURTAIN-52x63-LINEN-2-PCS,keyword,short curtains for windows,EXACT,bid,,0.30,0.50,cpc,target,,,2026-09-15,,,,,,
L0391,ok,refund watch bid cut,D-LC-SP-BROAD-RAN-DO-(Linen|Curtains|Blackout)-(LINEN-CURTAIN-52x108-LIGHT-GREY-2-PCS)-(linen blackout curtains 108 inch long),keyword,linen blackout curtains 108 inch long,BROAD,bid,,0.34,0.56,cpc,target,,,2026-09-15,,,,,,
L0392,ok,refund watch bid cut,D-LC-SP-BROAD-RAN-DO-(Curtains|Blackout|Bedroom)-(52x108-LIGHT-GREY-2-PCS)-(blackout curtains for bedroom 108 inch long),keyword,blackout curtains for bedroom 108 inch long,BROAD,bid,,0.34,0.56,cpc,target,,,2026-09-15,,,,,,
L0393,ok,refund watch bid cut,D-LC-SP-short curtains for bedroom-(Blackout)-HSV-Exact-Conv-DO-LINEN-CURTAIN-52x63-LINEN-2-PCS,keyword,short curtains for bedroom,EXACT,bid,,0.30,0.50,cpc,target,,,2026-09-15,,,,,,
L0394,ok,refund watch bid cut,D-LC-SP-EXACT-RAN-DO-(Curtains|Blackout)-(LINEN-CURTAIN-52x63-LINEN-2-PCS)-(blackout curtains 60+ inches long),keyword,blackout curtains 60+ inches long,EXACT,bid,,0.32,0.54,cpc,target,,,2026-09-15,,,,,,
L0395,ok,refund watch bid cut,D-LC-SP-EXACT-RAN-DO-(Curtains|Blackout)-(LINEN-CURTAIN-52x63-LINEN-2-PCS)-(63 inch blackout curtains),keyword,63 inch blackout curtains,EXACT,bid,,0.30,0.47,cpc,target,,,2026-09-15,,,,,,
L0396,ok,refund watch bid cut,D-LC-SP-beige black out curtains-(Blackout)-MSV-Exact-Conv-DO-LINEN-CURTAIN-52x84-BEIGE-2-PCS,keyword,beige black out curtains,EXACT,bid,,0.30,0.50,cpc,target,,,2026-09-15,,,,,,
L0397,ok,refund watch bid cut,D-LC-SP-blackout curtains 90+ inches long-(Blackout)-LSV-Exact-Conv-DO-LINEN-CURTAIN-52x90-LIGHT-GREY-2-PCS,keyword,blackout curtains 90+ inches long,EXACT,bid,,0.30,0.50,cpc,target,,,2026-09-15,,,,,,
L0398,ok,refund watch bid cut,D-LC-SP-light gray linen curtains-(Linen)-LSV-Exact-Conv-DO-LINEN-CURTAIN-52x84-LIGHT-GREY-2-PCS,keyword,light gray linen curtains,EXACT,bid,,0.30,0.50,cpc,target,,,2026-09-15,,,,,,
L0399,ok,refund watch bid cut,D-LC-SP-EXACT-RAN-DO-(Curtains|Blackout|Bedroom)-(52x63-LINEN-2-PCS)-(blackout curtains for bedroom 63 inches long),keyword,blackout curtains for bedroom 63 inches long,EXACT,bid,,0.33,0.55,cpc,target,,,2026-09-15,,,,,,
L0400,ok,refund watch bid cut,D-LC-SP-EXACT-RAN-DO-(Curtains|Blackout)-(LINEN-CURTAIN-52x63-LINEN-2-PCS)-(blackout curtains 52x63),keyword,blackout curtains 52x63,EXACT,bid,,0.30,0.50,cpc,target,,,2026-09-15,,,,,,
L0401,ok,refund watch bid cut,D-LC-SP-EXACT-RAN-DO-(Curtains|Blackout)-(LINEN-CURTAIN-52x63-LINEN-2-PCS)-(52 x 63 blackout curtains),keyword,52 x 63 blackout curtains,EXACT,bid,,0.30,0.49,cpc,target,,,2026-09-15,,,,,,
L0402,ok,refund watch bid cut,D-LC-SP-EXACT-RAN-DO-(Curtains|Blackout)-(LINEN-CURTAIN-52x63-LINEN-2-PCS)-(curtains blackout 63 inch length),keyword,curtains blackout 63 inch length,EXACT,bid,,0.30,0.42,cpc,target,,,2026-09-15,,,,,,
L0403,ok,refund watch bid cut,D-LC-SP-BROAD-RAN-DO-(Linen|Curtains)-(LINEN-CURTAIN-52x108-LIGHT-GREY-2-PCS)-(108 inch curtains linen),keyword,108 inch curtains linen,BROAD,bid,,0.34,0.56,cpc,target,,,2026-09-15,,,,,,
L0404,ok,refund watch bid cut,D-LC-SP-short blackout curtains-(Blackout)-VHSV-Exact-Conv-DO-LINEN-CURTAIN-52x63-LINEN-2-PCS,keyword,short blackout curtains,EXACT,bid,,0.30,0.50,cpc,target,,,2026-09-15,,,,,,
L0405,ok,refund watch bid cut,D-LC-SP-extra long blackout curtains-(Blackout)-MSV-Exact-Conv-DO-LINEN-CURTAIN-52x108-BEIGE-2-PCS,keyword,extra long blackout curtains,EXACT,bid,,0.30,0.50,cpc,target,,,2026-09-15,,,,,,
L0406,ok,refund watch bid cut,D-LC-SP-63 inch curtains blackout-(Blackout)-LSV-Exact-Conv-DO-LINEN-CURTAIN-52x63-LINEN-2-PCS,keyword,63 inch curtains blackout,EXACT,bid,,0.30,0.50,cpc,target,,,2026-09-15,,,,,,
L0407,ok,refund watch bid cut,D-LC-SP-light grey linen curtains-(Linen)-LSV-Exact-Conv-DO-LINEN-CURTAIN-52x84-LIGHT-GREY-2-PCS,keyword,light grey linen curtains,EXACT,bid,,0.30,0.50,cpc,target,,,2026-09-15,,,,,,
L0408,ok,refund watch bid cut,D-LC-SP-63 inch blackout curtains 2 panel set-(Blackout)-LSV-Exact-Conv-DO-LINEN-CURTAIN-52x63-LINEN-2-PCS,keyword,63 inch blackout curtains 2 panel set,EXACT,bid,,0.30,0.50,cpc,target,,,2026-09-15,,,,,,
L0409,ok,refund watch bid cut,D-LC-SP-EXACT-RAN-DO-(Curtains|Blackout)-(LINEN-CURTAIN-52x63-LINEN-2-PCS)-(blackout curtains 63),keyword,blackout curtains 63,EXACT,bid,,0.32,0.54,cpc,target,,,2026-09-15,,,,,,
L0410,ok,refund watch bid cut,D-LC-SP-blackout curtains for small windows-(Blackout)-HSV-Exact-Conv-DO-LINEN-CURTAIN-52x63-LINEN-2-PCS,keyword,blackout curtains for small windows,EXACT,bid,,0.30,0.50,cpc,target,,,2026-09-15,,,,,,
L0411,ok,refund watch bid cut,D-LC-SP-room darkening curtains 63 inch-(Blackout)-HSV-Exact-Conv-DO-LINEN-CURTAIN-52x63-LINEN-2-PCS,keyword,room darkening curtains 63 inch,EXACT,bid,,0.30,0.50,cpc,target,,,2026-09-15,,,,,,
L0412,ok,refund watch bid cut,D-LC-SP-thermal blackout curtains 84 inches-(Blackout)-HSV-Exact-Conv-DO-LINEN-CURTAIN-52x84-BEIGE-2-PCS,keyword,thermal blackout curtains 84 inches,EXACT,bid,,0.30,0.50,cpc,target,,,2026-09-15,,,,,,
L0413,ok,refund watch bid cut,D-LC-SP-small window curtains-(Blackout)-VHSV-Exact-Conv-DO-LINEN-CURTAIN-52x63-LINEN-2-PCS,keyword,small window curtains,EXACT,bid,,0.30,0.50,cpc,target,,,2026-09-15,,,,,,
L0414,ok,refund watch bid cut,D-LC-SP-short blackout curtains for bedroom-(Blackout)-HSV-Exact-Conv-DO-LINEN-CURTAIN-52x63-LINEN-2-PCS,keyword,short blackout curtains for bedroom,EXACT,bid,,0.30,0.50,cpc,target,,,2026-09-15,,,,,,
L0415,ok,refund watch bid cut,D-LC-SP-light blocking curtains 84 inches long-(Blackout)-HSV-Exact-Conv-DO-LINEN-CURTAIN-52x84-BEIGE-2-PCS,keyword,light blocking curtains 84 inches long,EXACT,bid,,0.30,0.50,cpc,target,,,2026-09-15,,,,,,
L0416,ok,refund watch bid cut,D-LC-SP-linen curtains 108-(Linen)-LSV-Exact-Conv-DO-LINEN-CURTAIN-52x108-BEIGE-2-PCS,keyword,linen curtains 108,EXACT,bid,,0.30,0.50,cpc,target,,,2026-09-15,,,,,,
L0417,ok,refund watch bid cut,D-LC-SP-blackout curtains short length-(Blackout)-HSV-Exact-Conv-DO-LINEN-CURTAIN-52x63-LINEN-2-PCS,keyword,blackout curtains short length,EXACT,bid,,0.30,0.50,cpc,target,,,2026-09-15,,,,,,
L0418,ok,refund watch bid cut,D-LC-SP-black out beige curtains for bedroom-(Blackout)-LSV-Exact-Conv-DO-LINEN-CURTAIN-52x84-BEIGE-2-PCS,keyword,black out beige curtains for bedroom,EXACT,bid,,0.30,0.50,cpc,target,,,2026-09-15,,,,,,
L0419,ok,refund watch bid cut,D-LC-SP-small window blackout curtains-(Blackout)-HSV-Exact-Conv-DO-LINEN-CURTAIN-52x63-LINEN-2-PCS,keyword,small window blackout curtains,EXACT,bid,,0.30,0.50,cpc,target,,,2026-09-15,,,,,,
L0420,ok,refund watch bid cut,D-LC-SP-EXACT-RAN-DO-(Curtains|Blackout)-(LINEN-CURTAIN-52x63-LINEN-2-PCS)-(blackout curtains 63 inch length 2 panels set),keyword,blackout curtains 63 inch length 2 panels set,EXACT,bid,,0.30,0.48,cpc,target,,,2026-09-15,,,,,,
L0421,ok,refund watch bid cut,D-LC-SP-108 linen curtains 2 panel set-(Linen)-LSV-Exact-Conv-DO-LINEN-CURTAIN-52x108-BEIGE-2-PCS,keyword,108 linen curtains 2 panel set,EXACT,bid,,0.30,0.50,cpc,target,,,2026-09-15,,,,,,
L0422,ok,refund watch bid cut,D-LC-SP-black out curtains 90 inch long 2 panels-(Blackout)-LSV-Exact-Conv-DO-LINEN-CURTAIN-52x90-LIGHT-GREY-2-PCS,keyword,black out curtains 90 inch long 2 panels,EXACT,bid,,0.30,0.50,cpc,target,,,2026-09-15,,,,,,
L0423,ok,refund watch bid cut,D-LC-SP-short black out curtains-(Blackout)-HSV-Exact-Conv-DO-LINEN-CURTAIN-52x63-LINEN-2-PCS,keyword,short black out curtains,EXACT,bid,,0.30,0.50,cpc,target,,,2026-09-15,,,,,,
L0424,ok,refund watch bid cut,D-LC-SP-room darkening curtains 63 inches long-(Blackout)-HSV-Exact-Conv-DO-LINEN-CURTAIN-52x63-LINEN-2-PCS,keyword,room darkening curtains 63 inches long,EXACT,bid,,0.30,0.50,cpc,target,,,2026-09-15,,,,,,
L0425,ok,refund watch bid cut,D-LC-SP-short room darkening curtains-(Blackout)-LSV-Exact-Conv-DO-LINEN-CURTAIN-52x63-LINEN-2-PCS,keyword,short room darkening curtains,EXACT,bid,,0.30,0.50,cpc,target,,,2026-09-15,,,,,,
L0426,ok,refund watch bid cut,D-LC-SP-short linen curtains-(Linen)-MSV-Exact-Conv-DO-LINEN-CURTAIN-52x63-LINEN-2-PCS,keyword,short linen curtains,EXACT,bid,,0.30,0.50,cpc,target,,,2026-09-15,,,,,,
L0427,ok,refund watch bid cut,D-LC-SP-extra long linen curtains-(Linen)-MSV-Exact-Conv-DO-LINEN-CURTAIN-52x108-BEIGE-2-PCS,keyword,extra long linen curtains,EXACT,bid,,0.30,0.50,cpc,target,,,2026-09-15,,,,,,
L0428,ok,refund watch bid cut,D-LC-SP-linen curtains 90+ inches long-(Linen)-LSV-Exact-Conv-DO-LINEN-CURTAIN-52x90-LIGHT-GREY-2-PCS,keyword,linen curtains 90+ inches long,EXACT,bid,,0.30,0.50,cpc,target,,,2026-09-15,,,,,,
L0429,ok,refund watch bid cut,D-LC-SP-black out curtains short window-(Blackout)-MSV-Exact-Conv-DO-LINEN-CURTAIN-52x63-LINEN-2-PCS,keyword,black out curtains short window,EXACT,bid,,0.30,0.50,cpc,target,,,2026-09-15,,,,,,
L0430,ok,refund watch bid cut,D-LC-SP-floor to ceiling curtains blackout-(Blackout)-MSV-Exact-Conv-DO-LINEN-CURTAIN-52x108-BEIGE-2-PCS,keyword,floor to ceiling curtains blackout,EXACT,bid,,0.30,0.50,cpc,target,,,2026-09-15,,,,,,
L0431,ok,refund watch bid cut,D-LC-SP-short window blackout curtains-(Blackout)-MSV-Exact-Conv-DO-LINEN-CURTAIN-52x63-LINEN-2-PCS,keyword,short window blackout curtains,EXACT,bid,,0.30,0.50,cpc,target,,,2026-09-15,,,,,,
L0432,ok,refund watch bid cut,D-LC-SP-grey black out curtains 63 inch long-(Blackout)-LSV-Exact-Conv-DO-LINEN-CURTAIN-52x63-LIGHT-GREY-2-PCS,keyword,grey black out curtains 63 inch long,EXACT,bid,,0.30,0.50,cpc,target,,,2026-09-15,,,,,,
L0433,ok,refund watch bid cut,D-LC-SP-black out curtains 84 inch long 2 panels-(Blackout)-HSV-Exact-Conv-DO-LINEN-CURTAIN-52x84-BEIGE-2-PCS,keyword,black out curtains 84 inch long 2 panels,EXACT,bid,,0.30,0.50,cpc,target,,,2026-09-15,,,,,,
L0434,ok,refund watch bid cut,D-LC-SP-linen black out curtains 84 inch long-(Linen)-LSV-Exact-Conv-DO-LINEN-CURTAIN-52x84-BEIGE-2-PCS,keyword,linen black out curtains 84 inch long,EXACT,bid,,0.30,0.50,cpc,target,,,2026-09-15,,,,,,
L0435,ok,refund watch bid cut,D-LC-SP-PHRASE-RAN-DO-(Linen|Curtains)-(LINEN-CURTAIN-52x84-BEIGE-2-PCS)-(linen curtains 84 inch long),keyword,linen curtains 84 inch long,PHRASE,bid,,0.42,0.70,cpc,target,,,2026-09-15,,,,,,
L0436,ok,refund watch bid cut,D-LC-SP-black out curtains short length-(Blackout)-LSV-Exact-Conv-DO-LINEN-CURTAIN-52x63-LINEN-2-PCS,keyword,black out curtains short length,EXACT,bid,,0.30,0.50,cpc,target,,,2026-09-15,,,,,,
L0437,ok,refund watch bid cut,D-LC-SP-PHRASE-RAN-DO-(Curtains|Blackout)-(LINEN-CURTAIN-52x84-BEIGE-2-PCS)-(thermal blackout curtains 84 inch),keyword,thermal blackout curtains 84 inch,PHRASE,bid,,0.42,0.70,cpc,target,,,2026-09-15,,,,,,
L0438,ok,refund watch bid cut,D-LC-SP-light blocking curtains 63 inch-(Blackout)-LSV-Exact-Conv-DO-LINEN-CURTAIN-52x63-LINEN-2-PCS,keyword,light blocking curtains 63 inch,EXACT,bid,,0.30,0.50,cpc,target,,,2026-09-15,,,,,,
L0439,ok,refund watch bid cut,D-LC-SP-black out thermal curtains 84 inch long-(Blackout)-MSV-Exact-Conv-DO-LINEN-CURTAIN-52x84-BEIGE-2-PCS,keyword,black out thermal curtains 84 inch long,EXACT,bid,,0.30,0.50,cpc,target,,,2026-09-15,,,,,,
L0440,ok,refund watch bid cut,D-LC-SP-PHRASE-RAN-DO-(Curtains|Blackout|Bedroom)-(LINEN-CURTAIN-52x84-BEIGE-2-PCS)-(blackout curtains for bedroom 84 inch long),keyword,blackout curtains for bedroom 84 inch long,PHRASE,bid,,0.42,0.70,cpc,target,,,2026-09-15,,,,,,
L0441,ok,refund watch bid cut,D-LC-SP-PHRASE-RAN-DO-(Curtains|Blackout)-(LINEN-CURTAIN-52x84-BEIGE-2-PCS)-(curtains blackout 84 inch length),keyword,curtains blackout 84 inch length,PHRASE,bid,,0.42,0.70,cpc,target,,,2026-09-15,,,,,,
L0442,ok,ceiling bid cut,D-LC-SP-EXACT-RAN-DO-(Curtains|Blackout)-(LINEN-CURTAIN-52x108-IVORY-2-PCS)-(108 inch blackout curtains),keyword,108 inch blackout curtains,EXACT,bid,,0.53,0.89,cpa,target,19.69,67.68,2026-09-15,,,cost per acquisition on these 22 targets moves toward the $19.69 ceiling; the thin ones are cut 40% and re-read rather than paused,2026-09-22,pause any target still above $19.69 CPA at the 22 September read; re-read the thin ones after the post-listing-change window rather than judging them now,These 22 targets convert above the $19.69 ceiling or are too thin to judge (2-5 clicks). Cut 40% rather than paused — the converting ones are demonstrated demand and the thin ones have not had their chance.
L0443,ok,ceiling bid cut,D-LC-SP-BROAD-RAN-DO-(Linen|Curtains|Blackout)-(LINEN-CURTAIN-52x84-LIGHT-BEIGE-2-PCS)-(blackout linen curtains 84 inch long),keyword,blackout linen curtains 84 inch long,BROAD,bid,,0.45,0.56,cpa,target,,,2026-09-15,,,,,,
L0444,ok,ceiling bid cut,D-LC-SP-EXACT-RAN-DO-(Curtains|Blackout)-(LINEN-CURTAIN-52x72-LIGHT-BEIGE-2-PCS)-(72 inch blackout curtains),keyword,72 inch blackout curtains,EXACT,bid,,0.32,0.54,cpa,target,,,2026-09-15,,,,,,
L0445,ok,ceiling bid cut,D-LC-SP-PHRASE-RAN-DO-(Curtains)-(LINEN-CURTAIN-52x108-IVORY-2-PCS)-(curtains 108 inch long),keyword,curtains 108 inch long,PHRASE,bid,,0.42,0.70,cpa,target,,,2026-09-15,,,,,,
L0446,ok,ceiling bid cut,D-LC-SP-EXACT-RAN-DO-(Curtains|Blackout)-(LINEN-CURTAIN-52x72-LIGHT-BEIGE-2-PCS)-(blackout curtains 72 inches long),keyword,blackout curtains 72 inches long,EXACT,bid,,0.50,0.63,cpa,target,,,2026-09-15,,,,,,
L0447,ok,ceiling bid cut,D-Linen Curtains-SP-Exact-Ranking-Fixed-LINEN-CURTAIN-52x84-LIGHT-GREY-2-PCS-B0F63BJSHF-grey linen blackout curtains,keyword,grey linen blackout curtains,EXACT,bid,,1.00,1.08,cpa,target,,,2026-09-15,,,,,,
L0448,ok,ceiling bid cut,D-LC-SP-EXACT-RAN-DO-(Curtains|Blackout)-(LINEN-CURTAIN-52x108-IVORY-2-PCS)-(108 inch curtains blackout),keyword,108 inch curtains blackout,EXACT,bid,,0.40,0.67,cpa,target,,,2026-09-15,,,,,,
L0449,ok,ceiling bid cut,D-LC-SP-BROAD-RAN-DO-(Curtains|Blackout)-(LINEN-CURTAIN-52x90-LIGHT-BEIGE-2-PCS)-(light beige blackout curtains),keyword,light beige blackout curtains,BROAD,bid,,0.45,0.56,cpa,target,,,2026-09-15,,,,,,
L0450,ok,ceiling bid cut,D-LC-SP-PHRASE-RAN-DO-(Linen|Curtains)-(LINEN-CURTAIN-52x84-IVORY-2-PCS)-(ivory linen curtains),keyword,ivory linen curtains,PHRASE,bid,,0.56,0.70,cpa,target,,,2026-09-15,,,,,,
L0451,ok,ceiling bid cut,D-LC-SP-EXACT-RAN-DO-(Curtains|Blackout|Bedroom)-(52x72-LIGHT-BEIGE-2-PCS)-(blackout curtains for bedroom 72 inches long),keyword,blackout curtains for bedroom 72 inches long,EXACT,bid,,0.68,0.85,cpa,target,,,2026-09-15,,,,,,
L0452,ok,ceiling bid cut,D-LC-SP-EXACT-RAN-DO-(Curtains|Blackout|Bedroom)-(52x108-IVORY-2-PCS)-(blackout curtains for bedroom 108 inches long),keyword,blackout curtains for bedroom 108 inches long,EXACT,bid,,0.40,0.66,cpa,target,,,2026-09-15,,,,,,
L0453,ok,ceiling bid cut,D-LC-SP-EXACT-RAN-DO-(Curtains|Blackout)-(LINEN-CURTAIN-52x72-LIGHT-BEIGE-2-PCS)-(72 blackout curtains),keyword,72 blackout curtains,EXACT,bid,,0.62,0.78,cpa,target,,,2026-09-15,,,,,,
L0454,ok,ceiling bid cut,D-LC-SP-white blackout curtains 72 inches long-(Blackout)-LSV-Exact-Conv-DO-LINEN-CURTAIN-52x72-IVORY-2-PCS,keyword,white blackout curtains 72 inches long,EXACT,bid,,0.40,0.50,cpa,target,,,2026-09-15,,,,,,
L0455,ok,ceiling bid cut,D-LC-SP-EXACT-RAN-DO-(Curtains|Blackout)-(LINEN-CURTAIN-52x72-LIGHT-BEIGE-2-PCS)-(72 inch curtains blackout),keyword,72 inch curtains blackout,EXACT,bid,,0.39,0.49,cpa,target,,,2026-09-15,,,,,,
L0456,ok,ceiling bid cut,D-LC-SP-blackout curtains 72 inches wide-(Blackout)-MSV-Exact-Conv-DO-LINEN-CURTAIN-52x72-LIGHT-BEIGE-2-PCS,keyword,blackout curtains 72 inches wide,EXACT,bid,,0.40,0.50,cpa,target,,,2026-09-15,,,,,,
L0457,ok,ceiling bid cut,D-LC-SP-72 blackout curtains 2 panel set-(Blackout)-LSV-Exact-Conv-DO-LINEN-CURTAIN-52x72-LIGHT-BEIGE-2-PCS,keyword,72 blackout curtains 2 panel set,EXACT,bid,,0.40,0.50,cpa,target,,,2026-09-15,,,,,,
L0458,ok,ceiling bid cut,D-LC-SP-EXACT-RAN-DO-(Curtains|Blackout)-(LINEN-CURTAIN-52x108-IVORY-2-PCS)-(108 blackout curtains 2 panel set),keyword,108 blackout curtains 2 panel set,EXACT,bid,,0.36,0.60,cpa,target,,,2026-09-15,,,,,,
L0459,ok,ceiling bid cut,D-LC-SP-72 wide blackout curtains-(Blackout)-MSV-Exact-Conv-DO-LINEN-CURTAIN-52x72-LIGHT-BEIGE-2-PCS,keyword,72 wide blackout curtains,EXACT,bid,,0.40,0.50,cpa,target,,,2026-09-15,,,,,,
L0460,ok,ceiling bid cut,D-LC-SP-EXACT-RAN-DO-(Curtains|Blackout)-(LINEN-CURTAIN-52x72-LIGHT-BEIGE-2-PCS)-(curtains blackout 72 inch length),keyword,curtains blackout 72 inch length,EXACT,bid,,0.65,0.81,cpa,target,,,2026-09-15,,,,,,
L0461,ok,ceiling bid cut,D-LC-SP-room darkening curtains 72 inches long-(Blackout)-MSV-Exact-Conv-DO-LINEN-CURTAIN-52x72-LIGHT-BEIGE-2-PCS,keyword,room darkening curtains 72 inches long,EXACT,bid,,0.40,0.50,cpa,target,,,2026-09-15,,,,,,
L0462,ok,ceiling bid cut,D-LC-SP-blackout curtains for bedroom 72 wide-(Blackout)-LSV-Exact-Conv-DO-LINEN-CURTAIN-52x72-LIGHT-BEIGE-2-PCS,keyword,blackout curtains for bedroom 72 wide,EXACT,bid,,0.40,0.50,cpa,target,,,2026-09-15,,,,,,
L0463,ok,ceiling bid cut,D-LC-TESTING-NEW-FEATURE,product_target,"keyword-group=""category""",,bid,,0.31,0.51,cpa,target,,,2026-09-15,,,,,,
L0464,ok,bid raise to ceiling,D-LC-SP-black out curtains 72 inch long-(Blackout)-VHSV-Exact-Conv-DO-LINEN-CURTAIN-52x72-LIGHT-BEIGE-2-PCS,keyword,black out curtains 72 inch long,EXACT,bid,,0.72,0.50,cpc,target,0.70,0.55,2026-09-15,,,average bid on these 55 targets rises from $0.55 to $0.70; clicks and orders on the FUND SKUs rise while CPA stays inside $19.69,2026-09-22,roll the bid back one step on any target whose CPA passes $19.69 at the 22 September read,These targets convert inside the $19.69 ceiling — one at $4.80 CPA — and only 14 keywords on this product do. Auto is the only lane with no keyword-selection risk and it is under-bid at 0 orders on $2.12 of close-match spend.
L0465,ok,bid raise to ceiling,DLC - SP - Auto - LINEN-CURTAIN-52x84-G1,product_target,close-match,,bid,,0.69,0.53,cpc,target,,,2026-09-15,,,,,,
L0466,ok,bid raise to ceiling,DLC - SP - Auto - LINEN-CURTAIN-52x84-G1,product_target,substitutes,,bid,,0.48,0.32,cpc,target,,,2026-09-15,,,,,,
L0467,ok,bid raise to ceiling,DLC - SP - Auto - LINEN-CURTAIN-52x84-G1,product_target,loose-match,,bid,,0.48,0.32,cpc,target,,,2026-09-15,,,,,,
L0468,ok,bid raise to ceiling,DLC - SP - Auto - LINEN-CURTAIN-52x84-G1,product_target,complements,,bid,,0.40,0.36,cpc,target,,,2026-09-15,,,,,,
L0469,ok,bid raise to ceiling,DLC - SP - Auto - LINEN-CURTAIN-52x84-G2,product_target,substitutes,,bid,,0.54,0.36,cpc,target,,,2026-09-15,,,,,,
L0470,ok,bid raise to ceiling,DLC - SP - Auto - LINEN-CURTAIN-52x84-G2,product_target,loose-match,,bid,,0.55,0.37,cpc,target,,,2026-09-15,,,,,,
L0471,ok,bid raise to ceiling,DLC - SP - Auto - LINEN-CURTAIN-52x84-G2,product_target,complements,,bid,,0.40,0.36,cpc,target,,,2026-09-15,,,,,,
L0472,ok,bid raise to ceiling,DLC - SP - Auto - LINEN-CURTAIN-52x84-G2,product_target,close-match,,bid,,0.69,0.53,cpc,target,,,2026-09-15,,,,,,
L0473,ok,bid raise to ceiling,DLC - SP - Auto -DO- LINEN-CURTAIN-52x96-G1,product_target,close-match,,bid,,0.69,0.53,cpc,target,,,2026-09-15,,,,,,
L0474,ok,bid raise to ceiling,DLC - SP - Auto -DO- LINEN-CURTAIN-52x96-G1,product_target,substitutes,,bid,,0.54,0.36,cpc,target,,,2026-09-15,,,,,,
L0475,ok,bid raise to ceiling,DLC - SP - Auto -DO- LINEN-CURTAIN-52x96-G1,product_target,loose-match,,bid,,0.54,0.36,cpc,target,,,2026-09-15,,,,,,
L0476,ok,bid raise to ceiling,DLC - SP - Auto -DO- LINEN-CURTAIN-52x96-G1,product_target,complements,,bid,,0.40,0.36,cpc,target,,,2026-09-15,,,,,,
L0477,ok,bid raise to ceiling,DLC - SP - Auto -DO- LINEN-CURTAIN-52x96-G2,product_target,loose-match,,bid,,0.54,0.36,cpc,target,,,2026-09-15,,,,,,
L0478,ok,bid raise to ceiling,DLC - SP - Auto -DO- LINEN-CURTAIN-52x96-G2,product_target,complements,,bid,,0.40,0.36,cpc,target,,,2026-09-15,,,,,,
L0479,ok,bid raise to ceiling,DLC - SP - Auto -DO- LINEN-CURTAIN-52x96-G2,product_target,substitutes,,bid,,0.54,0.36,cpc,target,,,2026-09-15,,,,,,
L0480,ok,bid raise to ceiling,DLC - SP - Auto -DO- LINEN-CURTAIN-52x96-G2,product_target,close-match,,bid,,0.69,0.53,cpc,target,,,2026-09-15,,,,,,
L0481,ok,bid raise to ceiling,D-LC-SP-PHRASE-RAN-DO-(Curtains)-(LINEN-CURTAIN-52x108-BEIGE-2-PCS)-(108 inch curtains),keyword,108 inch curtains,PHRASE,bid,,0.91,0.63,cpc,target,,,2026-09-15,,,,,,
L0482,ok,bid raise to ceiling,D-LC-SP-PHRASE-RAN-DO-(Curtains|Blackout)-(LINEN-CURTAIN-52x108-BEIGE-2-PCS)-(108 inch blackout curtains),keyword,108 inch blackout curtains,PHRASE,bid,,1.00,0.70,cpc,target,,,2026-09-15,,,,,,
L0483,ok,bid raise to ceiling,D-LC-SP-black out curtains 108 inches long-(Blackout)-HSV-Exact-Conv-DO-LINEN-CURTAIN-52x108-BEIGE-2-PCS,keyword,black out curtains 108 inches long,EXACT,bid,,0.72,0.50,cpc,target,,,2026-09-15,,,,,,
L0484,ok,bid raise to ceiling,D-LC-SP-BROAD-RAN-DO-(Curtains|Blackout)-(LINEN-CURTAIN-52x84-IVORY-2-PCS)-(ivory curtains blackout),keyword,ivory curtains blackout,BROAD,bid,,0.70,0.56,cpc,target,,,2026-09-15,,,,,,
L0485,ok,bid raise to ceiling,D-LC-SP-EXACT-RAN-DO-(Linen|Curtains|Blackout)-(LINEN-CURTAIN-52x108-IVORY-2-PCS)-(linen blackout curtains 108 inches long),keyword,linen blackout curtains 108 inches long,EXACT,bid,,1.00,0.77,cpc,target,,,2026-09-15,,,,,,
L0486,ok,bid raise to ceiling,D-LC-SP-PHRASE-RAN-DO-(Curtains|Blackout)-(LINEN-CURTAIN-52x84-IVORY-2-PCS)-(ivory blackout curtains),keyword,ivory blackout curtains,PHRASE,bid,,0.88,0.70,cpc,target,,,2026-09-15,,,,,,
L0487,ok,bid raise to ceiling,D-LC-SP-BROAD-RAN-DO-(Linen|Curtains)-(LINEN-CURTAIN-52x108-IVORY-2-PCS)-(linen curtains 108 inch long),keyword,linen curtains 108 inch long,BROAD,bid,,0.70,0.56,cpc,target,,,2026-09-15,,,,,,
L0488,ok,bid raise to ceiling,D-LC-SP-EXACT-RAN-DO-(Curtains|Blackout)-(LINEN-CURTAIN-52x72-LIGHT-BEIGE-2-PCS)-(52 x 72 blackout curtains),keyword,52 x 72 blackout curtains,EXACT,bid,,1.00,0.80,cpc,target,,,2026-09-15,,,,,,
L0489,ok,bid raise to ceiling,D-LC-SP-EXACT-RAN-DO-(Curtains|Blackout)-(LINEN-CURTAIN-52x63-LINEN-2-PCS)-(52x63 blackout curtains 2 panels),keyword,52x63 blackout curtains 2 panels,EXACT,bid,,0.58,0.40,cpc,target,,,2026-09-15,,,,,,
L0490,ok,bid raise to ceiling,D-LC-SP-PHRASE-RAN-DO-(Linen|Curtains|Blackout)-(LINEN-CURTAIN-52x84-IVORY-2-PCS)-(ivory linen blackout curtains),keyword,ivory linen blackout curtains,PHRASE,bid,,0.88,0.70,cpc,target,,,2026-09-15,,,,,,
L0491,ok,bid raise to ceiling,D-LC-SP-PAT-B0GR67MC4D-LINEN-CURTAIN-52x84-NATURAL-2-PCS,product_target,"asin=""B0GR67MC4D""",,bid,,0.83,0.72,cpc,target,,,2026-09-15,,,,,,
L0492,ok,bid raise to ceiling,D-LC-SP-PAT-B0FKGF76ZQ-LINEN-CURTAIN-52x84-NATURAL-2-PCS,product_target,"asin-expanded=""B0FKGF76ZQ""",,bid,,0.49,0.43,cpc,target,,,2026-09-15,,,,,,
L0493,ok,bid raise to ceiling,D-LC-SP-PHRASE-RAN-DO-(Curtains|Blackout)-(LINEN-CURTAIN-52x84-IVORY-2-PCS)-(84 inch blackout curtains),keyword,84 inch blackout curtains,PHRASE,bid,,0.88,0.70,cpc,target,,,2026-09-15,,,,,,
L0494,ok,bid raise to ceiling,D-LC-SP-PHRASE-RAN-DO-(Linen|Curtains)-(LINEN-CURTAIN-52x84-IVORY-2-PCS)-(warm ivory linen curtains),keyword,warm ivory linen curtains,PHRASE,bid,,0.88,0.70,cpc,target,,,2026-09-15,,,,,,
L0495,ok,bid raise to ceiling,D-LC-SP-PHRASE-RAN-DO-(Curtains)-(LINEN-CURTAIN-52x90-LIGHT-BEIGE-2-PCS)-(light beige curtains),keyword,light beige curtains,PHRASE,bid,,0.88,0.70,cpc,target,,,2026-09-15,,,,,,
L0496,ok,bid raise to ceiling,D-LC-SP-PHRASE-RAN-DO-(Curtains|Blackout)-(LINEN-CURTAIN-52x84-LIGHT-BEIGE-2-PCS)-(84 inch curtains blackout),keyword,84 inch curtains blackout,PHRASE,bid,,0.88,0.70,cpc,target,,,2026-09-15,,,,,,
L0497,ok,bid raise to ceiling,D-LC-SP-PHRASE-RAN-DO-(Curtains|Blackout)-(LINEN-CURTAIN-52x84-LIGHT-BEIGE-2-PCS)-(blackout drapes 84 inch 2 panels),keyword,blackout drapes 84 inch 2 panels,PHRASE,bid,,0.88,0.70,cpc,target,,,2026-09-15,,,,,,
L0498,ok,bid raise to ceiling,D-LC-SP-PHRASE-RAN-DO-(Curtains|Blackout)-(LINEN-CURTAIN-52x108-IVORY-2-PCS)-(blackout curtains 108 inch long),keyword,blackout curtains 108 inch long,PHRASE,bid,,0.88,0.70,cpc,target,,,2026-09-15,,,,,,
L0499,ok,bid raise to ceiling,D-LC-SP-BROAD-RAN-DO-(Linen|Curtains)-(LINEN-CURTAIN-52x108-LIGHT-GREY-2-PCS)-(108 inch linen curtains),keyword,108 inch linen curtains,BROAD,bid,,0.72,0.50,cpc,target,,,2026-09-15,,,,,,
L0500,ok,bid raise to ceiling,D-LC-SP-PHRASE-RAN-DO-(Curtains|Blackout)-(LINEN-CURTAIN-52x84-IVORY-2-PCS)-(blackout curtains 84 inch long),keyword,blackout curtains 84 inch long,PHRASE,bid,,0.88,0.70,cpc,target,,,2026-09-15,,,,,,
L0501,ok,bid raise to ceiling,D-LC-SP-PAT-B0CSSDGWVT-LINEN-CURTAIN-52x84-NATURAL-2-PCS,product_target,"asin=""B0CSSDGWVT""",,bid,,0.46,0.40,cpc,target,,,2026-09-15,,,,,,
L0502,ok,bid raise to ceiling,D-LC-SP-PAT-B0DBLRPBT6-LINEN-CURTAIN-52x84-NATURAL-2-PCS,product_target,"asin=""B0DBLRPBT6""",,bid,,0.78,0.68,cpc,target,,,2026-09-15,,,,,,
L0503,ok,bid raise to ceiling,D-LC-SP-B0F639CWS1-Exact-Def-DO-LINEN-CURTAIN-52x84-NATURAL-2-PCS,product_target,"asin=""B0F639CWS1""",,bid,,0.69,0.60,cpc,target,,,2026-09-15,,,,,,
L0504,ok,bid raise to ceiling,D-LC-SP-PHRASE-RAN-DO-(Curtains|Room Darkening)-(LINEN-CURTAIN-52x84-LIGHT-BEIGE-2-PCS)-(room darkening curtains 84 inch),keyword,room darkening curtains 84 inch,PHRASE,bid,,0.88,0.70,cpc,target,,,2026-09-15,,,,,,
L0505,ok,bid raise to ceiling,D-LC-SP-B0F6366Z7N-Exact-Def-DO-LINEN-CURTAIN-52x96-NATURAL-2-PCS,product_target,"asin=""B0F6366Z7N""",,bid,,0.69,0.60,cpc,target,,,2026-09-15,,,,,,
L0506,ok,bid raise to ceiling,D-LC-SP-B0F6392CDG-Exact-Def-DO-LINEN-CURTAIN-52x96-IVORY-2-PCS,product_target,"asin=""B0F6392CDG""",,bid,,0.69,0.60,cpc,target,,,2026-09-15,,,,,,
L0507,ok,bid raise to ceiling,D-LC-SP-PAT-B0DR49RC45-LINEN-CURTAIN-52x84-NATURAL-2-PCS,product_target,"asin=""B0DR49RC45""",,bid,,0.60,0.52,cpc,target,,,2026-09-15,,,,,,
L0508,ok,bid raise to ceiling,D-LC-SP-PHRASE-RAN-DO-(Curtains|Room Darkening)-(LINEN-CURTAIN-52x84-IVORY-2-PCS)-(room darkening curtains 84 inch long),keyword,room darkening curtains 84 inch long,PHRASE,bid,,0.88,0.70,cpc,target,,,2026-09-15,,,,,,
L0509,ok,bid raise to ceiling,D-LC-SP-PAT-B0D8KY5HVQ-LINEN-CURTAIN-52x84-NATURAL-2-PCS,product_target,"asin=""B0D8KY5HVQ""",,bid,,0.59,0.51,cpc,target,,,2026-09-15,,,,,,
L0510,ok,bid raise to ceiling,D-LC-SP-PAT-B0DFWNNRZT-LINEN-CURTAIN-52x84-NATURAL-2-PCS,product_target,"asin=""B0DFWNNRZT""",,bid,,0.60,0.52,cpc,target,,,2026-09-15,,,,,,
L0511,ok,bid raise to ceiling,D-LC-SP-B0F6381MZ1-Exact-Def-DO-LINEN-CURTAIN-52x63-LINEN-2-PCS,product_target,"asin=""B0F6381MZ1""",,bid,,0.69,0.60,cpc,target,,,2026-09-15,,,,,,
L0512,ok,bid raise to ceiling,D-LC-SP-PAT-B0FK58S5VW-LINEN-CURTAIN-52x84-NATURAL-2-PCS,product_target,"asin=""B0FK58S5VW""",,bid,,0.69,0.60,cpc,target,,,2026-09-15,,,,,,
L0513,ok,bid raise to ceiling,D-LC-SP-B0F6371Q67-Exact-Def-DO-LINEN-CURTAIN-52x108-BEIGE-2-PCS,product_target,"asin=""B0F6371Q67""",,bid,,0.69,0.60,cpc,target,,,2026-09-15,,,,,,
L0514,ok,bid raise to ceiling,D-LC-SP-PAT-B0F7GY74WD-LINEN-CURTAIN-52x84-NATURAL-2-PCS,product_target,"asin=""B0F7GY74WD""",,bid,,0.56,0.49,cpc,target,,,2026-09-15,,,,,,
L0515,ok,bid raise to ceiling,D-LC-SP-PHRASE-RAN-DO-(Linen|Curtains|Blackout)-(LINEN-CURTAIN-52x84-LIGHT-BEIGE-2-PCS)-(linen blackout curtains 84 inch long),keyword,linen blackout curtains 84 inch long,PHRASE,bid,,0.88,0.70,cpc,target,,,2026-09-15,,,,,,
L0516,ok,bid raise to ceiling,D-LC-SP-PAT-B0FK5859JV-LINEN-CURTAIN-52x84-NATURAL-2-PCS,product_target,"asin=""B0FK5859JV""",,bid,,0.75,0.65,cpc,target,,,2026-09-15,,,,,,
L0517,ok,bid raise to ceiling,D-LC-SP-PHRASE-RAN-DO-(Curtains|Blackout)-(LINEN-CURTAIN-52x84-LIGHT-BEIGE-2-PCS)-(blackout curtains 84 inch long 2 panels set),keyword,blackout curtains 84 inch long 2 panels set,PHRASE,bid,,0.88,0.70,cpc,target,,,2026-09-15,,,,,,
L0518,ok,bid raise to ceiling,D-LC-SP-PAT-B0FK58Y375-LINEN-CURTAIN-52x84-NATURAL-2-PCS,product_target,"asin=""B0FK58Y375""",,bid,,0.60,0.52,cpc,target,,,2026-09-15,,,,,,
L0519,ok,placement modifier reset,D-LC-SP-EXACT-blackout curtain-LINEN-CURTAIN-52x90-BEIGE-2-PCS,placement,Placement Top,,placement_pct,Placement Top,0,100,placement_pct,campaign,0,129,2026-09-15,,,effective bid at Top of Search and Rest of Search falls back to the base bid on 627 modifiers averaging 129% (max 275%); spend concentration at Top of Search drops and blended CPC falls,2026-09-22,"rebuild modifiers per campaign from a clean read taken after 22 September, once the 23 August listing change has washed through — never as a blanket value","Placement evidence is contaminated by the 23 August listing change and a conflicting earlier read, so no modifier can be justified from current data. All non-zero modifiers go to 0% and are rebuilt from clean evidence next cycle."
L0520,ok,placement modifier reset,D-LC-SP-EXACT-blackout curtain-LINEN-CURTAIN-52x90-BEIGE-2-PCS,placement,Placement Rest Of Search,,placement_pct,Placement Rest Of Search,0,47,placement_pct,campaign,,,2026-09-15,,,,,,
L0521,ok,placement modifier reset,D-LC-SP-EXACT-RAN-DO-(Curtains|Blackout|Bedroom)-(LINEN-CURTAIN-52x90-BEIGE-2-PCS)-(blackout curtain bedroom),placement,Placement Top,,placement_pct,Placement Top,0,103,placement_pct,campaign,,,2026-09-15,,,,,,
L0522,ok,placement modifier reset,D-LC-SP-EXACT-RAN-DO-(Curtains|Blackout|Bedroom)-(LINEN-CURTAIN-52x90-BEIGE-2-PCS)-(blackout curtain bedroom),placement,Placement Rest Of Search,,placement_pct,Placement Rest Of Search,0,49,placement_pct,campaign,,,2026-09-15,,,,,,
L0523,ok,placement modifier reset,D-LC-SP-EXACT-RAN-DO-(Curtains|Blackout)-(LINEN-CURTAIN-52x108-IVORY-2-PCS)-(108 inch blackout curtains),placement,Placement Top,,placement_pct,Placement Top,0,69,placement_pct,campaign,,,2026-09-15,,,,,,
L0524,ok,placement modifier reset,D-LC-SP-EXACT-RAN-DO-(Curtains|Blackout)-(LINEN-CURTAIN-52x108-IVORY-2-PCS)-(108 inch blackout curtains),placement,Placement Rest Of Search,,placement_pct,Placement Rest Of Search,0,24,placement_pct,campaign,,,2026-09-15,,,,,,
L0525,ok,placement modifier reset,D-LC-SP-black out curtains 72 inch long-(Blackout)-VHSV-Exact-Conv-DO-LINEN-CURTAIN-52x72-LIGHT-BEIGE-2-PCS,placement,Placement Top,,placement_pct,Placement Top,0,200,placement_pct,campaign,,,2026-09-15,,,,,,
L0526,ok,placement modifier reset,D-LC-SP-black out curtains 72 inch long-(Blackout)-VHSV-Exact-Conv-DO-LINEN-CURTAIN-52x72-LIGHT-BEIGE-2-PCS,placement,Placement Rest Of Search,,placement_pct,Placement Rest Of Search,0,120,placement_pct,campaign,,,2026-09-15,,,,,,
L0527,ok,placement modifier reset,D-LC-SP-EXACT-RAN-DO-(Curtains|Blackout)-(LINEN-CURTAIN-52x108-IVORY-2-PCS)-(blackout curtains 108 inches long),placement,Placement Top,,placement_pct,Placement Top,0,124,placement_pct,campaign,,,2026-09-15,,,,,,
L0528,ok,placement modifier reset,D-LC-SP-EXACT-RAN-DO-(Curtains|Blackout)-(LINEN-CURTAIN-52x108-IVORY-2-PCS)-(blackout curtains 108 inches long),placement,Placement Rest Of Search,,placement_pct,Placement Rest Of Search,0,64,placement_pct,campaign,,,2026-09-15,,,,,,
L0529,ok,placement modifier reset,D-LC-SP-EXACT-RAN-DO-(Curtains|Blackout)-(LINEN-CURTAIN-52x90-BEIGE-2-PCS)-(52x90 blackout curtains 2 panels),placement,Placement Top,,placement_pct,Placement Top,0,114,placement_pct,campaign,,,2026-09-15,,,,,,
L0530,ok,placement modifier reset,D-LC-SP-EXACT-RAN-DO-(Curtains|Blackout)-(LINEN-CURTAIN-52x90-BEIGE-2-PCS)-(52x90 blackout curtains 2 panels),placement,Placement Rest Of Search,,placement_pct,Placement Rest Of Search,0,57,placement_pct,campaign,,,2026-09-15,,,,,,
L0531,ok,placement modifier reset,D-LC-SP-EXACT-RAN-DO-(Curtains|Blackout)-(LINEN-CURTAIN-52x96-IVORY-2-PCS)-(blackout curtains 96 inches long),placement,Placement Top,,placement_pct,Placement Top,0,72,placement_pct,campaign,,,2026-09-15,,,,,,
L0532,ok,placement modifier reset,D-LC-SP-EXACT-RAN-DO-(Curtains|Blackout)-(LINEN-CURTAIN-52x96-IVORY-2-PCS)-(blackout curtains 96 inches long),placement,Placement Rest Of Search,,placement_pct,Placement Rest Of Search,0,26,placement_pct,campaign,,,2026-09-15,,,,,,
L0533,ok,placement modifier reset,D-LC-SP-black out curtains 96 inch long-(Blackout)-VHSV-Exact-Conv-DO-LINEN-CURTAIN-52x96-BEIGE-2-PCS,placement,Placement Top,,placement_pct,Placement Top,0,200,placement_pct,campaign,,,2026-09-15,,,,,,
L0534,ok,placement modifier reset,D-LC-SP-black out curtains 96 inch long-(Blackout)-VHSV-Exact-Conv-DO-LINEN-CURTAIN-52x96-BEIGE-2-PCS,placement,Placement Rest Of Search,,placement_pct,Placement Rest Of Search,0,120,placement_pct,campaign,,,2026-09-15,,,,,,
L0535,ok,placement modifier reset,D-LC-SP-EXACT-RAN-DO-(Curtains|Blackout)-(LINEN-CURTAIN-52x90-LIGHT-GREY-2-PCS)-(grey blackout curtains),placement,Placement Top,,placement_pct,Placement Top,0,127,placement_pct,campaign,,,2026-09-15,,,,,,
L0536,ok,placement modifier reset,D-LC-SP-EXACT-RAN-DO-(Curtains|Blackout)-(LINEN-CURTAIN-52x90-LIGHT-GREY-2-PCS)-(grey blackout curtains),placement,Placement Rest Of Search,,placement_pct,Placement Rest Of Search,0,67,placement_pct,campaign,,,2026-09-15,,,,,,
L0537,ok,placement modifier reset,D-LC-SP-black out curtains 63 inch long-(Blackout)-VHSV-Exact-Conv-DO-LINEN-CURTAIN-52x63-LINEN-2-PCS,placement,Placement Top,,placement_pct,Placement Top,0,200,placement_pct,campaign,,,2026-09-15,,,,,,
L0538,ok,placement modifier reset,D-LC-SP-black out curtains 63 inch long-(Blackout)-VHSV-Exact-Conv-DO-LINEN-CURTAIN-52x63-LINEN-2-PCS,placement,Placement Rest Of Search,,placement_pct,Placement Rest Of Search,0,120,placement_pct,campaign,,,2026-09-15,,,,,,
L0539,ok,placement modifier reset,D-LC-SP-blackout curtain 63 inch length-(Blackout)-LSV-Exact-Conv-DO-LINEN-CURTAIN-52x63-LINEN-2-PCS,placement,Placement Top,,placement_pct,Placement Top,0,200,placement_pct,campaign,,,2026-09-15,,,,,,
L0540,ok,placement modifier reset,D-LC-SP-blackout curtain 63 inch length-(Blackout)-LSV-Exact-Conv-DO-LINEN-CURTAIN-52x63-LINEN-2-PCS,placement,Placement Rest Of Search,,placement_pct,Placement Rest Of Search,0,120,placement_pct,campaign,,,2026-09-15,,,,,,
L0541,ok,placement modifier reset,D-LC-SP-EXACT-RAN-DO-(Curtains|Blackout)-(LINEN-CURTAIN-52x90-BEIGE-2-PCS)-(thermal blackout curtains),placement,Placement Top,,placement_pct,Placement Top,0,88,placement_pct,campaign,,,2026-09-15,,,,,,
L0542,ok,placement modifier reset,D-LC-SP-EXACT-RAN-DO-(Curtains|Blackout)-(LINEN-CURTAIN-52x90-BEIGE-2-PCS)-(thermal blackout curtains),placement,Placement Rest Of Search,,placement_pct,Placement Rest Of Search,0,38,placement_pct,campaign,,,2026-09-15,,,,,,
L0543,ok,placement modifier reset,D-LC-SP-EXACT-RAN-DO-(Curtains|Blackout)-(LINEN-CURTAIN-52x84-NATURAL-2-PCS)-(blackout curtains),placement,Placement Top,,placement_pct,Placement Top,0,163,placement_pct,campaign,,,2026-09-15,,,,,,
L0544,ok,placement modifier reset,D-LC-SP-EXACT-RAN-DO-(Curtains|Blackout)-(LINEN-CURTAIN-52x84-NATURAL-2-PCS)-(blackout curtains),placement,Placement Rest Of Search,,placement_pct,Placement Rest Of Search,0,93,placement_pct,campaign,,,2026-09-15,,,,,,
L0545,ok,placement modifier reset,D-LC-SP-black out curtains-(Blackout)-VHSV-Exact-Conv-DO-LINEN-CURTAIN-52x96-NATURAL-2-PCS,placement,Placement Top,,placement_pct,Placement Top,0,200,placement_pct,campaign,,,2026-09-15,,,,,,
L0546,ok,placement modifier reset,D-LC-SP-black out curtains-(Blackout)-VHSV-Exact-Conv-DO-LINEN-CURTAIN-52x96-NATURAL-2-PCS,placement,Placement Rest Of Search,,placement_pct,Placement Rest Of Search,0,120,placement_pct,campaign,,,2026-09-15,,,,,,
L0547,ok,placement modifier reset,D-LC-SP-black out curtains 108 inches long-(Blackout)-HSV-Exact-Conv-DO-LINEN-CURTAIN-52x108-BEIGE-2-PCS,placement,Placement Top,,placement_pct,Placement Top,0,200,placement_pct,campaign,,,2026-09-15,,,,,,
L0548,ok,placement modifier reset,D-LC-SP-black out curtains 108 inches long-(Blackout)-HSV-Exact-Conv-DO-LINEN-CURTAIN-52x108-BEIGE-2-PCS,placement,Placement Rest Of Search,,placement_pct,Placement Rest Of Search,0,120,placement_pct,campaign,,,2026-09-15,,,,,,
L0549,ok,placement modifier reset,D-LC-SP-EXACT-RAN-DO-(Curtains|Blackout)-(LINEN-CURTAIN-52x90-BEIGE-2-PCS)-(blackout curtains 90 inches long),placement,Placement Top,,placement_pct,Placement Top,0,131,placement_pct,campaign,,,2026-09-15,,,,,,
L0550,ok,placement modifier reset,D-LC-SP-EXACT-RAN-DO-(Curtains|Blackout)-(LINEN-CURTAIN-52x90-BEIGE-2-PCS)-(blackout curtains 90 inches long),placement,Placement Rest Of Search,,placement_pct,Placement Rest Of Search,0,69,placement_pct,campaign,,,2026-09-15,,,,,,
L0551,ok,placement modifier reset,D-Linen Curtains-SP-Exact-Ranking-Fixed-LINEN-CURTAIN-52x96-LIGHT-BEIGE-2-PCS-B0F639YZ3D - beige linen blackout curtains,placement,Placement Top,,placement_pct,Placement Top,0,9,placement_pct,campaign,,,2026-09-15,,,,,,
L0552,ok,placement modifier reset,D-LC-SP-EXACT-RAN-DO-(Curtains|Blackout)-(LINEN-CURTAIN-52x120-NATURAL-2-PCS)-(120 inch blackout curtains),placement,Placement Top,,placement_pct,Placement Top,0,142,placement_pct,campaign,,,2026-09-15,,,,,,
L0553,ok,placement modifier reset,D-LC-SP-EXACT-RAN-DO-(Curtains|Blackout)-(LINEN-CURTAIN-52x120-NATURAL-2-PCS)-(120 inch blackout curtains),placement,Placement Rest Of Search,,placement_pct,Placement Rest Of Search,0,77,placement_pct,campaign,,,2026-09-15,,,,,,
L0554,ok,placement modifier reset,D-LC-SP-blackout curtain 120 inches long-(Blackout)-LSV-Exact-Conv-DO-LINEN-CURTAIN-52x120-LINEN-2-PCS,placement,Placement Top,,placement_pct,Placement Top,0,200,placement_pct,campaign,,,2026-09-15,,,,,,
L0555,ok,placement modifier reset,D-LC-SP-blackout curtain 120 inches long-(Blackout)-LSV-Exact-Conv-DO-LINEN-CURTAIN-52x120-LINEN-2-PCS,placement,Placement Rest Of Search,,placement_pct,Placement Rest Of Search,0,120,placement_pct,campaign,,,2026-09-15,,,,,,
L0556,ok,placement modifier reset,D-LC-SP-EXACT-RAN-DO-(Curtains|Blackout)-(LINEN-CURTAIN-52x90-BEIGE-2-PCS)-(90 inch blackout curtains),placement,Placement Top,,placement_pct,Placement Top,0,146,placement_pct,campaign,,,2026-09-15,,,,,,
L0557,ok,placement modifier reset,D-LC-SP-EXACT-RAN-DO-(Curtains|Blackout)-(LINEN-CURTAIN-52x90-BEIGE-2-PCS)-(90 inch blackout curtains),placement,Placement Rest Of Search,,placement_pct,Placement Rest Of Search,0,80,placement_pct,campaign,,,2026-09-15,,,,,,
L0558,ok,placement modifier reset,D-LC-SP-EXACT-RAN-DO-(Curtains|Blackout)-(LINEN-CURTAIN-52x120-NATURAL-2-PCS)-(blackout curtains 120 inches long),placement,Placement Top,,placement_pct,Placement Top,0,105,placement_pct,campaign,,,2026-09-15,,,,,,
L0559,ok,placement modifier reset,D-LC-SP-EXACT-RAN-DO-(Curtains|Blackout)-(LINEN-CURTAIN-52x120-NATURAL-2-PCS)-(blackout curtains 120 inches long),placement,Placement Rest Of Search,,placement_pct,Placement Rest Of Search,0,51,placement_pct,campaign,,,2026-09-15,,,,,,
L0560,ok,placement modifier reset,D-LC-SP-light grey blackout curtains-(Blackout)-HSV-Exact-Conv-DO-LINEN-CURTAIN-52x84-LIGHT-GREY-2-PCS,placement,Placement Top,,placement_pct,Placement Top,0,200,placement_pct,campaign,,,2026-09-15,,,,,,
L0561,ok,placement modifier reset,D-LC-SP-light grey blackout curtains-(Blackout)-HSV-Exact-Conv-DO-LINEN-CURTAIN-52x84-LIGHT-GREY-2-PCS,placement,Placement Rest Of Search,,placement_pct,Placement Rest Of Search,0,120,placement_pct,campaign,,,2026-09-15,,,,,,
L0562,ok,placement modifier reset,D-LC-SP-EXACT-RAN-DO-(Curtains|Blackout)-(LINEN-CURTAIN-52x90-BEIGE-2-PCS)-(curtains blackout),placement,Placement Top,,placement_pct,Placement Top,0,183,placement_pct,campaign,,,2026-09-15,,,,,,
L0563,ok,placement modifier reset,D-LC-SP-EXACT-RAN-DO-(Curtains|Blackout)-(LINEN-CURTAIN-52x90-BEIGE-2-PCS)-(curtains blackout),placement,Placement Rest Of Search,,placement_pct,Placement Rest Of Search,0,108,placement_pct,campaign,,,2026-09-15,,,,,,
L0564,ok,placement modifier reset,D-LC-SP-EXACT-RAN-DO-(Curtains|Blackout)-(LINEN-CURTAIN-52x120-NATURAL-2-PCS)-(120 inch curtains blackout),placement,Placement Top,,placement_pct,Placement Top,0,103,placement_pct,campaign,,,2026-09-15,,,,,,
L0565,ok,placement modifier reset,D-LC-SP-EXACT-RAN-DO-(Curtains|Blackout)-(LINEN-CURTAIN-52x120-NATURAL-2-PCS)-(120 inch curtains blackout),placement,Placement Rest Of Search,,placement_pct,Placement Rest Of Search,0,49,placement_pct,campaign,,,2026-09-15,,,,,,
L0566,ok,placement modifier reset,D-LC-SP-EXACT-RAN-DO-(Curtains|Blackout)-(LINEN-CURTAIN-52x72-LIGHT-BEIGE-2-PCS)-(72 inch blackout curtains),placement,Placement Top,,placement_pct,Placement Top,0,178,placement_pct,campaign,,,2026-09-15,,,,,,
L0567,ok,placement modifier reset,D-LC-SP-EXACT-RAN-DO-(Curtains|Blackout)-(LINEN-CURTAIN-52x72-LIGHT-BEIGE-2-PCS)-(72 inch blackout curtains),placement,Placement Rest Of Search,,placement_pct,Placement Rest Of Search,0,104,placement_pct,campaign,,,2026-09-15,,,,,,
L0568,ok,placement modifier reset,D-LC-SP-light gray blackout curtains-(Blackout)-HSV-Exact-Conv-DO-LINEN-CURTAIN-52x84-LIGHT-GREY-2-PCS,placement,Placement Top,,placement_pct,Placement Top,0,200,placement_pct,campaign,,,2026-09-15,,,,,,
L0569,ok,placement modifier reset,D-LC-SP-light gray blackout curtains-(Blackout)-HSV-Exact-Conv-DO-LINEN-CURTAIN-52x84-LIGHT-GREY-2-PCS,placement,Placement Rest Of Search,,placement_pct,Placement Rest Of Search,0,120,placement_pct,campaign,,,2026-09-15,,,,,,
L0570,ok,placement modifier reset,D-Linen Curtains-SP-Exact-Ranking-Fixed-LINEN-CURTAIN-52x84-NATURAL-2-PCS-B0F639CWS1 - curtains for living room linen,placement,Placement Top,,placement_pct,Placement Top,0,260,placement_pct,campaign,,,2026-09-15,,,,,,
L0571,ok,placement modifier reset,D-LC-SP-EXACT-RAN-DO-(Linen|Curtains|Blackout)-(LINEN-CURTAIN-52x90-BEIGE-2-PCS)-(linen blackout curtain),placement,Placement Top,,placement_pct,Placement Top,0,200,placement_pct,campaign,,,2026-09-15,,,,,,
L0572,ok,placement modifier reset,D-LC-SP-EXACT-RAN-DO-(Curtains|Blackout)-(LINEN-CURTAIN-52x120-NATURAL-2-PCS)-(120 blackout curtains),placement,Placement Top,,placement_pct,Placement Top,0,100,placement_pct,campaign,,,2026-09-15,,,,,,
L0573,ok,placement modifier reset,D-LC-SP-EXACT-RAN-DO-(Curtains|Blackout)-(LINEN-CURTAIN-52x120-NATURAL-2-PCS)-(120 blackout curtains),placement,Placement Rest Of Search,,placement_pct,Placement Rest Of Search,0,47,placement_pct,campaign,,,2026-09-15,,,,,,
L0574,ok,placement modifier reset,D-LC-SP-EXACT-RAN-DO-(Curtains|Blackout)-(LINEN-CURTAIN-52x90-BEIGE-2-PCS)-(beige curtains blackout),placement,Placement Top,,placement_pct,Placement Top,0,85,placement_pct,campaign,,,2026-09-15,,,,,,
L0575,ok,placement modifier reset,D-LC-SP-EXACT-RAN-DO-(Curtains|Blackout)-(LINEN-CURTAIN-52x90-BEIGE-2-PCS)-(beige curtains blackout),placement,Placement Rest Of Search,,placement_pct,Placement Rest Of Search,0,36,placement_pct,campaign,,,2026-09-15,,,,,,
L0576,ok,placement modifier reset,D-LC-SP-blackout curtains for bedrooms-(Blackout)-HSV-Exact-Conv-DO-LINEN-CURTAIN-52x96-NATURAL-2-PCS,placement,Placement Top,,placement_pct,Placement Top,0,200,placement_pct,campaign,,,2026-09-15,,,,,,
L0577,ok,placement modifier reset,D-LC-SP-blackout curtains for bedrooms-(Blackout)-HSV-Exact-Conv-DO-LINEN-CURTAIN-52x96-NATURAL-2-PCS,placement,Placement Rest Of Search,,placement_pct,Placement Rest Of Search,0,120,placement_pct,campaign,,,2026-09-15,,,,,,
L0578,ok,placement modifier reset,D-LC-SP-black out curtains 84 inch long-(Blackout)-VHSV-Exact-Conv-DO-LINEN-CURTAIN-52x84-BEIGE-2-PCS,placement,Placement Top,,placement_pct,Placement Top,0,200,placement_pct,campaign,,,2026-09-15,,,,,,
L0579,ok,placement modifier reset,D-LC-SP-black out curtains 84 inch long-(Blackout)-VHSV-Exact-Conv-DO-LINEN-CURTAIN-52x84-BEIGE-2-PCS,placement,Placement Rest Of Search,,placement_pct,Placement Rest Of Search,0,120,placement_pct,campaign,,,2026-09-15,,,,,,
L0580,ok,placement modifier reset,D-LC-SP-EXACT-RAN-DO-(Linen|Curtains|Blackout)-(LINEN-CURTAIN-52x108-IVORY-2-PCS)-(linen blackout curtains 108 inches long),placement,Placement Top,,placement_pct,Placement Top,0,134,placement_pct,campaign,,,2026-09-15,,,,,,
L0581,ok,placement modifier reset,D-LC-SP-EXACT-RAN-DO-(Curtains|Blackout)-(LINEN-CURTAIN-52x96-IVORY-2-PCS)-(96 inch blackout curtains),placement,Placement Top,,placement_pct,Placement Top,0,134,placement_pct,campaign,,,2026-09-15,,,,,,
L0582,ok,placement modifier reset,D-LC-SP-EXACT-RAN-DO-(Curtains|Blackout)-(LINEN-CURTAIN-52x96-IVORY-2-PCS)-(96 inch blackout curtains),placement,Placement Rest Of Search,,placement_pct,Placement Rest Of Search,0,72,placement_pct,campaign,,,2026-09-15,,,,,,
L0583,ok,placement modifier reset,D-LC-SP-grey linen curtains-(Linen)-MSV-Exact-Conv-DO-LINEN-CURTAIN-52x84-LIGHT-GREY-2-PCS,placement,Placement Top,,placement_pct,Placement Top,0,260,placement_pct,campaign,,,2026-09-15,,,,,,
L0584,ok,placement modifier reset,D-LC-SP-EXACT-RAN-DO-(Curtains|Blackout)-(LINEN-CURTAIN-52x90-BEIGE-2-PCS)-(52 x 90 blackout curtains),placement,Placement Top,,placement_pct,Placement Top,0,131,placement_pct,campaign,,,2026-09-15,,,,,,
L0585,ok,placement modifier reset,D-LC-SP-EXACT-RAN-DO-(Curtains|Blackout)-(LINEN-CURTAIN-52x90-BEIGE-2-PCS)-(52 x 90 blackout curtains),placement,Placement Rest Of Search,,placement_pct,Placement Rest Of Search,0,69,placement_pct,campaign,,,2026-09-15,,,,,,
L0586,ok,placement modifier reset,D-LC-SP-EXACT-RAN-DO-(Curtains|Blackout)-(LINEN-CURTAIN-52x90-BEIGE-2-PCS)-(90 blackout curtains),placement,Placement Top,,placement_pct,Placement Top,0,117,placement_pct,campaign,,,2026-09-15,,,,,,
L0587,ok,placement modifier reset,D-LC-SP-EXACT-RAN-DO-(Curtains|Blackout)-(LINEN-CURTAIN-52x90-BEIGE-2-PCS)-(90 blackout curtains),placement,Placement Rest Of Search,,placement_pct,Placement Rest Of Search,0,59,placement_pct,campaign,,,2026-09-15,,,,,,
L0588,ok,placement modifier reset,D-LC-SP-greige blackout curtains-(Blackout)-HSV-Exact-Conv-DO-LINEN-CURTAIN-52x84-LIGHT-BEIGE-2-PCS,placement,Placement Top,,placement_pct,Placement Top,0,200,placement_pct,campaign,,,2026-09-15,,,,,,
L0589,ok,placement modifier reset,D-LC-SP-greige blackout curtains-(Blackout)-HSV-Exact-Conv-DO-LINEN-CURTAIN-52x84-LIGHT-BEIGE-2-PCS,placement,Placement Rest Of Search,,placement_pct,Placement Rest Of Search,0,120,placement_pct,campaign,,,2026-09-15,,,,,,
L0590,ok,placement modifier reset,D-LC-SP-black out curtains 120 inches long-(Blackout)-MSV-Exact-Conv-DO-LINEN-CURTAIN-52x120-LINEN-2-PCS,placement,Placement Top,,placement_pct,Placement Top,0,200,placement_pct,campaign,,,2026-09-15,,,,,,
L0591,ok,placement modifier reset,D-LC-SP-black out curtains 120 inches long-(Blackout)-MSV-Exact-Conv-DO-LINEN-CURTAIN-52x120-LINEN-2-PCS,placement,Placement Rest Of Search,,placement_pct,Placement Rest Of Search,0,120,placement_pct,campaign,,,2026-09-15,,,,,,
L0592,ok,placement modifier reset,D-LC-SP-EXACT-RAN-DO-(Curtains|Blackout|Living Room)-(52x90-BEIGE-2-PCS)-(thermal insulated blackout curtains for living room),placement,Placement Top,,placement_pct,Placement Top,0,76,placement_pct,campaign,,,2026-09-15,,,,,,
L0593,ok,placement modifier reset,D-LC-SP-EXACT-RAN-DO-(Curtains|Blackout|Living Room)-(52x90-BEIGE-2-PCS)-(thermal insulated blackout curtains for living room),placement,Placement Rest Of Search,,placement_pct,Placement Rest Of Search,0,29,placement_pct,campaign,,,2026-09-15,,,,,,
L0594,ok,placement modifier reset,D-LC-SP-EXACT-RAN-DO-(Curtains|Blackout)-(LINEN-CURTAIN-52x90-BEIGE-2-PCS)-(window curtains blackout),placement,Placement Top,,placement_pct,Placement Top,0,88,placement_pct,campaign,,,2026-09-15,,,,,,
L0595,ok,placement modifier reset,D-LC-SP-EXACT-RAN-DO-(Curtains|Blackout)-(LINEN-CURTAIN-52x90-BEIGE-2-PCS)-(window curtains blackout),placement,Placement Rest Of Search,,placement_pct,Placement Rest Of Search,0,38,placement_pct,campaign,,,2026-09-15,,,,,,
L0596,ok,placement modifier reset,D-LC-SP-EXACT-RAN-DO-(Curtains|Blackout)-(LINEN-CURTAIN-52x90-BEIGE-2-PCS)-(blackout curtains beige),placement,Placement Top,,placement_pct,Placement Top,0,79,placement_pct,campaign,,,2026-09-15,,,,,,
L0597,ok,placement modifier reset,D-LC-SP-EXACT-RAN-DO-(Curtains|Blackout)-(LINEN-CURTAIN-52x90-BEIGE-2-PCS)-(blackout curtains beige),placement,Placement Rest Of Search,,placement_pct,Placement Rest Of Search,0,31,placement_pct,campaign,,,2026-09-15,,,,,,
L0598,ok,placement modifier reset,D-LC-SP-EXACT-RAN-DO-(Curtains|Blackout)-(LINEN-CURTAIN-52x72-LIGHT-BEIGE-2-PCS)-(blackout curtains 72 inches long),placement,Placement Top,,placement_pct,Placement Top,0,138,placement_pct,campaign,,,2026-09-15,,,,,,
L0599,ok,placement modifier reset,D-LC-SP-EXACT-RAN-DO-(Curtains|Blackout)-(LINEN-CURTAIN-52x72-LIGHT-BEIGE-2-PCS)-(blackout curtains 72 inches long),placement,Placement Rest Of Search,,placement_pct,Placement Rest Of Search,0,75,placement_pct,campaign,,,2026-09-15,,,,,,
L0600,ok,placement modifier reset,D-LC-SP-EXACT-RAN-DO-(Curtains|Blackout)-(LINEN-CURTAIN-52x96-IVORY-2-PCS)-(96 inch curtains 2 panel set blackout),placement,Placement Top,,placement_pct,Placement Top,0,61,placement_pct,campaign,,,2026-09-15,,,,,,
L0601,ok,placement modifier reset,D-LC-SP-EXACT-RAN-DO-(Curtains|Blackout)-(LINEN-CURTAIN-52x96-IVORY-2-PCS)-(96 inch curtains 2 panel set blackout),placement,Placement Rest Of Search,,placement_pct,Placement Rest Of Search,0,18,placement_pct,campaign,,,2026-09-15,,,,,,
L0602,ok,placement modifier reset,D-LC-SP-EXACT-RAN-DO-(Curtains|Blackout|Living Room)-(LINEN-CURTAIN-52x90-BEIGE-2-PCS)-(blackout curtains for living room),placement,Placement Top,,placement_pct,Placement Top,0,95,placement_pct,campaign,,,2026-09-15,,,,,,
L0603,ok,placement modifier reset,D-LC-SP-EXACT-RAN-DO-(Curtains|Blackout|Living Room)-(LINEN-CURTAIN-52x90-BEIGE-2-PCS)-(blackout curtains for living room),placement,Placement Rest Of Search,,placement_pct,Placement Rest Of Search,0,43,placement_pct,campaign,,,2026-09-15,,,,,,
L0604,ok,placement modifier reset,D-LC-SP-EXACT-RAN-DO-(Curtains|Blackout)-(LINEN-CURTAIN-52x96-NATURAL-2-PCS)-(blackout curtains 92+ inches long),placement,Placement Top,,placement_pct,Placement Top,0,81,placement_pct,campaign,,,2026-09-15,,,,,,
L0605,ok,placement modifier reset,D-LC-SP-EXACT-RAN-DO-(Curtains|Blackout)-(LINEN-CURTAIN-52x96-NATURAL-2-PCS)-(blackout curtains 92+ inches long),placement,Placement Rest Of Search,,placement_pct,Placement Rest Of Search,0,33,placement_pct,campaign,,,2026-09-15,,,,,,
L0606,ok,placement modifier reset,D-Linen Curtains-SP-Exact-Ranking-Fixed-LINEN-CURTAIN-52x84-LIGHT-GREY-2-PCS-B0F63BJSHF-grey linen blackout curtains,placement,Placement Top,,placement_pct,Placement Top,0,67,placement_pct,campaign,,,2026-09-15,,,,,,
L0607,ok,placement modifier reset,D-LC-SP-EXACT-RAN-DO-(Curtains|Blackout|Bedroom)-(LINEN-CURTAIN-52x84-NATURAL-2-PCS)-(blackout curtains for bedroom),placement,Placement Top,,placement_pct,Placement Top,0,105,placement_pct,campaign,,,2026-09-15,,,,,,
L0608,ok,placement modifier reset,D-LC-SP-EXACT-RAN-DO-(Curtains|Blackout|Bedroom)-(LINEN-CURTAIN-52x84-NATURAL-2-PCS)-(blackout curtains for bedroom),placement,Placement Rest Of Search,,placement_pct,Placement Rest Of Search,0,51,placement_pct,campaign,,,2026-09-15,,,,,,
L0609,ok,placement modifier reset,D-Linen Curtains-SP-Exact-Ranking-Fixed-LINEN-CURTAIN-52x84-NATURAL-2-PCS-B0F639CWS1 - ivory linen curtains,placement,Placement Top,,placement_pct,Placement Top,0,11,placement_pct,campaign,,,2026-09-15,,,,,,
L0610,ok,placement modifier reset,D-LC-SP-EXACT-RAN-DO-(Curtains|Blackout)-(LINEN-CURTAIN-52x84-NATURAL-2-PCS)-(thermal insulated blackout curtains),placement,Placement Top,,placement_pct,Placement Top,0,131,placement_pct,campaign,,,2026-09-15,,,,,,
L0611,ok,placement modifier reset,D-LC-SP-EXACT-RAN-DO-(Curtains|Blackout)-(LINEN-CURTAIN-52x84-NATURAL-2-PCS)-(thermal insulated blackout curtains),placement,Placement Rest Of Search,,placement_pct,Placement Rest Of Search,0,69,placement_pct,campaign,,,2026-09-15,,,,,,
L0612,ok,placement modifier reset,D-LC-SP-room darkening curtains-(Blackout)-VHSV-Exact-Conv-DO-LINEN-CURTAIN-52x96-NATURAL-2-PCS,placement,Placement Top,,placement_pct,Placement Top,0,200,placement_pct,campaign,,,2026-09-15,,,,,,
L0613,ok,placement modifier reset,D-LC-SP-room darkening curtains-(Blackout)-VHSV-Exact-Conv-DO-LINEN-CURTAIN-52x96-NATURAL-2-PCS,placement,Placement Rest Of Search,,placement_pct,Placement Rest Of Search,0,120,placement_pct,campaign,,,2026-09-15,,,,,,
L0614,ok,placement modifier reset,D-LC-SP-EXACT-RAN-DO-(Curtains|Blackout)-(LINEN-CURTAIN-52x108-IVORY-2-PCS)-(108 inch curtains blackout),placement,Placement Top,,placement_pct,Placement Top,0,124,placement_pct,campaign,,,2026-09-15,,,,,,
L0615,ok,placement modifier reset,D-LC-SP-EXACT-RAN-DO-(Curtains|Blackout)-(LINEN-CURTAIN-52x108-IVORY-2-PCS)-(108 inch curtains blackout),placement,Placement Rest Of Search,,placement_pct,Placement Rest Of Search,0,64,placement_pct,campaign,,,2026-09-15,,,,,,
L0616,ok,placement modifier reset,D-LC-SP-short curtains for windows-(Blackout)-VHSV-Exact-Conv-DO-LINEN-CURTAIN-52x63-LINEN-2-PCS,placement,Placement Top,,placement_pct,Placement Top,0,200,placement_pct,campaign,,,2026-09-15,,,,,,
L0617,ok,placement modifier reset,D-LC-SP-short curtains for windows-(Blackout)-VHSV-Exact-Conv-DO-LINEN-CURTAIN-52x63-LINEN-2-PCS,placement,Placement Rest Of Search,,placement_pct,Placement Rest Of Search,0,120,placement_pct,campaign,,,2026-09-15,,,,,,
L0618,ok,placement modifier reset,D-LC-SP-blackout drapes-(Blackout)-HSV-Exact-Conv-DO-LINEN-CURTAIN-52x96-NATURAL-2-PCS,placement,Placement Top,,placement_pct,Placement Top,0,200,placement_pct,campaign,,,2026-09-15,,,,,,
L0619,ok,placement modifier reset,D-LC-SP-blackout drapes-(Blackout)-HSV-Exact-Conv-DO-LINEN-CURTAIN-52x96-NATURAL-2-PCS,placement,Placement Rest Of Search,,placement_pct,Placement Rest Of Search,0,120,placement_pct,campaign,,,2026-09-15,,,,,,
L0620,ok,placement modifier reset,D-LC-SP-EXACT-RAN-DO-(Curtains|Blackout)-(LINEN-CURTAIN-52x90-BEIGE-2-PCS)-(complete blackout curtains),placement,Placement Top,,placement_pct,Placement Top,0,183,placement_pct,campaign,,,2026-09-15,,,,,,
L0621,ok,placement modifier reset,D-LC-SP-EXACT-RAN-DO-(Curtains|Blackout)-(LINEN-CURTAIN-52x90-BEIGE-2-PCS)-(complete blackout curtains),placement,Placement Rest Of Search,,placement_pct,Placement Rest Of Search,0,108,placement_pct,campaign,,,2026-09-15,,,,,,
L0622,ok,placement modifier reset,D-LC-SP-EXACT-RAN-DO-(Curtains|Blackout)-(LINEN-CURTAIN-52x84-NATURAL-2-PCS)-(blackout curtains 84 inches long),placement,Placement Top,,placement_pct,Placement Top,0,127,placement_pct,campaign,,,2026-09-15,,,,,,
L0623,ok,placement modifier reset,D-LC-SP-EXACT-RAN-DO-(Curtains|Blackout)-(LINEN-CURTAIN-52x84-NATURAL-2-PCS)-(blackout curtains 84 inches long),placement,Placement Rest Of Search,,placement_pct,Placement Rest Of Search,0,67,placement_pct,campaign,,,2026-09-15,,,,,,
L0624,ok,placement modifier reset,D-LC-SP-EXACT-RAN-DO-(Curtains|Blackout|Bedroom)-(LINEN-CURTAIN-52x90-BEIGE-2-PCS)-(bedroom blackout curtains),placement,Placement Top,,placement_pct,Placement Top,0,76,placement_pct,campaign,,,2026-09-15,,,,,,
L0625,ok,placement modifier reset,D-LC-SP-EXACT-RAN-DO-(Curtains|Blackout|Bedroom)-(LINEN-CURTAIN-52x90-BEIGE-2-PCS)-(bedroom blackout curtains),placement,Placement Rest Of Search,,placement_pct,Placement Rest Of Search,0,29,placement_pct,campaign,,,2026-09-15,,,,,,
L0626,ok,placement modifier reset,D-LC-SP-short curtains for bedroom-(Blackout)-HSV-Exact-Conv-DO-LINEN-CURTAIN-52x63-LINEN-2-PCS,placement,Placement Top,,placement_pct,Placement Top,0,200,placement_pct,campaign,,,2026-09-15,,,,,,
L0627,ok,placement modifier reset,D-LC-SP-short curtains for bedroom-(Blackout)-HSV-Exact-Conv-DO-LINEN-CURTAIN-52x63-LINEN-2-PCS,placement,Placement Rest Of Search,,placement_pct,Placement Rest Of Search,0,120,placement_pct,campaign,,,2026-09-15,,,,,,
L0628,ok,placement modifier reset,D-LC-SP-EXACT-RAN-DO-(Curtains|Blackout)-(LINEN-CURTAIN-52x63-LINEN-2-PCS)-(blackout curtains 60+ inches long),placement,Placement Top,,placement_pct,Placement Top,0,178,placement_pct,campaign,,,2026-09-15,,,,,,
L0629,ok,placement modifier reset,D-LC-SP-EXACT-RAN-DO-(Curtains|Blackout)-(LINEN-CURTAIN-52x63-LINEN-2-PCS)-(blackout curtains 60+ inches long),placement,Placement Rest Of Search,,placement_pct,Placement Rest Of Search,0,104,placement_pct,campaign,,,2026-09-15,,,,,,
L0630,ok,placement modifier reset,D-LC-SP-EXACT-RAN-DO-(Curtains|Blackout)-(LINEN-CURTAIN-52x63-LINEN-2-PCS)-(63 inch blackout curtains),placement,Placement Top,,placement_pct,Placement Top,0,219,placement_pct,campaign,,,2026-09-15,,,,,,
L0631,ok,placement modifier reset,D-LC-SP-EXACT-RAN-DO-(Curtains|Blackout)-(LINEN-CURTAIN-52x63-LINEN-2-PCS)-(63 inch blackout curtains),placement,Placement Rest Of Search,,placement_pct,Placement Rest Of Search,0,134,placement_pct,campaign,,,2026-09-15,,,,,,
L0632,ok,placement modifier reset,D-LC-SP-EXACT-RAN-DO-(Curtains|Blackout)-(LINEN-CURTAIN-52x96-IVORY-2-PCS)-(ivory curtains blackout),placement,Placement Top,,placement_pct,Placement Top,0,159,placement_pct,campaign,,,2026-09-15,,,,,,
L0633,ok,placement modifier reset,D-LC-SP-EXACT-RAN-DO-(Curtains|Blackout)-(LINEN-CURTAIN-52x96-IVORY-2-PCS)-(ivory curtains blackout),placement,Placement Rest Of Search,,placement_pct,Placement Rest Of Search,0,90,placement_pct,campaign,,,2026-09-15,,,,,,
L0634,ok,placement modifier reset,D-LC-SP-EXACT-RAN-DO-(Curtains|Blackout)-(LINEN-CURTAIN-52x96-IVORY-2-PCS)-(blackout curtains 96),placement,Placement Top,,placement_pct,Placement Top,0,127,placement_pct,campaign,,,2026-09-15,,,,,,
L0635,ok,placement modifier reset,D-LC-SP-EXACT-RAN-DO-(Curtains|Blackout)-(LINEN-CURTAIN-52x96-IVORY-2-PCS)-(blackout curtains 96),placement,Placement Rest Of Search,,placement_pct,Placement Rest Of Search,0,67,placement_pct,campaign,,,2026-09-15,,,,,,
L0636,ok,placement modifier reset,D-LC-SP-EXACT-RAN-DO-(Curtains|Blackout)-(LINEN-CURTAIN-52x72-LIGHT-BEIGE-2-PCS)-(52 x 72 blackout curtains),placement,Placement Top,,placement_pct,Placement Top,0,88,placement_pct,campaign,,,2026-09-15,,,,,,
L0637,ok,placement modifier reset,D-LC-SP-EXACT-RAN-DO-(Curtains|Blackout)-(LINEN-CURTAIN-52x72-LIGHT-BEIGE-2-PCS)-(52 x 72 blackout curtains),placement,Placement Rest Of Search,,placement_pct,Placement Rest Of Search,0,38,placement_pct,campaign,,,2026-09-15,,,,,,
L0638,ok,placement modifier reset,D-LC-SP-beige black out curtains-(Blackout)-MSV-Exact-Conv-DO-LINEN-CURTAIN-52x84-BEIGE-2-PCS,placement,Placement Top,,placement_pct,Placement Top,0,200,placement_pct,campaign,,,2026-09-15,,,,,,
L0639,ok,placement modifier reset,D-LC-SP-beige black out curtains-(Blackout)-MSV-Exact-Conv-DO-LINEN-CURTAIN-52x84-BEIGE-2-PCS,placement,Placement Rest Of Search,,placement_pct,Placement Rest Of Search,0,120,placement_pct,campaign,,,2026-09-15,,,,,,
L0640,ok,placement modifier reset,D-LC-SP-EXACT-RAN-DO-(Curtains|Blackout|Living Room)-(LINEN-CURTAIN-52x84-NATURAL-2-PCS)-(blackout curtains for the living room),placement,Placement Top,,placement_pct,Placement Top,0,95,placement_pct,campaign,,,2026-09-15,,,,,,
L0641,ok,placement modifier reset,D-LC-SP-EXACT-RAN-DO-(Curtains|Blackout|Living Room)-(LINEN-CURTAIN-52x84-NATURAL-2-PCS)-(blackout curtains for the living room),placement,Placement Rest Of Search,,placement_pct,Placement Rest Of Search,0,43,placement_pct,campaign,,,2026-09-15,,,,,,
L0642,ok,placement modifier reset,D-LC-SP-blackout curtains 90+ inches long-(Blackout)-LSV-Exact-Conv-DO-LINEN-CURTAIN-52x90-LIGHT-GREY-2-PCS,placement,Placement Top,,placement_pct,Placement Top,0,200,placement_pct,campaign,,,2026-09-15,,,,,,
L0643,ok,placement modifier reset,D-LC-SP-blackout curtains 90+ inches long-(Blackout)-LSV-Exact-Conv-DO-LINEN-CURTAIN-52x90-LIGHT-GREY-2-PCS,placement,Placement Rest Of Search,,placement_pct,Placement Rest Of Search,0,120,placement_pct,campaign,,,2026-09-15,,,,,,
L0644,ok,placement modifier reset,D-LC-SP-EXACT-RAN-DO-(Curtains|Blackout)-(LINEN-CURTAIN-52x96-BEIGE-2-PCS)-(beige blackout curtains 96 inches long),placement,Placement Top,,placement_pct,Placement Top,0,117,placement_pct,campaign,,,2026-09-15,,,,,,
L0645,ok,placement modifier reset,D-LC-SP-EXACT-RAN-DO-(Curtains|Blackout)-(LINEN-CURTAIN-52x96-BEIGE-2-PCS)-(beige blackout curtains 96 inches long),placement,Placement Rest Of Search,,placement_pct,Placement Rest Of Search,0,59,placement_pct,campaign,,,2026-09-15,,,,,,
L0646,ok,placement modifier reset,D-LC-SP-EXACT-RAN-DO-(Curtains|Blackout|Living Room)-(LINEN-CURTAIN-52x90-BEIGE-2-PCS)-(blackout curtains living room),placement,Placement Top,,placement_pct,Placement Top,0,95,placement_pct,campaign,,,2026-09-15,,,,,,
L0647,ok,placement modifier reset,D-LC-SP-EXACT-RAN-DO-(Curtains|Blackout|Living Room)-(LINEN-CURTAIN-52x90-BEIGE-2-PCS)-(blackout curtains living room),placement,Placement Rest Of Search,,placement_pct,Placement Rest Of Search,0,43,placement_pct,campaign,,,2026-09-15,,,,,,
L0648,ok,placement modifier reset,D-LC-SP-EXACT-RAN-DO-(Linen|Curtains|Blackout)-(LINEN-CURTAIN-52x90-BEIGE-2-PCS)-(blackout lined linen curtains),placement,Placement Top,,placement_pct,Placement Top,0,96,placement_pct,campaign,,,2026-09-15,,,,,,
L0649,ok,placement modifier reset,D-LC-SP-blackout curtain for living room-(Blackout)-MSV-Exact-Conv-DO-LINEN-CURTAIN-52x96-NATURAL-2-PCS,placement,Placement Top,,placement_pct,Placement Top,0,200,placement_pct,campaign,,,2026-09-15,,,,,,
L0650,ok,placement modifier reset,D-LC-SP-blackout curtain for living room-(Blackout)-MSV-Exact-Conv-DO-LINEN-CURTAIN-52x96-NATURAL-2-PCS,placement,Placement Rest Of Search,,placement_pct,Placement Rest Of Search,0,120,placement_pct,campaign,,,2026-09-15,,,,,,
L0651,ok,placement modifier reset,D-LC-SP-cream blackout curtains-(Blackout)-VHSV-Exact-Conv-DO-LINEN-CURTAIN-52x84-IVORY-2-PCS,placement,Placement Top,,placement_pct,Placement Top,0,200,placement_pct,campaign,,,2026-09-15,,,,,,
L0652,ok,placement modifier reset,D-LC-SP-cream blackout curtains-(Blackout)-VHSV-Exact-Conv-DO-LINEN-CURTAIN-52x84-IVORY-2-PCS,placement,Placement Rest Of Search,,placement_pct,Placement Rest Of Search,0,120,placement_pct,campaign,,,2026-09-15,,,,,,
L0653,ok,placement modifier reset,D-LC-SP-light gray linen curtains-(Linen)-LSV-Exact-Conv-DO-LINEN-CURTAIN-52x84-LIGHT-GREY-2-PCS,placement,Placement Top,,placement_pct,Placement Top,0,260,placement_pct,campaign,,,2026-09-15,,,,,,
L0654,ok,placement modifier reset,D-LC-SP-EXACT-RAN-DO-(Curtains|Blackout)-(LINEN-CURTAIN-52x96-IVORY-2-PCS)-(warm ivory blackout curtains),placement,Placement Top,,placement_pct,Placement Top,0,56,placement_pct,campaign,,,2026-09-15,,,,,,
L0655,ok,placement modifier reset,D-LC-SP-EXACT-RAN-DO-(Curtains|Blackout)-(LINEN-CURTAIN-52x96-IVORY-2-PCS)-(warm ivory blackout curtains),placement,Placement Rest Of Search,,placement_pct,Placement Rest Of Search,0,15,placement_pct,campaign,,,2026-09-15,,,,,,
L0656,ok,placement modifier reset,D-LC-SP-black out curtains 90 inch long-(Blackout)-HSV-Exact-Conv-DO-LINEN-CURTAIN-52x90-LIGHT-GREY-2-PCS,placement,Placement Top,,placement_pct,Placement Top,0,200,placement_pct,campaign,,,2026-09-15,,,,,,
L0657,ok,placement modifier reset,D-LC-SP-black out curtains 90 inch long-(Blackout)-HSV-Exact-Conv-DO-LINEN-CURTAIN-52x90-LIGHT-GREY-2-PCS,placement,Placement Rest Of Search,,placement_pct,Placement Rest Of Search,0,120,placement_pct,campaign,,,2026-09-15,,,,,,
L0658,ok,placement modifier reset,D-LC-SP-EXACT-RAN-DO-(Curtains|Blackout|Bedroom)-(52x90-BEIGE-2-PCS)-(thermal insulated blackout curtains for bedroom),placement,Placement Top,,placement_pct,Placement Top,0,81,placement_pct,campaign,,,2026-09-15,,,,,,
L0659,ok,placement modifier reset,D-LC-SP-EXACT-RAN-DO-(Curtains|Blackout|Bedroom)-(52x90-BEIGE-2-PCS)-(thermal insulated blackout curtains for bedroom),placement,Placement Rest Of Search,,placement_pct,Placement Rest Of Search,0,33,placement_pct,campaign,,,2026-09-15,,,,,,
L0660,ok,placement modifier reset,D-LC-SP-EXACT-RAN-DO-(Curtains|Blackout|Bedroom)-(LINEN-CURTAIN-52x90-BEIGE-2-PCS)-(neutral blackout curtains for bedroom),placement,Placement Top,,placement_pct,Placement Top,0,63,placement_pct,campaign,,,2026-09-15,,,,,,
L0661,ok,placement modifier reset,D-LC-SP-EXACT-RAN-DO-(Curtains|Blackout|Bedroom)-(LINEN-CURTAIN-52x90-BEIGE-2-PCS)-(neutral blackout curtains for bedroom),placement,Placement Rest Of Search,,placement_pct,Placement Rest Of Search,0,20,placement_pct,campaign,,,2026-09-15,,,,,,
L0662,ok,placement modifier reset,D-LC-SP-EXACT-RAN-DO-(Linen|Curtains|Blackout|Bedroom)-(LINEN-CURTAIN-52x90-BEIGE-2-PCS)-(linen blackout curtains for bedroom),placement,Placement Top,,placement_pct,Placement Top,0,76,placement_pct,campaign,,,2026-09-15,,,,,,
L0663,ok,placement modifier reset,D-LC-SP-EXACT-RAN-DO-(Curtains|Blackout|Bedroom)-(52x63-LINEN-2-PCS)-(blackout curtains for bedroom 63 inches long),placement,Placement Top,,placement_pct,Placement Top,0,173,placement_pct,campaign,,,2026-09-15,,,,,,
L0664,ok,placement modifier reset,D-LC-SP-EXACT-RAN-DO-(Curtains|Blackout|Bedroom)-(52x63-LINEN-2-PCS)-(blackout curtains for bedroom 63 inches long),placement,Placement Rest Of Search,,placement_pct,Placement Rest Of Search,0,100,placement_pct,campaign,,,2026-09-15,,,,,,
L0665,ok,placement modifier reset,D-LC-SP-EXACT-RAN-DO-(Linen|Curtains|Blackout)-(LINEN-CURTAIN-52x90-BEIGE-2-PCS)-(blackout curtain linen),placement,Placement Top,,placement_pct,Placement Top,0,181,placement_pct,campaign,,,2026-09-15,,,,,,
L0666,ok,placement modifier reset,D-LC-SP-EXACT-RAN-DO-(Curtains|Blackout)-(LINEN-CURTAIN-52x63-LINEN-2-PCS)-(blackout curtains 52x63),placement,Placement Top,,placement_pct,Placement Top,0,200,placement_pct,campaign,,,2026-09-15,,,,,,
L0667,ok,placement modifier reset,D-LC-SP-EXACT-RAN-DO-(Curtains|Blackout)-(LINEN-CURTAIN-52x63-LINEN-2-PCS)-(blackout curtains 52x63),placement,Placement Rest Of Search,,placement_pct,Placement Rest Of Search,0,120,placement_pct,campaign,,,2026-09-15,,,,,,
L0668,ok,placement modifier reset,D-Linen Curtains-SP-Exact-Ranking-Fixed-LINEN-CURTAIN-52x96-LIGHT-BEIGE-2-PCS-B0F639YZ3D-G,placement,Placement Top,,placement_pct,Placement Top,0,61,placement_pct,campaign,,,2026-09-15,,,,,,
L0669,ok,placement modifier reset,D-LC-SP-linen textured curtains bedroom-(Linen)-HSV-Exact-Conv-DO-LINEN-CURTAIN-52x84-NATURAL-2-PCS,placement,Placement Top,,placement_pct,Placement Top,0,260,placement_pct,campaign,,,2026-09-15,,,,,,
L0670,ok,placement modifier reset,D-LC-SP-EXACT-RAN-DO-(Curtains|Blackout)-(LINEN-CURTAIN-52x90-BEIGE-2-PCS)-(90 inch curtains blackout),placement,Placement Top,,placement_pct,Placement Top,0,131,placement_pct,campaign,,,2026-09-15,,,,,,
L0671,ok,placement modifier reset,D-LC-SP-EXACT-RAN-DO-(Curtains|Blackout)-(LINEN-CURTAIN-52x90-BEIGE-2-PCS)-(90 inch curtains blackout),placement,Placement Rest Of Search,,placement_pct,Placement Rest Of Search,0,69,placement_pct,campaign,,,2026-09-15,,,,,,
L0672,ok,placement modifier reset,D-LC-SP-EXACT-RAN-DO-(Curtains|Blackout|Bedroom)-(52x72-LIGHT-BEIGE-2-PCS)-(blackout curtains for bedroom 72 inches long),placement,Placement Top,,placement_pct,Placement Top,0,76,placement_pct,campaign,,,2026-09-15,,,,,,
L0673,ok,placement modifier reset,D-LC-SP-EXACT-RAN-DO-(Curtains|Blackout|Bedroom)-(52x72-LIGHT-BEIGE-2-PCS)-(blackout curtains for bedroom 72 inches long),placement,Placement Rest Of Search,,placement_pct,Placement Rest Of Search,0,29,placement_pct,campaign,,,2026-09-15,,,,,,
L0674,ok,placement modifier reset,D-LC-SP-room darkening curtains 84 inches long-(Blackout)-HSV-Exact-Conv-DO-LINEN-CURTAIN-52x84-BEIGE-2-PCS,placement,Placement Top,,placement_pct,Placement Top,0,200,placement_pct,campaign,,,2026-09-15,,,,,,
L0675,ok,placement modifier reset,D-LC-SP-room darkening curtains 84 inches long-(Blackout)-HSV-Exact-Conv-DO-LINEN-CURTAIN-52x84-BEIGE-2-PCS,placement,Placement Rest Of Search,,placement_pct,Placement Rest Of Search,0,120,placement_pct,campaign,,,2026-09-15,,,,,,
L0676,ok,placement modifier reset,D-LC-SP-EXACT-RAN-DO-(Curtains|Blackout|Bedroom)-(52x108-IVORY-2-PCS)-(blackout curtains for bedroom 108 inches long),placement,Placement Top,,placement_pct,Placement Top,0,127,placement_pct,campaign,,,2026-09-15,,,,,,
L0677,ok,placement modifier reset,D-LC-SP-EXACT-RAN-DO-(Curtains|Blackout|Bedroom)-(52x108-IVORY-2-PCS)-(blackout curtains for bedroom 108 inches long),placement,Placement Rest Of Search,,placement_pct,Placement Rest Of Search,0,67,placement_pct,campaign,,,2026-09-15,,,,,,
L0678,ok,placement modifier reset,D-LC-SP-EXACT-RAN-DO-(Curtains|Blackout|Bedroom)-(LINEN-CURTAIN-52x84-NATURAL-2-PCS)-(bedroom curtains blackout),placement,Placement Top,,placement_pct,Placement Top,0,81,placement_pct,campaign,,,2026-09-15,,,,,,
L0679,ok,placement modifier reset,D-LC-SP-EXACT-RAN-DO-(Curtains|Blackout|Bedroom)-(LINEN-CURTAIN-52x84-NATURAL-2-PCS)-(bedroom curtains blackout),placement,Placement Rest Of Search,,placement_pct,Placement Rest Of Search,0,33,placement_pct,campaign,,,2026-09-15,,,,,,
L0680,ok,placement modifier reset,D-LC-SP-EXACT-RAN-DO-(Curtains|Blackout)-(LINEN-CURTAIN-52x90-BEIGE-2-PCS)-(blackout curtains 2 panel set),placement,Placement Top,,placement_pct,Placement Top,0,100,placement_pct,campaign,,,2026-09-15,,,,,,
L0681,ok,placement modifier reset,D-LC-SP-EXACT-RAN-DO-(Curtains|Blackout)-(LINEN-CURTAIN-52x90-BEIGE-2-PCS)-(blackout curtains 2 panel set),placement,Placement Rest Of Search,,placement_pct,Placement Rest Of Search,0,47,placement_pct,campaign,,,2026-09-15,,,,,,
L0682,ok,placement modifier reset,D-LC-SP-EXACT-RAN-DO-(Curtains|Blackout)-(LINEN-CURTAIN-52x72-LIGHT-BEIGE-2-PCS)-(72 blackout curtains),placement,Placement Top,,placement_pct,Placement Top,0,92,placement_pct,campaign,,,2026-09-15,,,,,,
L0683,ok,placement modifier reset,D-LC-SP-EXACT-RAN-DO-(Curtains|Blackout)-(LINEN-CURTAIN-52x72-LIGHT-BEIGE-2-PCS)-(72 blackout curtains),placement,Placement Rest Of Search,,placement_pct,Placement Rest Of Search,0,41,placement_pct,campaign,,,2026-09-15,,,,,,
L0684,ok,placement modifier reset,D-LC-SP-EXACT-RAN-DO-(Curtains|Blackout)-(LINEN-CURTAIN-52x63-LINEN-2-PCS)-(52 x 63 blackout curtains),placement,Placement Top,,placement_pct,Placement Top,0,206,placement_pct,campaign,,,2026-09-15,,,,,,
L0685,ok,placement modifier reset,D-LC-SP-EXACT-RAN-DO-(Curtains|Blackout)-(LINEN-CURTAIN-52x63-LINEN-2-PCS)-(52 x 63 blackout curtains),placement,Placement Rest Of Search,,placement_pct,Placement Rest Of Search,0,124,placement_pct,campaign,,,2026-09-15,,,,,,
L0686,ok,placement modifier reset,D-LC-SP-EXACT-RAN-DO-(Curtains|Blackout)-(LINEN-CURTAIN-52x63-LINEN-2-PCS)-(52x63 blackout curtains 2 panels),placement,Placement Top,,placement_pct,Placement Top,0,275,placement_pct,campaign,,,2026-09-15,,,,,,
L0687,ok,placement modifier reset,D-LC-SP-EXACT-RAN-DO-(Curtains|Blackout)-(LINEN-CURTAIN-52x63-LINEN-2-PCS)-(52x63 blackout curtains 2 panels),placement,Placement Rest Of Search,,placement_pct,Placement Rest Of Search,0,175,placement_pct,campaign,,,2026-09-15,,,,,,
L0688,ok,placement modifier reset,D-LC-SP-ivory black out curtains-(Blackout)-MSV-Exact-Conv-DO-LINEN-CURTAIN-52x84-IVORY-2-PCS,placement,Placement Top,,placement_pct,Placement Top,0,200,placement_pct,campaign,,,2026-09-15,,,,,,
L0689,ok,placement modifier reset,D-LC-SP-ivory black out curtains-(Blackout)-MSV-Exact-Conv-DO-LINEN-CURTAIN-52x84-IVORY-2-PCS,placement,Placement Rest Of Search,,placement_pct,Placement Rest Of Search,0,120,placement_pct,campaign,,,2026-09-15,,,,,,
L0690,ok,placement modifier reset,D-LC-SP-white blackout curtains 72 inches long-(Blackout)-LSV-Exact-Conv-DO-LINEN-CURTAIN-52x72-IVORY-2-PCS,placement,Placement Top,,placement_pct,Placement Top,0,200,placement_pct,campaign,,,2026-09-15,,,,,,
L0691,ok,placement modifier reset,D-LC-SP-white blackout curtains 72 inches long-(Blackout)-LSV-Exact-Conv-DO-LINEN-CURTAIN-52x72-IVORY-2-PCS,placement,Placement Rest Of Search,,placement_pct,Placement Rest Of Search,0,120,placement_pct,campaign,,,2026-09-15,,,,,,
L0692,ok,placement modifier reset,D-LC-SP-EXACT-RAN-DO-(Curtains|Blackout)-(LINEN-CURTAIN-52x72-LIGHT-BEIGE-2-PCS)-(blackout curtains 52x72),placement,Placement Top,,placement_pct,Placement Top,0,92,placement_pct,campaign,,,2026-09-15,,,,,,
L0693,ok,placement modifier reset,D-LC-SP-EXACT-RAN-DO-(Curtains|Blackout)-(LINEN-CURTAIN-52x72-LIGHT-BEIGE-2-PCS)-(blackout curtains 52x72),placement,Placement Rest Of Search,,placement_pct,Placement Rest Of Search,0,41,placement_pct,campaign,,,2026-09-15,,,,,,
L0694,ok,placement modifier reset,D-LC-SP-room darkening curtains 96 inches long-(Blackout)-MSV-Exact-Conv-DO-LINEN-CURTAIN-52x96-BEIGE-2-PCS,placement,Placement Top,,placement_pct,Placement Top,0,200,placement_pct,campaign,,,2026-09-15,,,,,,
L0695,ok,placement modifier reset,D-LC-SP-room darkening curtains 96 inches long-(Blackout)-MSV-Exact-Conv-DO-LINEN-CURTAIN-52x96-BEIGE-2-PCS,placement,Placement Rest Of Search,,placement_pct,Placement Rest Of Search,0,120,placement_pct,campaign,,,2026-09-15,,,,,,
L0696,ok,placement modifier reset,D-LC-SP-blackout curtain 72 inches long-(Blackout)-LSV-Exact-Conv-DO-LINEN-CURTAIN-52x72-LIGHT-BEIGE-2-PCS,placement,Placement Top,,placement_pct,Placement Top,0,200,placement_pct,campaign,,,2026-09-15,,,,,,
L0697,ok,placement modifier reset,D-LC-SP-blackout curtain 72 inches long-(Blackout)-LSV-Exact-Conv-DO-LINEN-CURTAIN-52x72-LIGHT-BEIGE-2-PCS,placement,Placement Rest Of Search,,placement_pct,Placement Rest Of Search,0,120,placement_pct,campaign,,,2026-09-15,,,,,,
L0698,ok,placement modifier reset,D-LC-SP-EXACT-RAN-DO-(Curtains|Blackout|Bedroom)-(LINEN-CURTAIN-52x84-NATURAL-2-PCS)-(blackout bedroom curtain),placement,Placement Top,,placement_pct,Placement Top,0,100,placement_pct,campaign,,,2026-09-15,,,,,,
L0699,ok,placement modifier reset,D-LC-SP-EXACT-RAN-DO-(Curtains|Blackout|Bedroom)-(LINEN-CURTAIN-52x84-NATURAL-2-PCS)-(blackout bedroom curtain),placement,Placement Rest Of Search,,placement_pct,Placement Rest Of Search,0,47,placement_pct,campaign,,,2026-09-15,,,,,,
L0700,ok,placement modifier reset,D-LC-SP-EXACT-RAN-DO-(Curtains|Blackout)-(LINEN-CURTAIN-52x72-LIGHT-BEIGE-2-PCS)-(72 inch curtains blackout),placement,Placement Top,,placement_pct,Placement Top,0,206,placement_pct,campaign,,,2026-09-15,,,,,,
L0701,ok,placement modifier reset,D-LC-SP-EXACT-RAN-DO-(Curtains|Blackout)-(LINEN-CURTAIN-52x72-LIGHT-BEIGE-2-PCS)-(72 inch curtains blackout),placement,Placement Rest Of Search,,placement_pct,Placement Rest Of Search,0,124,placement_pct,campaign,,,2026-09-15,,,,,,
L0702,ok,placement modifier reset,D-LC-SP-EXACT-RAN-DO-(Curtains|Blackout)-(LINEN-CURTAIN-52x63-LINEN-2-PCS)-(curtains blackout 63 inch length),placement,Placement Top,,placement_pct,Placement Top,0,257,placement_pct,campaign,,,2026-09-15,,,,,,
L0703,ok,placement modifier reset,D-LC-SP-EXACT-RAN-DO-(Curtains|Blackout)-(LINEN-CURTAIN-52x63-LINEN-2-PCS)-(curtains blackout 63 inch length),placement,Placement Rest Of Search,,placement_pct,Placement Rest Of Search,0,162,placement_pct,campaign,,,2026-09-15,,,,,,
L0704,ok,placement modifier reset,D-LC-SP-EXACT-RAN-DO-(Curtains|Blackout)-(LINEN-CURTAIN-52x84-NATURAL-2-PCS)-(52 x 84 blackout curtains),placement,Placement Top,,placement_pct,Placement Top,0,67,placement_pct,campaign,,,2026-09-15,,,,,,
L0705,ok,placement modifier reset,D-LC-SP-EXACT-RAN-DO-(Curtains|Blackout)-(LINEN-CURTAIN-52x84-NATURAL-2-PCS)-(52 x 84 blackout curtains),placement,Placement Rest Of Search,,placement_pct,Placement Rest Of Search,0,22,placement_pct,campaign,,,2026-09-15,,,,,,
L0706,ok,placement modifier reset,D-LC-SP-off white blackout curtains-(Blackout)-HSV-Exact-Conv-DO-LINEN-CURTAIN-52x84-IVORY-2-PCS,placement,Placement Top,,placement_pct,Placement Top,0,200,placement_pct,campaign,,,2026-09-15,,,,,,
L0707,ok,placement modifier reset,D-LC-SP-off white blackout curtains-(Blackout)-HSV-Exact-Conv-DO-LINEN-CURTAIN-52x84-IVORY-2-PCS,placement,Placement Rest Of Search,,placement_pct,Placement Rest Of Search,0,120,placement_pct,campaign,,,2026-09-15,,,,,,
L0708,ok,placement modifier reset,D-LC-SP-EXACT-RAN-DO-(Curtains|Blackout|Bedroom)-(52x120-NATURAL-2-PCS)-(blackout curtains for bedroom 120 inches long),placement,Placement Top,,placement_pct,Placement Top,0,131,placement_pct,campaign,,,2026-09-15,,,,,,
L0709,ok,placement modifier reset,D-LC-SP-EXACT-RAN-DO-(Curtains|Blackout|Bedroom)-(52x120-NATURAL-2-PCS)-(blackout curtains for bedroom 120 inches long),placement,Placement Rest Of Search,,placement_pct,Placement Rest Of Search,0,69,placement_pct,campaign,,,2026-09-15,,,,,,
L0710,ok,placement modifier reset,D-LC-SP-short blackout curtains-(Blackout)-VHSV-Exact-Conv-DO-LINEN-CURTAIN-52x63-LINEN-2-PCS,placement,Placement Top,,placement_pct,Placement Top,0,200,placement_pct,campaign,,,2026-09-15,,,,,,
L0711,ok,placement modifier reset,D-LC-SP-short blackout curtains-(Blackout)-VHSV-Exact-Conv-DO-LINEN-CURTAIN-52x63-LINEN-2-PCS,placement,Placement Rest Of Search,,placement_pct,Placement Rest Of Search,0,120,placement_pct,campaign,,,2026-09-15,,,,,,
L0712,ok,placement modifier reset,D-Linen Curtains-SP-Exact-Ranking-Fixed-LINEN-CURTAIN-52x96-LIGHT-BEIGE-2-PCS-B0F639YZ3D - linen beige curtains,placement,Placement Top,,placement_pct,Placement Top,0,260,placement_pct,campaign,,,2026-09-15,,,,,,
L0713,ok,placement modifier reset,D-LC-SP-beige linen curtains-(Linen)-HSV-Exact-Conv-DO-LINEN-CURTAIN-52x84-BEIGE-2-PCS,placement,Placement Top,,placement_pct,Placement Top,0,260,placement_pct,campaign,,,2026-09-15,,,,,,
L0714,ok,placement modifier reset,D-LC-SP-extra long blackout curtains-(Blackout)-MSV-Exact-Conv-DO-LINEN-CURTAIN-52x108-BEIGE-2-PCS,placement,Placement Top,,placement_pct,Placement Top,0,200,placement_pct,campaign,,,2026-09-15,,,,,,
L0715,ok,placement modifier reset,D-LC-SP-extra long blackout curtains-(Blackout)-MSV-Exact-Conv-DO-LINEN-CURTAIN-52x108-BEIGE-2-PCS,placement,Placement Rest Of Search,,placement_pct,Placement Rest Of Search,0,120,placement_pct,campaign,,,2026-09-15,,,,,,
L0716,ok,placement modifier reset,D-LC-SP-darkening curtains-(Blackout)-HSV-Exact-Conv-DO-LINEN-CURTAIN-52x96-NATURAL-2-PCS,placement,Placement Top,,placement_pct,Placement Top,0,200,placement_pct,campaign,,,2026-09-15,,,,,,
L0717,ok,placement modifier reset,D-LC-SP-darkening curtains-(Blackout)-HSV-Exact-Conv-DO-LINEN-CURTAIN-52x96-NATURAL-2-PCS,placement,Placement Rest Of Search,,placement_pct,Placement Rest Of Search,0,120,placement_pct,campaign,,,2026-09-15,,,,,,
L0718,ok,placement modifier reset,D-LC-SP-EXACT-RAN-DO-(Curtains|Blackout)-(LINEN-CURTAIN-52x90-BEIGE-2-PCS)-(beige blackout curtains),placement,Placement Top,,placement_pct,Placement Top,0,131,placement_pct,campaign,,,2026-09-15,,,,,,
L0719,ok,placement modifier reset,D-LC-SP-EXACT-RAN-DO-(Curtains|Blackout)-(LINEN-CURTAIN-52x90-BEIGE-2-PCS)-(beige blackout curtains),placement,Placement Rest Of Search,,placement_pct,Placement Rest Of Search,0,69,placement_pct,campaign,,,2026-09-15,,,,,,
L0720,ok,placement modifier reset,D-LC-SP-cortinas blackout-(Blackout-ES)-HSV-Exact-Conv-DO-LINEN-CURTAIN-52x96-NATURAL-2-PCS,placement,Placement Top,,placement_pct,Placement Top,0,200,placement_pct,campaign,,,2026-09-15,,,,,,
L0721,ok,placement modifier reset,D-LC-SP-cortinas blackout-(Blackout-ES)-HSV-Exact-Conv-DO-LINEN-CURTAIN-52x96-NATURAL-2-PCS,placement,Placement Rest Of Search,,placement_pct,Placement Rest Of Search,0,120,placement_pct,campaign,,,2026-09-15,,,,,,
L0722,ok,placement modifier reset,D-LC-SP-blackout curtains 72 inches wide-(Blackout)-MSV-Exact-Conv-DO-LINEN-CURTAIN-52x72-LIGHT-BEIGE-2-PCS,placement,Placement Top,,placement_pct,Placement Top,0,200,placement_pct,campaign,,,2026-09-15,,,,,,
L0723,ok,placement modifier reset,D-LC-SP-blackout curtains 72 inches wide-(Blackout)-MSV-Exact-Conv-DO-LINEN-CURTAIN-52x72-LIGHT-BEIGE-2-PCS,placement,Placement Rest Of Search,,placement_pct,Placement Rest Of Search,0,120,placement_pct,campaign,,,2026-09-15,,,,,,
L0724,ok,placement modifier reset,D-LC-SP-63 inch curtains blackout-(Blackout)-LSV-Exact-Conv-DO-LINEN-CURTAIN-52x63-LINEN-2-PCS,placement,Placement Top,,placement_pct,Placement Top,0,200,placement_pct,campaign,,,2026-09-15,,,,,,
L0725,ok,placement modifier reset,D-LC-SP-63 inch curtains blackout-(Blackout)-LSV-Exact-Conv-DO-LINEN-CURTAIN-52x63-LINEN-2-PCS,placement,Placement Rest Of Search,,placement_pct,Placement Rest Of Search,0,120,placement_pct,campaign,,,2026-09-15,,,,,,
L0726,ok,placement modifier reset,D-LC-SP-light grey linen curtains-(Linen)-LSV-Exact-Conv-DO-LINEN-CURTAIN-52x84-LIGHT-GREY-2-PCS,placement,Placement Top,,placement_pct,Placement Top,0,260,placement_pct,campaign,,,2026-09-15,,,,,,
L0727,ok,placement modifier reset,D-LC-SP-EXACT-RAN-DO-(Curtains|Blackout)-(LINEN-CURTAIN-52x90-BEIGE-2-PCS)-(90 blackout curtains 2 panel set),placement,Placement Top,,placement_pct,Placement Top,0,150,placement_pct,campaign,,,2026-09-15,,,,,,
L0728,ok,placement modifier reset,D-LC-SP-EXACT-RAN-DO-(Curtains|Blackout)-(LINEN-CURTAIN-52x90-BEIGE-2-PCS)-(90 blackout curtains 2 panel set),placement,Placement Rest Of Search,,placement_pct,Placement Rest Of Search,0,83,placement_pct,campaign,,,2026-09-15,,,,,,
L0729,ok,placement modifier reset,D-LC-SP-EXACT-RAN-DO-(Curtains|Blackout)-(LINEN-CURTAIN-52x84-BEIGE-2-PCS)-(beige blackout curtains 84 inches long),placement,Placement Top,,placement_pct,Placement Top,0,108,placement_pct,campaign,,,2026-09-15,,,,,,
L0730,ok,placement modifier reset,D-LC-SP-EXACT-RAN-DO-(Curtains|Blackout)-(LINEN-CURTAIN-52x84-BEIGE-2-PCS)-(beige blackout curtains 84 inches long),placement,Placement Rest Of Search,,placement_pct,Placement Rest Of Search,0,53,placement_pct,campaign,,,2026-09-15,,,,,,
L0731,ok,placement modifier reset,D-LC-SP-EXACT-RAN-DO-(Curtains|Blackout)-(LINEN-CURTAIN-52x84-NATURAL-2-PCS)-(textured blackout curtains),placement,Placement Top,,placement_pct,Placement Top,0,121,placement_pct,campaign,,,2026-09-15,,,,,,
L0732,ok,placement modifier reset,D-LC-SP-EXACT-RAN-DO-(Curtains|Blackout)-(LINEN-CURTAIN-52x84-NATURAL-2-PCS)-(textured blackout curtains),placement,Placement Rest Of Search,,placement_pct,Placement Rest Of Search,0,62,placement_pct,campaign,,,2026-09-15,,,,,,
L0733,ok,placement modifier reset,D-LC-SP-linen curtains 120 inches long-(Linen)-LSV-Exact-Conv-DO-LINEN-CURTAIN-52x120-LINEN-2-PCS,placement,Placement Top,,placement_pct,Placement Top,0,260,placement_pct,campaign,,,2026-09-15,,,,,,
L0734,ok,placement modifier reset,D-LC-SP-black out linen curtains-(Linen)-HSV-Exact-Conv-DO-LINEN-CURTAIN-52x96-NATURAL-2-PCS,placement,Placement Top,,placement_pct,Placement Top,0,260,placement_pct,campaign,,,2026-09-15,,,,,,
L0735,ok,placement modifier reset,D-LC-SP-72 blackout curtains 2 panel set-(Blackout)-LSV-Exact-Conv-DO-LINEN-CURTAIN-52x72-LIGHT-BEIGE-2-PCS,placement,Placement Top,,placement_pct,Placement Top,0,200,placement_pct,campaign,,,2026-09-15,,,,,,
L0736,ok,placement modifier reset,D-LC-SP-72 blackout curtains 2 panel set-(Blackout)-LSV-Exact-Conv-DO-LINEN-CURTAIN-52x72-LIGHT-BEIGE-2-PCS,placement,Placement Rest Of Search,,placement_pct,Placement Rest Of Search,0,120,placement_pct,campaign,,,2026-09-15,,,,,,
L0737,ok,placement modifier reset,D-LC-SP-EXACT-RAN-DO-(Curtains|Blackout)-(LINEN-CURTAIN-52x84-NATURAL-2-PCS)-(blackout curtains 84),placement,Placement Top,,placement_pct,Placement Top,0,69,placement_pct,campaign,,,2026-09-15,,,,,,
L0738,ok,placement modifier reset,D-LC-SP-EXACT-RAN-DO-(Curtains|Blackout)-(LINEN-CURTAIN-52x84-NATURAL-2-PCS)-(blackout curtains 84),placement,Placement Rest Of Search,,placement_pct,Placement Rest Of Search,0,24,placement_pct,campaign,,,2026-09-15,,,,,,
L0739,ok,placement modifier reset,D-LC-SP-63 inch blackout curtains 2 panel set-(Blackout)-LSV-Exact-Conv-DO-LINEN-CURTAIN-52x63-LINEN-2-PCS,placement,Placement Top,,placement_pct,Placement Top,0,200,placement_pct,campaign,,,2026-09-15,,,,,,
L0740,ok,placement modifier reset,D-LC-SP-63 inch blackout curtains 2 panel set-(Blackout)-LSV-Exact-Conv-DO-LINEN-CURTAIN-52x63-LINEN-2-PCS,placement,Placement Rest Of Search,,placement_pct,Placement Rest Of Search,0,120,placement_pct,campaign,,,2026-09-15,,,,,,
L0741,ok,placement modifier reset,D-LC-SP-white room darkening curtains-(Blackout)-MSV-Exact-Conv-DO-LINEN-CURTAIN-52x84-IVORY-2-PCS,placement,Placement Top,,placement_pct,Placement Top,0,200,placement_pct,campaign,,,2026-09-15,,,,,,
L0742,ok,placement modifier reset,D-LC-SP-white room darkening curtains-(Blackout)-MSV-Exact-Conv-DO-LINEN-CURTAIN-52x84-IVORY-2-PCS,placement,Placement Rest Of Search,,placement_pct,Placement Rest Of Search,0,120,placement_pct,campaign,,,2026-09-15,,,,,,
L0743,ok,placement modifier reset,D-LC-SP-EXACT-RAN-DO-(Curtains|Blackout)-(LINEN-CURTAIN-52x84-NATURAL-2-PCS)-(84 inch blackout curtains 2 panel set),placement,Placement Top,,placement_pct,Placement Top,0,29,placement_pct,campaign,,,2026-09-15,,,,,,
L0744,ok,placement modifier reset,D-LC-SP-EXACT-RAN-DO-(Curtains|Blackout|Bedroom)-(LINEN-CURTAIN-52x84-NATURAL-2-PCS)-(curtains for bedroom blackout),placement,Placement Top,,placement_pct,Placement Top,0,100,placement_pct,campaign,,,2026-09-15,,,,,,
L0745,ok,placement modifier reset,D-LC-SP-EXACT-RAN-DO-(Curtains|Blackout|Bedroom)-(LINEN-CURTAIN-52x84-NATURAL-2-PCS)-(curtains for bedroom blackout),placement,Placement Rest Of Search,,placement_pct,Placement Rest Of Search,0,47,placement_pct,campaign,,,2026-09-15,,,,,,
L0746,ok,placement modifier reset,D-LC-SP-EXACT-RAN-DO-(Curtains|Blackout)-(LINEN-CURTAIN-52x90-BEIGE-2-PCS)-(wide panel blackout curtains 52 inch),placement,Placement Top,,placement_pct,Placement Top,0,79,placement_pct,campaign,,,2026-09-15,,,,,,
L0747,ok,placement modifier reset,D-LC-SP-EXACT-RAN-DO-(Curtains|Blackout)-(LINEN-CURTAIN-52x90-BEIGE-2-PCS)-(wide panel blackout curtains 52 inch),placement,Placement Rest Of Search,,placement_pct,Placement Rest Of Search,0,31,placement_pct,campaign,,,2026-09-15,,,,,,
L0748,ok,placement modifier reset,D-LC-SP-EXACT-RAN-DO-(Curtains|Blackout)-(LINEN-CURTAIN-52x90-BEIGE-2-PCS)-(long blackout curtains),placement,Placement Top,,placement_pct,Placement Top,0,168,placement_pct,campaign,,,2026-09-15,,,,,,
L0749,ok,placement modifier reset,D-LC-SP-EXACT-RAN-DO-(Curtains|Blackout)-(LINEN-CURTAIN-52x90-BEIGE-2-PCS)-(long blackout curtains),placement,Placement Rest Of Search,,placement_pct,Placement Rest Of Search,0,96,placement_pct,campaign,,,2026-09-15,,,,,,
L0750,ok,placement modifier reset,D-LC-SP-blackout curtains 120-(Blackout)-LSV-Exact-Conv-DO-LINEN-CURTAIN-52x120-LINEN-2-PCS,placement,Placement Top,,placement_pct,Placement Top,0,200,placement_pct,campaign,,,2026-09-15,,,,,,
L0751,ok,placement modifier reset,D-LC-SP-blackout curtains 120-(Blackout)-LSV-Exact-Conv-DO-LINEN-CURTAIN-52x120-LINEN-2-PCS,placement,Placement Rest Of Search,,placement_pct,Placement Rest Of Search,0,120,placement_pct,campaign,,,2026-09-15,,,,,,
L0752,ok,placement modifier reset,D-LC-SP-EXACT-RAN-DO-(Curtains|Blackout)-(LINEN-CURTAIN-52x96-IVORY-2-PCS)-(ivory blackout curtains 96 inches long),placement,Placement Top,,placement_pct,Placement Top,0,121,placement_pct,campaign,,,2026-09-15,,,,,,
L0753,ok,placement modifier reset,D-LC-SP-EXACT-RAN-DO-(Curtains|Blackout)-(LINEN-CURTAIN-52x96-IVORY-2-PCS)-(ivory blackout curtains 96 inches long),placement,Placement Rest Of Search,,placement_pct,Placement Rest Of Search,0,62,placement_pct,campaign,,,2026-09-15,,,,,,
L0754,ok,placement modifier reset,D-LC-SP-EXACT-RAN-DO-(Curtains|Blackout)-(LINEN-CURTAIN-52x72-LIGHT-BEIGE-2-PCS)-(52x72 blackout curtains),placement,Placement Top,,placement_pct,Placement Top,0,173,placement_pct,campaign,,,2026-09-15,,,,,,
L0755,ok,placement modifier reset,D-LC-SP-EXACT-RAN-DO-(Curtains|Blackout)-(LINEN-CURTAIN-52x72-LIGHT-BEIGE-2-PCS)-(52x72 blackout curtains),placement,Placement Rest Of Search,,placement_pct,Placement Rest Of Search,0,100,placement_pct,campaign,,,2026-09-15,,,,,,
L0756,ok,placement modifier reset,D-LC-SP-120 inch linen curtains-(Linen)-MSV-Exact-Conv-DO-LINEN-CURTAIN-52x120-LINEN-2-PCS,placement,Placement Top,,placement_pct,Placement Top,0,260,placement_pct,campaign,,,2026-09-15,,,,,,
L0757,ok,placement modifier reset,D-LC-SP-cortinas blackout para dormitorio-(Blackout-ES)-VHSV-Exact-Conv-DO-LINEN-CURTAIN-52x96-NATURAL-2-PCS,placement,Placement Top,,placement_pct,Placement Top,0,200,placement_pct,campaign,,,2026-09-15,,,,,,
L0758,ok,placement modifier reset,D-LC-SP-cortinas blackout para dormitorio-(Blackout-ES)-VHSV-Exact-Conv-DO-LINEN-CURTAIN-52x96-NATURAL-2-PCS,placement,Placement Rest Of Search,,placement_pct,Placement Rest Of Search,0,120,placement_pct,campaign,,,2026-09-15,,,,,,
L0759,ok,placement modifier reset,D-LC-SP-EXACT-RAN-DO-(Curtains|Blackout)-(LINEN-CURTAIN-52x108-IVORY-2-PCS)-(108 blackout curtains 2 panel set),placement,Placement Top,,placement_pct,Placement Top,0,150,placement_pct,campaign,,,2026-09-15,,,,,,
L0760,ok,placement modifier reset,D-LC-SP-EXACT-RAN-DO-(Curtains|Blackout)-(LINEN-CURTAIN-52x108-IVORY-2-PCS)-(108 blackout curtains 2 panel set),placement,Placement Rest Of Search,,placement_pct,Placement Rest Of Search,0,83,placement_pct,campaign,,,2026-09-15,,,,,,
L0761,ok,placement modifier reset,D-LC-SP-EXACT-RAN-DO-(Curtains|Blackout)-(LINEN-CURTAIN-52x90-BEIGE-2-PCS)-(curtains blackout 90 inches long),placement,Placement Top,,placement_pct,Placement Top,0,56,placement_pct,campaign,,,2026-09-15,,,,,,
L0762,ok,placement modifier reset,D-LC-SP-EXACT-RAN-DO-(Curtains|Blackout)-(LINEN-CURTAIN-52x90-BEIGE-2-PCS)-(curtains blackout 90 inches long),placement,Placement Rest Of Search,,placement_pct,Placement Rest Of Search,0,15,placement_pct,campaign,,,2026-09-15,,,,,,
L0763,ok,placement modifier reset,D-LC-SP-linen curtains for bedroom-(Linen)-HSV-Exact-Conv-DO-LINEN-CURTAIN-52x84-NATURAL-2-PCS,placement,Placement Top,,placement_pct,Placement Top,0,260,placement_pct,campaign,,,2026-09-15,,,,,,
L0764,ok,placement modifier reset,D-LC-SP-EXACT-RAN-DO-(Curtains|Blackout)-(LINEN-CURTAIN-52x90-BEIGE-2-PCS)-(luxury blackout curtains),placement,Placement Top,,placement_pct,Placement Top,0,88,placement_pct,campaign,,,2026-09-15,,,,,,
L0765,ok,placement modifier reset,D-LC-SP-EXACT-RAN-DO-(Curtains|Blackout)-(LINEN-CURTAIN-52x90-BEIGE-2-PCS)-(luxury blackout curtains),placement,Placement Rest Of Search,,placement_pct,Placement Rest Of Search,0,38,placement_pct,campaign,,,2026-09-15,,,,,,
L0766,ok,placement modifier reset,D-LC-SP-EXACT-RAN-DO-(Curtains|Blackout)-(LINEN-CURTAIN-52x84-NATURAL-2-PCS)-(lightweight blackout curtains),placement,Placement Top,,placement_pct,Placement Top,0,114,placement_pct,campaign,,,2026-09-15,,,,,,
L0767,ok,placement modifier reset,D-LC-SP-EXACT-RAN-DO-(Curtains|Blackout)-(LINEN-CURTAIN-52x84-NATURAL-2-PCS)-(lightweight blackout curtains),placement,Placement Rest Of Search,,placement_pct,Placement Rest Of Search,0,57,placement_pct,campaign,,,2026-09-15,,,,,,
L0768,ok,placement modifier reset,D-LC-SP-EXACT-RAN-DO-(Curtains|Blackout)-(LINEN-CURTAIN-52x63-LINEN-2-PCS)-(blackout curtains 63),placement,Placement Top,,placement_pct,Placement Top,0,178,placement_pct,campaign,,,2026-09-15,,,,,,
L0769,ok,placement modifier reset,D-LC-SP-EXACT-RAN-DO-(Curtains|Blackout)-(LINEN-CURTAIN-52x63-LINEN-2-PCS)-(blackout curtains 63),placement,Placement Rest Of Search,,placement_pct,Placement Rest Of Search,0,104,placement_pct,campaign,,,2026-09-15,,,,,,
L0770,ok,placement modifier reset,D-LC-SP-EXACT-RAN-DO-(Curtains|Blackout|Living Room)-(LINEN-CURTAIN-52x84-NATURAL-2-PCS)-(living room blackout curtains),placement,Placement Top,,placement_pct,Placement Top,0,108,placement_pct,campaign,,,2026-09-15,,,,,,
L0771,ok,placement modifier reset,D-LC-SP-EXACT-RAN-DO-(Curtains|Blackout|Living Room)-(LINEN-CURTAIN-52x84-NATURAL-2-PCS)-(living room blackout curtains),placement,Placement Rest Of Search,,placement_pct,Placement Rest Of Search,0,53,placement_pct,campaign,,,2026-09-15,,,,,,
L0772,ok,placement modifier reset,D-LC-SP-EXACT-RAN-DO-(Curtains|Blackout|Bedroom)-(LINEN-CURTAIN-52x90-BEIGE-2-PCS)-(curtain blackout bedroom),placement,Placement Top,,placement_pct,Placement Top,0,76,placement_pct,campaign,,,2026-09-15,,,,,,
L0773,ok,placement modifier reset,D-LC-SP-EXACT-RAN-DO-(Curtains|Blackout|Bedroom)-(LINEN-CURTAIN-52x90-BEIGE-2-PCS)-(curtain blackout bedroom),placement,Placement Rest Of Search,,placement_pct,Placement Rest Of Search,0,29,placement_pct,campaign,,,2026-09-15,,,,,,
L0774,ok,placement modifier reset,D-LC-SP-EXACT-RAN-DO-(Curtains|Blackout|Living Room)-(LINEN-CURTAIN-52x90-BEIGE-2-PCS)-(living room curtains blackout),placement,Placement Top,,placement_pct,Placement Top,0,88,placement_pct,campaign,,,2026-09-15,,,,,,
L0775,ok,placement modifier reset,D-LC-SP-EXACT-RAN-DO-(Curtains|Blackout|Living Room)-(LINEN-CURTAIN-52x90-BEIGE-2-PCS)-(living room curtains blackout),placement,Placement Rest Of Search,,placement_pct,Placement Rest Of Search,0,38,placement_pct,campaign,,,2026-09-15,,,,,,
L0776,ok,placement modifier reset,D-LC-SP-blackout curtains for small windows-(Blackout)-HSV-Exact-Conv-DO-LINEN-CURTAIN-52x63-LINEN-2-PCS,placement,Placement Top,,placement_pct,Placement Top,0,200,placement_pct,campaign,,,2026-09-15,,,,,,
L0777,ok,placement modifier reset,D-LC-SP-blackout curtains for small windows-(Blackout)-HSV-Exact-Conv-DO-LINEN-CURTAIN-52x63-LINEN-2-PCS,placement,Placement Rest Of Search,,placement_pct,Placement Rest Of Search,0,120,placement_pct,campaign,,,2026-09-15,,,,,,
L0778,ok,placement modifier reset,D-LC-SP-room darkening curtains 63 inch-(Blackout)-HSV-Exact-Conv-DO-LINEN-CURTAIN-52x63-LINEN-2-PCS,placement,Placement Top,,placement_pct,Placement Top,0,200,placement_pct,campaign,,,2026-09-15,,,,,,
L0779,ok,placement modifier reset,D-LC-SP-room darkening curtains 63 inch-(Blackout)-HSV-Exact-Conv-DO-LINEN-CURTAIN-52x63-LINEN-2-PCS,placement,Placement Rest Of Search,,placement_pct,Placement Rest Of Search,0,120,placement_pct,campaign,,,2026-09-15,,,,,,
L0780,ok,placement modifier reset,D-LC-SP-textured linen curtains-(Linen)-MSV-Exact-Conv-DO-LINEN-CURTAIN-52x84-NATURAL-2-PCS,placement,Placement Top,,placement_pct,Placement Top,0,260,placement_pct,campaign,,,2026-09-15,,,,,,
L0781,ok,placement modifier reset,D-LC-SP-EXACT-RAN-DO-(Curtains|Blackout)-(LINEN-CURTAIN-52x84-NATURAL-2-PCS)-(natural blackout curtains),placement,Placement Top,,placement_pct,Placement Top,0,63,placement_pct,campaign,,,2026-09-15,,,,,,
L0782,ok,placement modifier reset,D-LC-SP-EXACT-RAN-DO-(Curtains|Blackout)-(LINEN-CURTAIN-52x84-NATURAL-2-PCS)-(natural blackout curtains),placement,Placement Rest Of Search,,placement_pct,Placement Rest Of Search,0,20,placement_pct,campaign,,,2026-09-15,,,,,,
L0783,ok,placement modifier reset,D-Linen Curtains-SP-Exact-Ranking-Fixed-LINEN-CURTAIN-52x96-NATURAL-2-PCS-B0F6366Z7N-G,placement,Placement Top,,placement_pct,Placement Top,0,260,placement_pct,campaign,,,2026-09-15,,,,,,
L0784,ok,placement modifier reset,D-LC-SP-linen drapes-(Linen)-HSV-Exact-Conv-DO-LINEN-CURTAIN-52x84-NATURAL-2-PCS,placement,Placement Top,,placement_pct,Placement Top,0,260,placement_pct,campaign,,,2026-09-15,,,,,,
L0785,ok,placement modifier reset,D-LC-SP-EXACT-RAN-DO-(Curtains|Blackout)-(LINEN-CURTAIN-52x84-NATURAL-2-PCS)-(total blackout curtains),placement,Placement Top,,placement_pct,Placement Top,0,42,placement_pct,campaign,,,2026-09-15,,,,,,
L0786,ok,placement modifier reset,D-LC-SP-EXACT-RAN-DO-(Curtains|Blackout)-(LINEN-CURTAIN-52x84-NATURAL-2-PCS)-(total blackout curtains),placement,Placement Rest Of Search,,placement_pct,Placement Rest Of Search,0,4,placement_pct,campaign,,,2026-09-15,,,,,,
L0787,ok,placement modifier reset,D-LC-SP-EXACT-RAN-DO-(Curtains|Blackout|Bedroom)-(LINEN-CURTAIN-52x90-BEIGE-2-PCS)-(long blackout curtains for bedroom),placement,Placement Top,,placement_pct,Placement Top,0,85,placement_pct,campaign,,,2026-09-15,,,,,,
L0788,ok,placement modifier reset,D-LC-SP-EXACT-RAN-DO-(Curtains|Blackout|Bedroom)-(LINEN-CURTAIN-52x90-BEIGE-2-PCS)-(long blackout curtains for bedroom),placement,Placement Rest Of Search,,placement_pct,Placement Rest Of Search,0,36,placement_pct,campaign,,,2026-09-15,,,,,,
L0789,ok,placement modifier reset,D-LC-SP-100 percent linen curtains-(Linen)-HSV-Exact-Conv-DO-LINEN-CURTAIN-52x84-NATURAL-2-PCS,placement,Placement Top,,placement_pct,Placement Top,0,260,placement_pct,campaign,,,2026-09-15,,,,,,
L0790,ok,placement modifier reset,D-LC-SP-EXACT-RAN-DO-(Curtains|Blackout)-(LINEN-CURTAIN-52x90-BEIGE-2-PCS)-(blackout curtains with rings),placement,Placement Top,,placement_pct,Placement Top,0,63,placement_pct,campaign,,,2026-09-15,,,,,,
L0791,ok,placement modifier reset,D-LC-SP-EXACT-RAN-DO-(Curtains|Blackout)-(LINEN-CURTAIN-52x90-BEIGE-2-PCS)-(blackout curtains with rings),placement,Placement Rest Of Search,,placement_pct,Placement Rest Of Search,0,20,placement_pct,campaign,,,2026-09-15,,,,,,
L0792,ok,placement modifier reset,D-LC-SP-light blocking curtains-(Blackout)-HSV-Exact-Conv-DO-LINEN-CURTAIN-52x84-NATURAL-2-PCS,placement,Placement Top,,placement_pct,Placement Top,0,200,placement_pct,campaign,,,2026-09-15,,,,,,
L0793,ok,placement modifier reset,D-LC-SP-light blocking curtains-(Blackout)-HSV-Exact-Conv-DO-LINEN-CURTAIN-52x84-NATURAL-2-PCS,placement,Placement Rest Of Search,,placement_pct,Placement Rest Of Search,0,120,placement_pct,campaign,,,2026-09-15,,,,,,
L0794,ok,placement modifier reset,D-LC-SP-black out curtains 96 inch long 2 panels-(Blackout)-LSV-Exact-Conv-DO-LINEN-CURTAIN-52x96-BEIGE-2-PCS,placement,Placement Top,,placement_pct,Placement Top,0,200,placement_pct,campaign,,,2026-09-15,,,,,,
L0795,ok,placement modifier reset,D-LC-SP-black out curtains 96 inch long 2 panels-(Blackout)-LSV-Exact-Conv-DO-LINEN-CURTAIN-52x96-BEIGE-2-PCS,placement,Placement Rest Of Search,,placement_pct,Placement Rest Of Search,0,120,placement_pct,campaign,,,2026-09-15,,,,,,
L0796,ok,placement modifier reset,D-LC-SP-EXACT-RAN-DO-(Curtains|Blackout)-(LINEN-CURTAIN-52x72-LIGHT-BEIGE-2-PCS)-(blackout curtains 72 inch length),placement,Placement Top,,placement_pct,Placement Top,0,114,placement_pct,campaign,,,2026-09-15,,,,,,
L0797,ok,placement modifier reset,D-LC-SP-EXACT-RAN-DO-(Curtains|Blackout)-(LINEN-CURTAIN-52x72-LIGHT-BEIGE-2-PCS)-(blackout curtains 72 inch length),placement,Placement Rest Of Search,,placement_pct,Placement Rest Of Search,0,57,placement_pct,campaign,,,2026-09-15,,,,,,
L0798,ok,placement modifier reset,D-LC-SP-72 wide blackout curtains-(Blackout)-MSV-Exact-Conv-DO-LINEN-CURTAIN-52x72-LIGHT-BEIGE-2-PCS,placement,Placement Top,,placement_pct,Placement Top,0,200,placement_pct,campaign,,,2026-09-15,,,,,,
L0799,ok,placement modifier reset,D-LC-SP-72 wide blackout curtains-(Blackout)-MSV-Exact-Conv-DO-LINEN-CURTAIN-52x72-LIGHT-BEIGE-2-PCS,placement,Placement Rest Of Search,,placement_pct,Placement Rest Of Search,0,120,placement_pct,campaign,,,2026-09-15,,,,,,
L0800,ok,placement modifier reset,D-LC-SP-EXACT-RAN-DO-(Curtains|Blackout|Bedroom)-(LINEN-CURTAIN-52x90-BEIGE-2-PCS)-(bedroom curtains 2 panel sets blackout),placement,Placement Top,,placement_pct,Placement Top,0,114,placement_pct,campaign,,,2026-09-15,,,,,,
L0801,ok,placement modifier reset,D-LC-SP-EXACT-RAN-DO-(Curtains|Blackout|Bedroom)-(LINEN-CURTAIN-52x90-BEIGE-2-PCS)-(bedroom curtains 2 panel sets blackout),placement,Placement Rest Of Search,,placement_pct,Placement Rest Of Search,0,57,placement_pct,campaign,,,2026-09-15,,,,,,
L0802,ok,placement modifier reset,D-LC-SP-EXACT-RAN-DO-(Curtains|Blackout)-(LINEN-CURTAIN-52x84-NATURAL-2-PCS)-(84 inch blackout curtains),placement,Placement Top,,placement_pct,Placement Top,0,76,placement_pct,campaign,,,2026-09-15,,,,,,
L0803,ok,placement modifier reset,D-LC-SP-EXACT-RAN-DO-(Curtains|Blackout)-(LINEN-CURTAIN-52x84-NATURAL-2-PCS)-(84 inch blackout curtains),placement,Placement Rest Of Search,,placement_pct,Placement Rest Of Search,0,29,placement_pct,campaign,,,2026-09-15,,,,,,
L0804,ok,placement modifier reset,D-LC-SP-EXACT-RAN-DO-(Linen|Curtains|Blackout)-(LINEN-CURTAIN-52x90-BEIGE-2-PCS)-(flax linen blackout curtains),placement,Placement Top,,placement_pct,Placement Top,0,100,placement_pct,campaign,,,2026-09-15,,,,,,
L0805,ok,placement modifier reset,D-LC-SP-EXACT-RAN-DO-(Curtains|Blackout)-(LINEN-CURTAIN-52x84-NATURAL-2-PCS)-(curtains blackout 84 inch length),placement,Placement Top,,placement_pct,Placement Top,0,206,placement_pct,campaign,,,2026-09-15,,,,,,
L0806,ok,placement modifier reset,D-LC-SP-EXACT-RAN-DO-(Curtains|Blackout)-(LINEN-CURTAIN-52x84-NATURAL-2-PCS)-(curtains blackout 84 inch length),placement,Placement Rest Of Search,,placement_pct,Placement Rest Of Search,0,124,placement_pct,campaign,,,2026-09-15,,,,,,
L0807,ok,placement modifier reset,D-LC-SP-EXACT-RAN-DO-(Curtains|Blackout)-(LINEN-CURTAIN-52x96-IVORY-2-PCS)-(52 x 96 blackout curtains 2 panels),placement,Placement Top,,placement_pct,Placement Top,0,146,placement_pct,campaign,,,2026-09-15,,,,,,
L0808,ok,placement modifier reset,D-LC-SP-EXACT-RAN-DO-(Curtains|Blackout)-(LINEN-CURTAIN-52x96-IVORY-2-PCS)-(52 x 96 blackout curtains 2 panels),placement,Placement Rest Of Search,,placement_pct,Placement Rest Of Search,0,80,placement_pct,campaign,,,2026-09-15,,,,,,
L0809,ok,placement modifier reset,D-LC-SP-cream blackout curtains 84 inches long-(Blackout)-HSV-Exact-Conv-DO-LINEN-CURTAIN-52x84-IVORY-2-PCS,placement,Placement Top,,placement_pct,Placement Top,0,200,placement_pct,campaign,,,2026-09-15,,,,,,
L0810,ok,placement modifier reset,D-LC-SP-cream blackout curtains 84 inches long-(Blackout)-HSV-Exact-Conv-DO-LINEN-CURTAIN-52x84-IVORY-2-PCS,placement,Placement Rest Of Search,,placement_pct,Placement Rest Of Search,0,120,placement_pct,campaign,,,2026-09-15,,,,,,
L0811,ok,placement modifier reset,D-LC-SP-black out curtains for bedroom-(Blackout)-HSV-Exact-Conv-DO-LINEN-CURTAIN-52x96-NATURAL-2-PCS,placement,Placement Top,,placement_pct,Placement Top,0,200,placement_pct,campaign,,,2026-09-15,,,,,,
L0812,ok,placement modifier reset,D-LC-SP-black out curtains for bedroom-(Blackout)-HSV-Exact-Conv-DO-LINEN-CURTAIN-52x96-NATURAL-2-PCS,placement,Placement Rest Of Search,,placement_pct,Placement Rest Of Search,0,120,placement_pct,campaign,,,2026-09-15,,,,,,
L0813,ok,placement modifier reset,D-LC-SP-EXACT-RAN-DO-(Curtains|Blackout|Living Room)-(LINEN-CURTAIN-52x84-NATURAL-2-PCS)-(curtains for living room blackout),placement,Placement Top,,placement_pct,Placement Top,0,117,placement_pct,campaign,,,2026-09-15,,,,,,
L0814,ok,placement modifier reset,D-LC-SP-EXACT-RAN-DO-(Curtains|Blackout|Living Room)-(LINEN-CURTAIN-52x84-NATURAL-2-PCS)-(curtains for living room blackout),placement,Placement Rest Of Search,,placement_pct,Placement Rest Of Search,0,59,placement_pct,campaign,,,2026-09-15,,,,,,
L0815,ok,placement modifier reset,D-LC-SP-thermal blackout curtains 84 inches-(Blackout)-HSV-Exact-Conv-DO-LINEN-CURTAIN-52x84-BEIGE-2-PCS,placement,Placement Top,,placement_pct,Placement Top,0,200,placement_pct,campaign,,,2026-09-15,,,,,,
L0816,ok,placement modifier reset,D-LC-SP-thermal blackout curtains 84 inches-(Blackout)-HSV-Exact-Conv-DO-LINEN-CURTAIN-52x84-BEIGE-2-PCS,placement,Placement Rest Of Search,,placement_pct,Placement Rest Of Search,0,120,placement_pct,campaign,,,2026-09-15,,,,,,
L0817,ok,placement modifier reset,D-LC-SP-small window curtains-(Blackout)-VHSV-Exact-Conv-DO-LINEN-CURTAIN-52x63-LINEN-2-PCS,placement,Placement Top,,placement_pct,Placement Top,0,200,placement_pct,campaign,,,2026-09-15,,,,,,
L0818,ok,placement modifier reset,D-LC-SP-small window curtains-(Blackout)-VHSV-Exact-Conv-DO-LINEN-CURTAIN-52x63-LINEN-2-PCS,placement,Placement Rest Of Search,,placement_pct,Placement Rest Of Search,0,120,placement_pct,campaign,,,2026-09-15,,,,,,
L0819,ok,placement modifier reset,D-LC-SP-EXACT-RAN-DO-(Curtains|Blackout)-(LINEN-CURTAIN-52x84-NATURAL-2-PCS)-(blackout curtains 52x84),placement,Placement Top,,placement_pct,Placement Top,0,95,placement_pct,campaign,,,2026-09-15,,,,,,
L0820,ok,placement modifier reset,D-LC-SP-EXACT-RAN-DO-(Curtains|Blackout)-(LINEN-CURTAIN-52x84-NATURAL-2-PCS)-(blackout curtains 52x84),placement,Placement Rest Of Search,,placement_pct,Placement Rest Of Search,0,43,placement_pct,campaign,,,2026-09-15,,,,,,
L0821,ok,placement modifier reset,D-LC-SP-short blackout curtains for bedroom-(Blackout)-HSV-Exact-Conv-DO-LINEN-CURTAIN-52x63-LINEN-2-PCS,placement,Placement Top,,placement_pct,Placement Top,0,200,placement_pct,campaign,,,2026-09-15,,,,,,
L0822,ok,placement modifier reset,D-LC-SP-short blackout curtains for bedroom-(Blackout)-HSV-Exact-Conv-DO-LINEN-CURTAIN-52x63-LINEN-2-PCS,placement,Placement Rest Of Search,,placement_pct,Placement Rest Of Search,0,120,placement_pct,campaign,,,2026-09-15,,,,,,
L0823,ok,placement modifier reset,D-LC-SP-cortinas blackout para sala elegantes-(Blackout-ES)-MSV-Exact-Conv-DO-LINEN-CURTAIN-52x96-NATURAL-2-PCS,placement,Placement Top,,placement_pct,Placement Top,0,200,placement_pct,campaign,,,2026-09-15,,,,,,
L0824,ok,placement modifier reset,D-LC-SP-cortinas blackout para sala elegantes-(Blackout-ES)-MSV-Exact-Conv-DO-LINEN-CURTAIN-52x96-NATURAL-2-PCS,placement,Placement Rest Of Search,,placement_pct,Placement Rest Of Search,0,120,placement_pct,campaign,,,2026-09-15,,,,,,
L0825,ok,placement modifier reset,D-LC-SP-sun zero blackout curtains-(Blackout)-HSV-Exact-Conv-DO-LINEN-CURTAIN-52x96-NATURAL-2-PCS,placement,Placement Top,,placement_pct,Placement Top,0,200,placement_pct,campaign,,,2026-09-15,,,,,,
L0826,ok,placement modifier reset,D-LC-SP-sun zero blackout curtains-(Blackout)-HSV-Exact-Conv-DO-LINEN-CURTAIN-52x96-NATURAL-2-PCS,placement,Placement Rest Of Search,,placement_pct,Placement Rest Of Search,0,120,placement_pct,campaign,,,2026-09-15,,,,,,
L0827,ok,placement modifier reset,D-LC-SP-black out drapes 84 inch length 2 panels set-(Blackout)-MSV-Exact-Conv-DO-LINEN-CURTAIN-52x84-BEIGE-2-PCS,placement,Placement Top,,placement_pct,Placement Top,0,200,placement_pct,campaign,,,2026-09-15,,,,,,
L0828,ok,placement modifier reset,D-LC-SP-black out drapes 84 inch length 2 panels set-(Blackout)-MSV-Exact-Conv-DO-LINEN-CURTAIN-52x84-BEIGE-2-PCS,placement,Placement Rest Of Search,,placement_pct,Placement Rest Of Search,0,120,placement_pct,campaign,,,2026-09-15,,,,,,
L0829,ok,placement modifier reset,D-LC-SP-EXACT-RAN-DO-(Curtains|Blackout)-(LINEN-CURTAIN-52x72-LIGHT-BEIGE-2-PCS)-(curtains blackout 72 inch length),placement,Placement Top,,placement_pct,Placement Top,0,85,placement_pct,campaign,,,2026-09-15,,,,,,
L0830,ok,placement modifier reset,D-LC-SP-EXACT-RAN-DO-(Curtains|Blackout)-(LINEN-CURTAIN-52x72-LIGHT-BEIGE-2-PCS)-(curtains blackout 72 inch length),placement,Placement Rest Of Search,,placement_pct,Placement Rest Of Search,0,36,placement_pct,campaign,,,2026-09-15,,,,,,
L0831,ok,placement modifier reset,D-LC-SP-light blocking curtains 84 inches long-(Blackout)-HSV-Exact-Conv-DO-LINEN-CURTAIN-52x84-BEIGE-2-PCS,placement,Placement Top,,placement_pct,Placement Top,0,200,placement_pct,campaign,,,2026-09-15,,,,,,
L0832,ok,placement modifier reset,D-LC-SP-light blocking curtains 84 inches long-(Blackout)-HSV-Exact-Conv-DO-LINEN-CURTAIN-52x84-BEIGE-2-PCS,placement,Placement Rest Of Search,,placement_pct,Placement Rest Of Search,0,120,placement_pct,campaign,,,2026-09-15,,,,,,
L0833,ok,placement modifier reset,D-LC-SP-extra wide blackout curtains-(Blackout)-HSV-Exact-Conv-DO-LINEN-CURTAIN-52x96-NATURAL-2-PCS,placement,Placement Top,,placement_pct,Placement Top,0,200,placement_pct,campaign,,,2026-09-15,,,,,,
L0834,ok,placement modifier reset,D-LC-SP-extra wide blackout curtains-(Blackout)-HSV-Exact-Conv-DO-LINEN-CURTAIN-52x96-NATURAL-2-PCS,placement,Placement Rest Of Search,,placement_pct,Placement Rest Of Search,0,120,placement_pct,campaign,,,2026-09-15,,,,,,
L0835,ok,placement modifier reset,D-LC-SP-linen curtains 108-(Linen)-LSV-Exact-Conv-DO-LINEN-CURTAIN-52x108-BEIGE-2-PCS,placement,Placement Top,,placement_pct,Placement Top,0,260,placement_pct,campaign,,,2026-09-15,,,,,,
L0836,ok,placement modifier reset,D-LC-SP-EXACT-RAN-DO-(Curtains|Blackout)-(LINEN-CURTAIN-52x90-BEIGE-2-PCS)-(sun blackout curtains),placement,Placement Top,,placement_pct,Placement Top,0,117,placement_pct,campaign,,,2026-09-15,,,,,,
L0837,ok,placement modifier reset,D-LC-SP-EXACT-RAN-DO-(Curtains|Blackout)-(LINEN-CURTAIN-52x90-BEIGE-2-PCS)-(sun blackout curtains),placement,Placement Rest Of Search,,placement_pct,Placement Rest Of Search,0,59,placement_pct,campaign,,,2026-09-15,,,,,,
L0838,ok,placement modifier reset,D-LC-SP-EXACT-RAN-DO-(Curtains|Blackout)-(LINEN-CURTAIN-52x72-LIGHT-BEIGE-2-PCS)-(blackout curtains 72),placement,Placement Top,,placement_pct,Placement Top,0,81,placement_pct,campaign,,,2026-09-15,,,,,,
L0839,ok,placement modifier reset,D-LC-SP-EXACT-RAN-DO-(Curtains|Blackout)-(LINEN-CURTAIN-52x72-LIGHT-BEIGE-2-PCS)-(blackout curtains 72),placement,Placement Rest Of Search,,placement_pct,Placement Rest Of Search,0,33,placement_pct,campaign,,,2026-09-15,,,,,,
L0840,ok,placement modifier reset,D-LC-SP-black out curtains for living room-(Blackout)-HSV-Exact-Conv-DO-LINEN-CURTAIN-52x96-NATURAL-2-PCS,placement,Placement Top,,placement_pct,Placement Top,0,200,placement_pct,campaign,,,2026-09-15,,,,,,
L0841,ok,placement modifier reset,D-LC-SP-black out curtains for living room-(Blackout)-HSV-Exact-Conv-DO-LINEN-CURTAIN-52x96-NATURAL-2-PCS,placement,Placement Rest Of Search,,placement_pct,Placement Rest Of Search,0,120,placement_pct,campaign,,,2026-09-15,,,,,,
L0842,ok,placement modifier reset,D-LC-SP-EXACT-RAN-DO-(Curtains|Blackout)-(LINEN-CURTAIN-52x84-NATURAL-2-PCS)-(blackout curtains textured),placement,Placement Top,,placement_pct,Placement Top,0,117,placement_pct,campaign,,,2026-09-15,,,,,,
L0843,ok,placement modifier reset,D-LC-SP-EXACT-RAN-DO-(Curtains|Blackout)-(LINEN-CURTAIN-52x84-NATURAL-2-PCS)-(blackout curtains textured),placement,Placement Rest Of Search,,placement_pct,Placement Rest Of Search,0,59,placement_pct,campaign,,,2026-09-15,,,,,,
L0844,ok,placement modifier reset,D-LC-SP-blackout curtains short length-(Blackout)-HSV-Exact-Conv-DO-LINEN-CURTAIN-52x63-LINEN-2-PCS,placement,Placement Top,,placement_pct,Placement Top,0,200,placement_pct,campaign,,,2026-09-15,,,,,,
L0845,ok,placement modifier reset,D-LC-SP-blackout curtains short length-(Blackout)-HSV-Exact-Conv-DO-LINEN-CURTAIN-52x63-LINEN-2-PCS,placement,Placement Rest Of Search,,placement_pct,Placement Rest Of Search,0,120,placement_pct,campaign,,,2026-09-15,,,,,,
L0846,ok,placement modifier reset,D-LC-SP-ivory blackout curtains 90 inches long-(Blackout)-LSV-Exact-Conv-DO-LINEN-CURTAIN-52x90-IVORY-2-PCS,placement,Placement Top,,placement_pct,Placement Top,0,200,placement_pct,campaign,,,2026-09-15,,,,,,
L0847,ok,placement modifier reset,D-LC-SP-ivory blackout curtains 90 inches long-(Blackout)-LSV-Exact-Conv-DO-LINEN-CURTAIN-52x90-IVORY-2-PCS,placement,Placement Rest Of Search,,placement_pct,Placement Rest Of Search,0,120,placement_pct,campaign,,,2026-09-15,,,,,,
L0848,ok,placement modifier reset,D-Linen Curtains-SP-Exact-Ranking-Fixed-LINEN-CURTAIN-52x84-NATURAL-2-PCS-B0F639CWS1 - linen privacy curtains,placement,Placement Top,,placement_pct,Placement Top,0,55,placement_pct,campaign,,,2026-09-15,,,,,,
L0849,ok,placement modifier reset,D-LC-SP-EXACT-RAN-DO-(Curtains|Blackout|Living Room)-(LINEN-CURTAIN-52x84-NATURAL-2-PCS)-(blackout living room curtains),placement,Placement Top,,placement_pct,Placement Top,0,88,placement_pct,campaign,,,2026-09-15,,,,,,
L0850,ok,placement modifier reset,D-LC-SP-EXACT-RAN-DO-(Curtains|Blackout|Living Room)-(LINEN-CURTAIN-52x84-NATURAL-2-PCS)-(blackout living room curtains),placement,Placement Rest Of Search,,placement_pct,Placement Rest Of Search,0,38,placement_pct,campaign,,,2026-09-15,,,,,,
L0851,ok,placement modifier reset,D-LC-SP-white blackout curtains 96 inches long-(Blackout)-MSV-Exact-Conv-DO-LINEN-CURTAIN-52x96-IVORY-2-PCS,placement,Placement Top,,placement_pct,Placement Top,0,200,placement_pct,campaign,,,2026-09-15,,,,,,
L0852,ok,placement modifier reset,D-LC-SP-white blackout curtains 96 inches long-(Blackout)-MSV-Exact-Conv-DO-LINEN-CURTAIN-52x96-IVORY-2-PCS,placement,Placement Rest Of Search,,placement_pct,Placement Rest Of Search,0,120,placement_pct,campaign,,,2026-09-15,,,,,,
L0853,ok,placement modifier reset,D-LC-SP-EXACT-RAN-DO-(Curtains|Blackout)-(LINEN-CURTAIN-52x90-LIGHT-BEIGE-2-PCS)-(light beige blackout curtains),placement,Placement Top,,placement_pct,Placement Top,0,67,placement_pct,campaign,,,2026-09-15,,,,,,
L0854,ok,placement modifier reset,D-LC-SP-EXACT-RAN-DO-(Curtains|Blackout)-(LINEN-CURTAIN-52x90-LIGHT-BEIGE-2-PCS)-(light beige blackout curtains),placement,Placement Rest Of Search,,placement_pct,Placement Rest Of Search,0,22,placement_pct,campaign,,,2026-09-15,,,,,,
L0855,ok,placement modifier reset,D-LC-SP-black out beige curtains for bedroom-(Blackout)-LSV-Exact-Conv-DO-LINEN-CURTAIN-52x84-BEIGE-2-PCS,placement,Placement Top,,placement_pct,Placement Top,0,200,placement_pct,campaign,,,2026-09-15,,,,,,
L0856,ok,placement modifier reset,D-LC-SP-black out beige curtains for bedroom-(Blackout)-LSV-Exact-Conv-DO-LINEN-CURTAIN-52x84-BEIGE-2-PCS,placement,Placement Rest Of Search,,placement_pct,Placement Rest Of Search,0,120,placement_pct,campaign,,,2026-09-15,,,,,,
L0857,ok,placement modifier reset,D-LC-SP-linen black out curtains 96 inches long-(Linen)-LSV-Exact-Conv-DO-LINEN-CURTAIN-52x96-BEIGE-2-PCS,placement,Placement Top,,placement_pct,Placement Top,0,260,placement_pct,campaign,,,2026-09-15,,,,,,
L0858,ok,placement modifier reset,D-LC-SP-EXACT-RAN-DO-(Curtains|Blackout)-(LINEN-CURTAIN-52x84-NATURAL-2-PCS)-(blackout curtains 84 inch length),placement,Placement Top,,placement_pct,Placement Top,0,63,placement_pct,campaign,,,2026-09-15,,,,,,
L0859,ok,placement modifier reset,D-LC-SP-EXACT-RAN-DO-(Curtains|Blackout)-(LINEN-CURTAIN-52x84-NATURAL-2-PCS)-(blackout curtains 84 inch length),placement,Placement Rest Of Search,,placement_pct,Placement Rest Of Search,0,20,placement_pct,campaign,,,2026-09-15,,,,,,
L0860,ok,placement modifier reset,D-LC-SP-small window blackout curtains-(Blackout)-HSV-Exact-Conv-DO-LINEN-CURTAIN-52x63-LINEN-2-PCS,placement,Placement Top,,placement_pct,Placement Top,0,200,placement_pct,campaign,,,2026-09-15,,,,,,
L0861,ok,placement modifier reset,D-LC-SP-small window blackout curtains-(Blackout)-HSV-Exact-Conv-DO-LINEN-CURTAIN-52x63-LINEN-2-PCS,placement,Placement Rest Of Search,,placement_pct,Placement Rest Of Search,0,120,placement_pct,campaign,,,2026-09-15,,,,,,
L0862,ok,placement modifier reset,D-LC-SP-EXACT-RAN-DO-(Curtains|Blackout|Living Room)-(52x84-NATURAL-2-PCS)-(long blackout curtains for living room),placement,Placement Top,,placement_pct,Placement Top,0,92,placement_pct,campaign,,,2026-09-15,,,,,,
L0863,ok,placement modifier reset,D-LC-SP-EXACT-RAN-DO-(Curtains|Blackout|Living Room)-(52x84-NATURAL-2-PCS)-(long blackout curtains for living room),placement,Placement Rest Of Search,,placement_pct,Placement Rest Of Search,0,41,placement_pct,campaign,,,2026-09-15,,,,,,
L0864,ok,placement modifier reset,D-Linen Curtains-SP-Exact-Ranking-Fixed-LINEN-CURTAIN-52x84-NATURAL-2-PCS-B0F639CWS1 - linen curtains 2 panel set,placement,Placement Top,,placement_pct,Placement Top,0,260,placement_pct,campaign,,,2026-09-15,,,,,,
L0865,ok,placement modifier reset,D-LC-SP-black out drapes-(Blackout)-HSV-Exact-Conv-DO-LINEN-CURTAIN-52x96-NATURAL-2-PCS,placement,Placement Top,,placement_pct,Placement Top,0,200,placement_pct,campaign,,,2026-09-15,,,,,,
L0866,ok,placement modifier reset,D-LC-SP-black out drapes-(Blackout)-HSV-Exact-Conv-DO-LINEN-CURTAIN-52x96-NATURAL-2-PCS,placement,Placement Rest Of Search,,placement_pct,Placement Rest Of Search,0,120,placement_pct,campaign,,,2026-09-15,,,,,,
L0867,ok,placement modifier reset,D-LC-SP-room darkening curtains 72 inches long-(Blackout)-MSV-Exact-Conv-DO-LINEN-CURTAIN-52x72-LIGHT-BEIGE-2-PCS,placement,Placement Top,,placement_pct,Placement Top,0,200,placement_pct,campaign,,,2026-09-15,,,,,,
L0868,ok,placement modifier reset,D-LC-SP-room darkening curtains 72 inches long-(Blackout)-MSV-Exact-Conv-DO-LINEN-CURTAIN-52x72-LIGHT-BEIGE-2-PCS,placement,Placement Rest Of Search,,placement_pct,Placement Rest Of Search,0,120,placement_pct,campaign,,,2026-09-15,,,,,,
L0869,ok,placement modifier reset,D-LC-SP-black out curtains living room-(Blackout)-HSV-Exact-Conv-DO-LINEN-CURTAIN-52x96-NATURAL-2-PCS,placement,Placement Top,,placement_pct,Placement Top,0,200,placement_pct,campaign,,,2026-09-15,,,,,,
L0870,ok,placement modifier reset,D-LC-SP-black out curtains living room-(Blackout)-HSV-Exact-Conv-DO-LINEN-CURTAIN-52x96-NATURAL-2-PCS,placement,Placement Rest Of Search,,placement_pct,Placement Rest Of Search,0,120,placement_pct,campaign,,,2026-09-15,,,,,,
L0871,ok,placement modifier reset,D-LC-SP-EXACT-RAN-DO-(Curtains|Blackout|Bedroom)-(52x84-NATURAL-2-PCS)-(blackout curtains for bedroom 84 inches long),placement,Placement Top,,placement_pct,Placement Top,0,85,placement_pct,campaign,,,2026-09-15,,,,,,
L0872,ok,placement modifier reset,D-LC-SP-EXACT-RAN-DO-(Curtains|Blackout|Bedroom)-(52x84-NATURAL-2-PCS)-(blackout curtains for bedroom 84 inches long),placement,Placement Rest Of Search,,placement_pct,Placement Rest Of Search,0,36,placement_pct,campaign,,,2026-09-15,,,,,,
L0873,ok,placement modifier reset,D-LC-SP-blackout curtains for bedroom 72 wide-(Blackout)-LSV-Exact-Conv-DO-LINEN-CURTAIN-52x72-LIGHT-BEIGE-2-PCS,placement,Placement Top,,placement_pct,Placement Top,0,200,placement_pct,campaign,,,2026-09-15,,,,,,
L0874,ok,placement modifier reset,D-LC-SP-blackout curtains for bedroom 72 wide-(Blackout)-LSV-Exact-Conv-DO-LINEN-CURTAIN-52x72-LIGHT-BEIGE-2-PCS,placement,Placement Rest Of Search,,placement_pct,Placement Rest Of Search,0,120,placement_pct,campaign,,,2026-09-15,,,,,,
L0875,ok,placement modifier reset,D-LC-SP-EXACT-RAN-DO-(Curtains|Blackout)-(LINEN-CURTAIN-52x90-BEIGE-2-PCS)-(neutral blackout curtains),placement,Placement Top,,placement_pct,Placement Top,0,121,placement_pct,campaign,,,2026-09-15,,,,,,
L0876,ok,placement modifier reset,D-LC-SP-EXACT-RAN-DO-(Curtains|Blackout)-(LINEN-CURTAIN-52x90-BEIGE-2-PCS)-(neutral blackout curtains),placement,Placement Rest Of Search,,placement_pct,Placement Rest Of Search,0,62,placement_pct,campaign,,,2026-09-15,,,,,,
L0877,ok,placement modifier reset,D-LC-SP-EXACT-RAN-DO-(Curtains|Blackout)-(LINEN-CURTAIN-52x84-NATURAL-2-PCS)-(84 in blackout curtains),placement,Placement Top,,placement_pct,Placement Top,0,63,placement_pct,campaign,,,2026-09-15,,,,,,
L0878,ok,placement modifier reset,D-LC-SP-EXACT-RAN-DO-(Curtains|Blackout)-(LINEN-CURTAIN-52x84-NATURAL-2-PCS)-(84 in blackout curtains),placement,Placement Rest Of Search,,placement_pct,Placement Rest Of Search,0,20,placement_pct,campaign,,,2026-09-15,,,,,,
L0879,ok,placement modifier reset,D-LC-SP-EXACT-RAN-DO-(Curtains|Blackout)-(LINEN-CURTAIN-52x84-IVORY-2-PCS)-(ivory blackout curtains 84 inches long),placement,Placement Top,,placement_pct,Placement Top,0,114,placement_pct,campaign,,,2026-09-15,,,,,,
L0880,ok,placement modifier reset,D-LC-SP-EXACT-RAN-DO-(Curtains|Blackout)-(LINEN-CURTAIN-52x84-IVORY-2-PCS)-(ivory blackout curtains 84 inches long),placement,Placement Rest Of Search,,placement_pct,Placement Rest Of Search,0,57,placement_pct,campaign,,,2026-09-15,,,,,,
L0881,ok,placement modifier reset,D-LC-SP-black out curtains 72 inch wide-(Blackout)-MSV-Exact-Conv-DO-LINEN-CURTAIN-52x72-LIGHT-BEIGE-2-PCS,placement,Placement Top,,placement_pct,Placement Top,0,200,placement_pct,campaign,,,2026-09-15,,,,,,
L0882,ok,placement modifier reset,D-LC-SP-black out curtains 72 inch wide-(Blackout)-MSV-Exact-Conv-DO-LINEN-CURTAIN-52x72-LIGHT-BEIGE-2-PCS,placement,Placement Rest Of Search,,placement_pct,Placement Rest Of Search,0,120,placement_pct,campaign,,,2026-09-15,,,,,,
L0883,ok,placement modifier reset,D-LC-SP-EXACT-RAN-DO-(Curtains|Blackout)-(LINEN-CURTAIN-52x90-BEIGE-2-PCS)-(blackout curtains 2 panels),placement,Placement Top,,placement_pct,Placement Top,0,95,placement_pct,campaign,,,2026-09-15,,,,,,
L0884,ok,placement modifier reset,D-LC-SP-EXACT-RAN-DO-(Curtains|Blackout)-(LINEN-CURTAIN-52x90-BEIGE-2-PCS)-(blackout curtains 2 panels),placement,Placement Rest Of Search,,placement_pct,Placement Rest Of Search,0,43,placement_pct,campaign,,,2026-09-15,,,,,,
L0885,ok,placement modifier reset,D-LC-SP-dark curtains for bedroom-(Blackout)-HSV-Exact-Conv-DO-LINEN-CURTAIN-52x84-NATURAL-2-PCS,placement,Placement Top,,placement_pct,Placement Top,0,200,placement_pct,campaign,,,2026-09-15,,,,,,
L0886,ok,placement modifier reset,D-LC-SP-dark curtains for bedroom-(Blackout)-HSV-Exact-Conv-DO-LINEN-CURTAIN-52x84-NATURAL-2-PCS,placement,Placement Rest Of Search,,placement_pct,Placement Rest Of Search,0,120,placement_pct,campaign,,,2026-09-15,,,,,,
L0887,ok,placement modifier reset,D-LC-SP-EXACT-RAN-DO-(Curtains|Blackout)-(LINEN-CURTAIN-52x84-NATURAL-2-PCS)-(84 blackout curtains 2 panel set),placement,Placement Top,,placement_pct,Placement Top,0,95,placement_pct,campaign,,,2026-09-15,,,,,,
L0888,ok,placement modifier reset,D-LC-SP-EXACT-RAN-DO-(Curtains|Blackout)-(LINEN-CURTAIN-52x84-NATURAL-2-PCS)-(84 blackout curtains 2 panel set),placement,Placement Rest Of Search,,placement_pct,Placement Rest Of Search,0,43,placement_pct,campaign,,,2026-09-15,,,,,,
L0889,ok,placement modifier reset,D-LC-SP-EXACT-RAN-DO-(Curtains|Blackout)-(LINEN-CURTAIN-52x90-BEIGE-2-PCS)-(farmhouse curtains blackout),placement,Placement Top,,placement_pct,Placement Top,0,163,placement_pct,campaign,,,2026-09-15,,,,,,
L0890,ok,placement modifier reset,D-LC-SP-EXACT-RAN-DO-(Curtains|Blackout)-(LINEN-CURTAIN-52x90-BEIGE-2-PCS)-(farmhouse curtains blackout),placement,Placement Rest Of Search,,placement_pct,Placement Rest Of Search,0,93,placement_pct,campaign,,,2026-09-15,,,,,,
L0891,ok,placement modifier reset,D-LC-SP-darkening curtains for bedroom-(Blackout)-HSV-Exact-Conv-DO-LINEN-CURTAIN-52x96-NATURAL-2-PCS,placement,Placement Top,,placement_pct,Placement Top,0,200,placement_pct,campaign,,,2026-09-15,,,,,,
L0892,ok,placement modifier reset,D-LC-SP-darkening curtains for bedroom-(Blackout)-HSV-Exact-Conv-DO-LINEN-CURTAIN-52x96-NATURAL-2-PCS,placement,Placement Rest Of Search,,placement_pct,Placement Rest Of Search,0,120,placement_pct,campaign,,,2026-09-15,,,,,,
L0893,ok,placement modifier reset,D-LC-SP-EXACT-RAN-DO-(Linen|Curtains|Blackout)-(LINEN-CURTAIN-52x96-IVORY-2-PCS)-(ivory linen curtains blackout),placement,Placement Top,,placement_pct,Placement Top,0,67,placement_pct,campaign,,,2026-09-15,,,,,,
L0894,ok,placement modifier reset,D-LC-SP-EXACT-RAN-DO-(Curtains|Blackout|Bedroom)-(LINEN-CURTAIN-52x90-BEIGE-2-PCS)-(blackout curtains 2 panel bedroom),placement,Placement Top,,placement_pct,Placement Top,0,79,placement_pct,campaign,,,2026-09-15,,,,,,
L0895,ok,placement modifier reset,D-LC-SP-EXACT-RAN-DO-(Curtains|Blackout|Bedroom)-(LINEN-CURTAIN-52x90-BEIGE-2-PCS)-(blackout curtains 2 panel bedroom),placement,Placement Rest Of Search,,placement_pct,Placement Rest Of Search,0,31,placement_pct,campaign,,,2026-09-15,,,,,,
L0896,ok,placement modifier reset,D-LC-SP-EXACT-RAN-DO-(Curtains|Blackout)-(LINEN-CURTAIN-52x63-LINEN-2-PCS)-(blackout curtains 63 inch length 2 panels set),placement,Placement Top,,placement_pct,Placement Top,0,212,placement_pct,campaign,,,2026-09-15,,,,,,
L0897,ok,placement modifier reset,D-LC-SP-EXACT-RAN-DO-(Curtains|Blackout)-(LINEN-CURTAIN-52x63-LINEN-2-PCS)-(blackout curtains 63 inch length 2 panels set),placement,Placement Rest Of Search,,placement_pct,Placement Rest Of Search,0,129,placement_pct,campaign,,,2026-09-15,,,,,,
L0898,ok,placement modifier reset,D-LC-SP-108 linen curtains 2 panel set-(Linen)-LSV-Exact-Conv-DO-LINEN-CURTAIN-52x108-BEIGE-2-PCS,placement,Placement Top,,placement_pct,Placement Top,0,260,placement_pct,campaign,,,2026-09-15,,,,,,
L0899,ok,placement modifier reset,D-LC-SP-EXACT-RAN-DO-(Curtains|Blackout|Bedroom)-(LINEN-CURTAIN-52x84-NATURAL-2-PCS)-(best blackout curtains for bedroom),placement,Placement Top,,placement_pct,Placement Top,0,76,placement_pct,campaign,,,2026-09-15,,,,,,
L0900,ok,placement modifier reset,D-LC-SP-EXACT-RAN-DO-(Curtains|Blackout|Bedroom)-(LINEN-CURTAIN-52x84-NATURAL-2-PCS)-(best blackout curtains for bedroom),placement,Placement Rest Of Search,,placement_pct,Placement Rest Of Search,0,29,placement_pct,campaign,,,2026-09-15,,,,,,
L0901,ok,placement modifier reset,D-LC-SP-EXACT-RAN-DO-(Curtains|Blackout)-(LINEN-CURTAIN-52x84-NATURAL-2-PCS)-(52x84 blackout curtains 2 panels),placement,Placement Top,,placement_pct,Placement Top,0,95,placement_pct,campaign,,,2026-09-15,,,,,,
L0902,ok,placement modifier reset,D-LC-SP-EXACT-RAN-DO-(Curtains|Blackout)-(LINEN-CURTAIN-52x84-NATURAL-2-PCS)-(52x84 blackout curtains 2 panels),placement,Placement Rest Of Search,,placement_pct,Placement Rest Of Search,0,43,placement_pct,campaign,,,2026-09-15,,,,,,
L0903,ok,placement modifier reset,D-Linen Curtains-SP-Exact-Ranking-Fixed-LINEN-CURTAIN-52x84-NATURAL-2-PCS-B0F639CWS1 - lined linen curtains 84 inches long,placement,Placement Top,,placement_pct,Placement Top,0,55,placement_pct,campaign,,,2026-09-15,,,,,,
L0904,ok,placement modifier reset,D-LC-SP-linen curtains 72 inch length-(Linen)-LSV-Exact-Conv-DO-LINEN-CURTAIN-52x72-LIGHT-BEIGE-2-PCS,placement,Placement Top,,placement_pct,Placement Top,0,260,placement_pct,campaign,,,2026-09-15,,,,,,
L0905,ok,placement modifier reset,D-LC-SP-EXACT-RAN-DO-(Curtains|Blackout)-(LINEN-CURTAIN-52x84-NATURAL-2-PCS)-(floor length blackout curtains),placement,Placement Top,,placement_pct,Placement Top,0,67,placement_pct,campaign,,,2026-09-15,,,,,,
L0906,ok,placement modifier reset,D-LC-SP-EXACT-RAN-DO-(Curtains|Blackout)-(LINEN-CURTAIN-52x84-NATURAL-2-PCS)-(floor length blackout curtains),placement,Placement Rest Of Search,,placement_pct,Placement Rest Of Search,0,22,placement_pct,campaign,,,2026-09-15,,,,,,
L0907,ok,placement modifier reset,D-LC-SP-EXACT-RAN-DO-(Curtains|Blackout)-(LINEN-CURTAIN-52x72-LIGHT-BEIGE-2-PCS)-(72 inch blackout curtains 2 panel set),placement,Placement Top,,placement_pct,Placement Top,0,117,placement_pct,campaign,,,2026-09-15,,,,,,
L0908,ok,placement modifier reset,D-LC-SP-EXACT-RAN-DO-(Curtains|Blackout)-(LINEN-CURTAIN-52x72-LIGHT-BEIGE-2-PCS)-(72 inch blackout curtains 2 panel set),placement,Placement Rest Of Search,,placement_pct,Placement Rest Of Search,0,59,placement_pct,campaign,,,2026-09-15,,,,,,
L0909,ok,placement modifier reset,D-LC-SP-cortinas blackout para sala-(Blackout-ES)-HSV-Exact-Conv-DO-LINEN-CURTAIN-52x96-NATURAL-2-PCS,placement,Placement Top,,placement_pct,Placement Top,0,200,placement_pct,campaign,,,2026-09-15,,,,,,
L0910,ok,placement modifier reset,D-LC-SP-cortinas blackout para sala-(Blackout-ES)-HSV-Exact-Conv-DO-LINEN-CURTAIN-52x96-NATURAL-2-PCS,placement,Placement Rest Of Search,,placement_pct,Placement Rest Of Search,0,120,placement_pct,campaign,,,2026-09-15,,,,,,
L0911,ok,placement modifier reset,D-LC-SP-cream blackout curtains 90 inches long-(Blackout)-LSV-Exact-Conv-DO-LINEN-CURTAIN-52x90-IVORY-2-PCS,placement,Placement Top,,placement_pct,Placement Top,0,200,placement_pct,campaign,,,2026-09-15,,,,,,
L0912,ok,placement modifier reset,D-LC-SP-cream blackout curtains 90 inches long-(Blackout)-LSV-Exact-Conv-DO-LINEN-CURTAIN-52x90-IVORY-2-PCS,placement,Placement Rest Of Search,,placement_pct,Placement Rest Of Search,0,120,placement_pct,campaign,,,2026-09-15,,,,,,
L0913,ok,placement modifier reset,D-LC-SP-room darkening curtains for bedroom-(Blackout)-VHSV-Exact-Conv-DO-LINEN-CURTAIN-52x96-NATURAL-2-PCS,placement,Placement Top,,placement_pct,Placement Top,0,200,placement_pct,campaign,,,2026-09-15,,,,,,
L0914,ok,placement modifier reset,D-LC-SP-room darkening curtains for bedroom-(Blackout)-VHSV-Exact-Conv-DO-LINEN-CURTAIN-52x96-NATURAL-2-PCS,placement,Placement Rest Of Search,,placement_pct,Placement Rest Of Search,0,120,placement_pct,campaign,,,2026-09-15,,,,,,
L0915,ok,placement modifier reset,D-LC-SP-EXACT-RAN-DO-(Curtains|Blackout)-(LINEN-CURTAIN-52x96-NATURAL-2-PCS)-(blackout curtains 52x96),placement,Placement Top,,placement_pct,Placement Top,0,108,placement_pct,campaign,,,2026-09-15,,,,,,
L0916,ok,placement modifier reset,D-LC-SP-EXACT-RAN-DO-(Curtains|Blackout)-(LINEN-CURTAIN-52x96-NATURAL-2-PCS)-(blackout curtains 52x96),placement,Placement Rest Of Search,,placement_pct,Placement Rest Of Search,0,53,placement_pct,campaign,,,2026-09-15,,,,,,
L0917,ok,placement modifier reset,D-LC-SP-blackout drapes for bedroom-(Blackout)-HSV-Exact-Conv-DO-LINEN-CURTAIN-52x96-NATURAL-2-PCS,placement,Placement Top,,placement_pct,Placement Top,0,200,placement_pct,campaign,,,2026-09-15,,,,,,
L0918,ok,placement modifier reset,D-LC-SP-blackout drapes for bedroom-(Blackout)-HSV-Exact-Conv-DO-LINEN-CURTAIN-52x96-NATURAL-2-PCS,placement,Placement Rest Of Search,,placement_pct,Placement Rest Of Search,0,120,placement_pct,campaign,,,2026-09-15,,,,,,
L0919,ok,placement modifier reset,D-LC-SP-long black out curtains for living room-(Blackout)-MSV-Exact-Conv-DO-LINEN-CURTAIN-52x96-NATURAL-2-PCS,placement,Placement Top,,placement_pct,Placement Top,0,200,placement_pct,campaign,,,2026-09-15,,,,,,
L0920,ok,placement modifier reset,D-LC-SP-long black out curtains for living room-(Blackout)-MSV-Exact-Conv-DO-LINEN-CURTAIN-52x96-NATURAL-2-PCS,placement,Placement Rest Of Search,,placement_pct,Placement Rest Of Search,0,120,placement_pct,campaign,,,2026-09-15,,,,,,
L0921,ok,placement modifier reset,D-LC-SP-thermal insulated blackout curtains bedroom-(Blackout)-HSV-Exact-Conv-DO-LINEN-CURTAIN-52x96-NATURAL-2-PCS,placement,Placement Top,,placement_pct,Placement Top,0,200,placement_pct,campaign,,,2026-09-15,,,,,,
L0922,ok,placement modifier reset,D-LC-SP-thermal insulated blackout curtains bedroom-(Blackout)-HSV-Exact-Conv-DO-LINEN-CURTAIN-52x96-NATURAL-2-PCS,placement,Placement Rest Of Search,,placement_pct,Placement Rest Of Search,0,120,placement_pct,campaign,,,2026-09-15,,,,,,
L0923,ok,placement modifier reset,D-LC-SP-EXACT-RAN-DO-(Curtains|Blackout)-(LINEN-CURTAIN-52x84-NATURAL-2-PCS)-(84in blackout curtains),placement,Placement Top,,placement_pct,Placement Top,0,58,placement_pct,campaign,,,2026-09-15,,,,,,
L0924,ok,placement modifier reset,D-LC-SP-EXACT-RAN-DO-(Curtains|Blackout)-(LINEN-CURTAIN-52x84-NATURAL-2-PCS)-(84in blackout curtains),placement,Placement Rest Of Search,,placement_pct,Placement Rest Of Search,0,16,placement_pct,campaign,,,2026-09-15,,,,,,
L0925,ok,placement modifier reset,D-LC-SP-EXACT-RAN-DO-(Curtains|Blackout)-(LINEN-CURTAIN-52x90-BEIGE-2-PCS)-(cottage core blackout curtains),placement,Placement Top,,placement_pct,Placement Top,0,212,placement_pct,campaign,,,2026-09-15,,,,,,
L0926,ok,placement modifier reset,D-LC-SP-EXACT-RAN-DO-(Curtains|Blackout)-(LINEN-CURTAIN-52x90-BEIGE-2-PCS)-(cottage core blackout curtains),placement,Placement Rest Of Search,,placement_pct,Placement Rest Of Search,0,129,placement_pct,campaign,,,2026-09-15,,,,,,
L0927,ok,placement modifier reset,D-LC-SP-linen curtains bedroom-(Linen)-MSV-Exact-Conv-DO-LINEN-CURTAIN-52x84-NATURAL-2-PCS,placement,Placement Top,,placement_pct,Placement Top,0,260,placement_pct,campaign,,,2026-09-15,,,,,,
L0928,ok,placement modifier reset,D-LC-SP-EXACT-RAN-DO-(Curtains|Blackout|Bedroom)-(LINEN-CURTAIN-52x84-NATURAL-2-PCS)-(blackout curtains for bedroom short),placement,Placement Top,,placement_pct,Placement Top,0,92,placement_pct,campaign,,,2026-09-15,,,,,,
L0929,ok,placement modifier reset,D-LC-SP-EXACT-RAN-DO-(Curtains|Blackout|Bedroom)-(LINEN-CURTAIN-52x84-NATURAL-2-PCS)-(blackout curtains for bedroom short),placement,Placement Rest Of Search,,placement_pct,Placement Rest Of Search,0,41,placement_pct,campaign,,,2026-09-15,,,,,,
L0930,ok,placement modifier reset,D-LC-SP-EXACT-RAN-DO-(Curtains|Blackout)-(LINEN-CURTAIN-52x90-BEIGE-2-PCS)-(true blackout curtains no light),placement,Placement Top,,placement_pct,Placement Top,0,114,placement_pct,campaign,,,2026-09-15,,,,,,
L0931,ok,placement modifier reset,D-LC-SP-EXACT-RAN-DO-(Curtains|Blackout)-(LINEN-CURTAIN-52x90-BEIGE-2-PCS)-(true blackout curtains no light),placement,Placement Rest Of Search,,placement_pct,Placement Rest Of Search,0,57,placement_pct,campaign,,,2026-09-15,,,,,,
L0932,ok,placement modifier reset,D-LC-SP-black out curtains 90 inch long 2 panels-(Blackout)-LSV-Exact-Conv-DO-LINEN-CURTAIN-52x90-LIGHT-GREY-2-PCS,placement,Placement Top,,placement_pct,Placement Top,0,200,placement_pct,campaign,,,2026-09-15,,,,,,
L0933,ok,placement modifier reset,D-LC-SP-black out curtains 90 inch long 2 panels-(Blackout)-LSV-Exact-Conv-DO-LINEN-CURTAIN-52x90-LIGHT-GREY-2-PCS,placement,Placement Rest Of Search,,placement_pct,Placement Rest Of Search,0,120,placement_pct,campaign,,,2026-09-15,,,,,,
L0934,ok,placement modifier reset,D-LC-SP-short black out curtains-(Blackout)-HSV-Exact-Conv-DO-LINEN-CURTAIN-52x63-LINEN-2-PCS,placement,Placement Top,,placement_pct,Placement Top,0,200,placement_pct,campaign,,,2026-09-15,,,,,,
L0935,ok,placement modifier reset,D-LC-SP-short black out curtains-(Blackout)-HSV-Exact-Conv-DO-LINEN-CURTAIN-52x63-LINEN-2-PCS,placement,Placement Rest Of Search,,placement_pct,Placement Rest Of Search,0,120,placement_pct,campaign,,,2026-09-15,,,,,,
L0936,ok,placement modifier reset,D-LC-SP-room darkening curtains 63 inches long-(Blackout)-HSV-Exact-Conv-DO-LINEN-CURTAIN-52x63-LINEN-2-PCS,placement,Placement Top,,placement_pct,Placement Top,0,200,placement_pct,campaign,,,2026-09-15,,,,,,
L0937,ok,placement modifier reset,D-LC-SP-room darkening curtains 63 inches long-(Blackout)-HSV-Exact-Conv-DO-LINEN-CURTAIN-52x63-LINEN-2-PCS,placement,Placement Rest Of Search,,placement_pct,Placement Rest Of Search,0,120,placement_pct,campaign,,,2026-09-15,,,,,,
L0938,ok,placement modifier reset,D-LC-SP-cream black out curtains-(Blackout)-HSV-Exact-Conv-DO-LINEN-CURTAIN-52x84-IVORY-2-PCS,placement,Placement Top,,placement_pct,Placement Top,0,200,placement_pct,campaign,,,2026-09-15,,,,,,
L0939,ok,placement modifier reset,D-LC-SP-cream black out curtains-(Blackout)-HSV-Exact-Conv-DO-LINEN-CURTAIN-52x84-IVORY-2-PCS,placement,Placement Rest Of Search,,placement_pct,Placement Rest Of Search,0,120,placement_pct,campaign,,,2026-09-15,,,,,,
L0940,ok,placement modifier reset,D-LC-SP-cortinas de cuarto blackout-(Blackout-ES)-LSV-Exact-Conv-DO-LINEN-CURTAIN-52x96-NATURAL-2-PCS,placement,Placement Top,,placement_pct,Placement Top,0,200,placement_pct,campaign,,,2026-09-15,,,,,,
L0941,ok,placement modifier reset,D-LC-SP-cortinas de cuarto blackout-(Blackout-ES)-LSV-Exact-Conv-DO-LINEN-CURTAIN-52x96-NATURAL-2-PCS,placement,Placement Rest Of Search,,placement_pct,Placement Rest Of Search,0,120,placement_pct,campaign,,,2026-09-15,,,,,,
L0942,ok,placement modifier reset,D-Linen Curtains-SP-Exact-Ranking-Fixed-LINEN-CURTAIN-52x84-NATURAL-2-PCS-B0F639CWS1 - linen farmhouse curtains,placement,Placement Top,,placement_pct,Placement Top,0,55,placement_pct,campaign,,,2026-09-15,,,,,,
L0943,ok,placement modifier reset,D-LC-SP-EXACT-RAN-DO-(Curtains|Blackout)-(LINEN-CURTAIN-52x90-BEIGE-2-PCS)-(90 inch blackout curtains 2 panel set),placement,Placement Top,,placement_pct,Placement Top,0,146,placement_pct,campaign,,,2026-09-15,,,,,,
L0944,ok,placement modifier reset,D-LC-SP-EXACT-RAN-DO-(Curtains|Blackout)-(LINEN-CURTAIN-52x90-BEIGE-2-PCS)-(90 inch blackout curtains 2 panel set),placement,Placement Rest Of Search,,placement_pct,Placement Rest Of Search,0,80,placement_pct,campaign,,,2026-09-15,,,,,,
L0945,ok,placement modifier reset,D-LC-SP-short room darkening curtains-(Blackout)-LSV-Exact-Conv-DO-LINEN-CURTAIN-52x63-LINEN-2-PCS,placement,Placement Top,,placement_pct,Placement Top,0,200,placement_pct,campaign,,,2026-09-15,,,,,,
L0946,ok,placement modifier reset,D-LC-SP-short room darkening curtains-(Blackout)-LSV-Exact-Conv-DO-LINEN-CURTAIN-52x63-LINEN-2-PCS,placement,Placement Rest Of Search,,placement_pct,Placement Rest Of Search,0,120,placement_pct,campaign,,,2026-09-15,,,,,,
L0947,ok,placement modifier reset,D-LC-SP-EXACT-RAN-DO-(Curtains|Blackout)-(LINEN-CURTAIN-52x84-NATURAL-2-PCS)-(oeko tex blackout curtains),placement,Placement Top,,placement_pct,Placement Top,0,92,placement_pct,campaign,,,2026-09-15,,,,,,
L0948,ok,placement modifier reset,D-LC-SP-EXACT-RAN-DO-(Curtains|Blackout)-(LINEN-CURTAIN-52x84-NATURAL-2-PCS)-(oeko tex blackout curtains),placement,Placement Rest Of Search,,placement_pct,Placement Rest Of Search,0,41,placement_pct,campaign,,,2026-09-15,,,,,,
L0949,ok,placement modifier reset,D-LC-SP-EXACT-RAN-DO-(Curtains|Blackout)-(LINEN-CURTAIN-52x84-NATURAL-2-PCS)-(blackout curtains farmhouse),placement,Placement Top,,placement_pct,Placement Top,0,117,placement_pct,campaign,,,2026-09-15,,,,,,
L0950,ok,placement modifier reset,D-LC-SP-EXACT-RAN-DO-(Curtains|Blackout)-(LINEN-CURTAIN-52x84-NATURAL-2-PCS)-(blackout curtains farmhouse),placement,Placement Rest Of Search,,placement_pct,Placement Rest Of Search,0,59,placement_pct,campaign,,,2026-09-15,,,,,,
L0951,ok,placement modifier reset,D-LC-SP-EXACT-RAN-DO-(Curtains|Blackout)-(LINEN-CURTAIN-52x90-BEIGE-2-PCS)-(blackout curtain panels),placement,Placement Top,,placement_pct,Placement Top,0,159,placement_pct,campaign,,,2026-09-15,,,,,,
L0952,ok,placement modifier reset,D-LC-SP-EXACT-RAN-DO-(Curtains|Blackout)-(LINEN-CURTAIN-52x90-BEIGE-2-PCS)-(blackout curtain panels),placement,Placement Rest Of Search,,placement_pct,Placement Rest Of Search,0,90,placement_pct,campaign,,,2026-09-15,,,,,,
L0953,ok,placement modifier reset,D-LC-SP-room darkening curtains bedroom-(Blackout)-LSV-Exact-Conv-DO-LINEN-CURTAIN-52x96-NATURAL-2-PCS,placement,Placement Top,,placement_pct,Placement Top,0,200,placement_pct,campaign,,,2026-09-15,,,,,,
L0954,ok,placement modifier reset,D-LC-SP-room darkening curtains bedroom-(Blackout)-LSV-Exact-Conv-DO-LINEN-CURTAIN-52x96-NATURAL-2-PCS,placement,Placement Rest Of Search,,placement_pct,Placement Rest Of Search,0,120,placement_pct,campaign,,,2026-09-15,,,,,,
L0955,ok,placement modifier reset,D-LC-SP-EXACT-RAN-DO-(Curtains|Blackout)-(LINEN-CURTAIN-52x72-LIGHT-BEIGE-2-PCS)-(52x72 blackout curtains 2 panels),placement,Placement Top,,placement_pct,Placement Top,0,146,placement_pct,campaign,,,2026-09-15,,,,,,
L0956,ok,placement modifier reset,D-LC-SP-EXACT-RAN-DO-(Curtains|Blackout)-(LINEN-CURTAIN-52x72-LIGHT-BEIGE-2-PCS)-(52x72 blackout curtains 2 panels),placement,Placement Rest Of Search,,placement_pct,Placement Rest Of Search,0,80,placement_pct,campaign,,,2026-09-15,,,,,,
L0957,ok,placement modifier reset,D-LC-SP-room darkening drapes-(Blackout)-MSV-Exact-Conv-DO-LINEN-CURTAIN-52x96-NATURAL-2-PCS,placement,Placement Top,,placement_pct,Placement Top,0,200,placement_pct,campaign,,,2026-09-15,,,,,,
L0958,ok,placement modifier reset,D-LC-SP-room darkening drapes-(Blackout)-MSV-Exact-Conv-DO-LINEN-CURTAIN-52x96-NATURAL-2-PCS,placement,Placement Rest Of Search,,placement_pct,Placement Rest Of Search,0,120,placement_pct,campaign,,,2026-09-15,,,,,,
L0959,ok,placement modifier reset,D-LC-SP-short linen curtains-(Linen)-MSV-Exact-Conv-DO-LINEN-CURTAIN-52x63-LINEN-2-PCS,placement,Placement Top,,placement_pct,Placement Top,0,260,placement_pct,campaign,,,2026-09-15,,,,,,
L0960,ok,placement modifier reset,D-LC-SP-blackout curtains for dorm-(Blackout)-HSV-Exact-Conv-DO-LINEN-CURTAIN-52x96-NATURAL-2-PCS,placement,Placement Top,,placement_pct,Placement Top,0,200,placement_pct,campaign,,,2026-09-15,,,,,,
L0961,ok,placement modifier reset,D-LC-SP-blackout curtains for dorm-(Blackout)-HSV-Exact-Conv-DO-LINEN-CURTAIN-52x96-NATURAL-2-PCS,placement,Placement Rest Of Search,,placement_pct,Placement Rest Of Search,0,120,placement_pct,campaign,,,2026-09-15,,,,,,
L0962,ok,placement modifier reset,D-LC-SP-EXACT-RAN-DO-(Curtains|Blackout)-(LINEN-CURTAIN-52x84-NATURAL-2-PCS)-(thermal blackout curtains 84 inch),placement,Placement Top,,placement_pct,Placement Top,0,76,placement_pct,campaign,,,2026-09-15,,,,,,
L0963,ok,placement modifier reset,D-LC-SP-EXACT-RAN-DO-(Curtains|Blackout)-(LINEN-CURTAIN-52x84-NATURAL-2-PCS)-(thermal blackout curtains 84 inch),placement,Placement Rest Of Search,,placement_pct,Placement Rest Of Search,0,29,placement_pct,campaign,,,2026-09-15,,,,,,
L0964,ok,placement modifier reset,D-LC-SP-extra long linen curtains-(Linen)-MSV-Exact-Conv-DO-LINEN-CURTAIN-52x108-BEIGE-2-PCS,placement,Placement Top,,placement_pct,Placement Top,0,260,placement_pct,campaign,,,2026-09-15,,,,,,
L0965,ok,placement modifier reset,D-LC-SP-EXACT-RAN-DO-(Curtains|Blackout)-(LINEN-CURTAIN-52x90-BEIGE-2-PCS)-(2 panel blackout curtains),placement,Placement Top,,placement_pct,Placement Top,0,95,placement_pct,campaign,,,2026-09-15,,,,,,
L0966,ok,placement modifier reset,D-LC-SP-EXACT-RAN-DO-(Curtains|Blackout)-(LINEN-CURTAIN-52x90-BEIGE-2-PCS)-(2 panel blackout curtains),placement,Placement Rest Of Search,,placement_pct,Placement Rest Of Search,0,43,placement_pct,campaign,,,2026-09-15,,,,,,
L0967,ok,placement modifier reset,D-LC-SP-EXACT-RAN-DO-(Curtains|Blackout)-(LINEN-CURTAIN-52x84-NATURAL-2-PCS)-(best blackout curtains),placement,Placement Top,,placement_pct,Placement Top,0,88,placement_pct,campaign,,,2026-09-15,,,,,,
L0968,ok,placement modifier reset,D-LC-SP-EXACT-RAN-DO-(Curtains|Blackout)-(LINEN-CURTAIN-52x84-NATURAL-2-PCS)-(best blackout curtains),placement,Placement Rest Of Search,,placement_pct,Placement Rest Of Search,0,38,placement_pct,campaign,,,2026-09-15,,,,,,
L0969,ok,placement modifier reset,D-LC-SP-linen curtains 90+ inches long-(Linen)-LSV-Exact-Conv-DO-LINEN-CURTAIN-52x90-LIGHT-GREY-2-PCS,placement,Placement Top,,placement_pct,Placement Top,0,260,placement_pct,campaign,,,2026-09-15,,,,,,
L0970,ok,placement modifier reset,D-LC-SP-EXACT-RAN-DO-(Curtains|Blackout)-(LINEN-CURTAIN-52x72-LIGHT-BEIGE-2-PCS)-(thermal blackout curtains 72 inches long),placement,Placement Top,,placement_pct,Placement Top,0,81,placement_pct,campaign,,,2026-09-15,,,,,,
L0971,ok,placement modifier reset,D-LC-SP-EXACT-RAN-DO-(Curtains|Blackout)-(LINEN-CURTAIN-52x72-LIGHT-BEIGE-2-PCS)-(thermal blackout curtains 72 inches long),placement,Placement Rest Of Search,,placement_pct,Placement Rest Of Search,0,33,placement_pct,campaign,,,2026-09-15,,,,,,
L0972,ok,placement modifier reset,D-LC-SP-black out curtains short window-(Blackout)-MSV-Exact-Conv-DO-LINEN-CURTAIN-52x63-LINEN-2-PCS,placement,Placement Top,,placement_pct,Placement Top,0,200,placement_pct,campaign,,,2026-09-15,,,,,,
L0973,ok,placement modifier reset,D-LC-SP-black out curtains short window-(Blackout)-MSV-Exact-Conv-DO-LINEN-CURTAIN-52x63-LINEN-2-PCS,placement,Placement Rest Of Search,,placement_pct,Placement Rest Of Search,0,120,placement_pct,campaign,,,2026-09-15,,,,,,
L0974,ok,placement modifier reset,D-LC-SP-floor to ceiling curtains blackout-(Blackout)-MSV-Exact-Conv-DO-LINEN-CURTAIN-52x108-BEIGE-2-PCS,placement,Placement Top,,placement_pct,Placement Top,0,200,placement_pct,campaign,,,2026-09-15,,,,,,
L0975,ok,placement modifier reset,D-LC-SP-floor to ceiling curtains blackout-(Blackout)-MSV-Exact-Conv-DO-LINEN-CURTAIN-52x108-BEIGE-2-PCS,placement,Placement Rest Of Search,,placement_pct,Placement Rest Of Search,0,120,placement_pct,campaign,,,2026-09-15,,,,,,
L0976,ok,placement modifier reset,D-LC-SP-EXACT-RAN-DO-(Curtains|Blackout)-(LINEN-CURTAIN-52x84-NATURAL-2-PCS)-(room curtains blackout),placement,Placement Top,,placement_pct,Placement Top,0,117,placement_pct,campaign,,,2026-09-15,,,,,,
L0977,ok,placement modifier reset,D-LC-SP-EXACT-RAN-DO-(Curtains|Blackout)-(LINEN-CURTAIN-52x84-NATURAL-2-PCS)-(room curtains blackout),placement,Placement Rest Of Search,,placement_pct,Placement Rest Of Search,0,59,placement_pct,campaign,,,2026-09-15,,,,,,
L0978,ok,placement modifier reset,D-LC-SP-short window blackout curtains-(Blackout)-MSV-Exact-Conv-DO-LINEN-CURTAIN-52x63-LINEN-2-PCS,placement,Placement Top,,placement_pct,Placement Top,0,200,placement_pct,campaign,,,2026-09-15,,,,,,
L0979,ok,placement modifier reset,D-LC-SP-short window blackout curtains-(Blackout)-MSV-Exact-Conv-DO-LINEN-CURTAIN-52x63-LINEN-2-PCS,placement,Placement Rest Of Search,,placement_pct,Placement Rest Of Search,0,120,placement_pct,campaign,,,2026-09-15,,,,,,
L0980,ok,placement modifier reset,D-LC-SP-blackout curtains energy efficient-(Blackout)-HSV-Exact-Conv-DO-LINEN-CURTAIN-52x96-NATURAL-2-PCS,placement,Placement Top,,placement_pct,Placement Top,0,200,placement_pct,campaign,,,2026-09-15,,,,,,
L0981,ok,placement modifier reset,D-LC-SP-blackout curtains energy efficient-(Blackout)-HSV-Exact-Conv-DO-LINEN-CURTAIN-52x96-NATURAL-2-PCS,placement,Placement Rest Of Search,,placement_pct,Placement Rest Of Search,0,120,placement_pct,campaign,,,2026-09-15,,,,,,
L0982,ok,placement modifier reset,D-LC-SP-EXACT-RAN-DO-(Curtains|Blackout)-(LINEN-CURTAIN-52x72-LIGHT-BEIGE-2-PCS)-(blackout curtains 72 inch length 2 panels set),placement,Placement Top,,placement_pct,Placement Top,0,117,placement_pct,campaign,,,2026-09-15,,,,,,
L0983,ok,placement modifier reset,D-LC-SP-EXACT-RAN-DO-(Curtains|Blackout)-(LINEN-CURTAIN-52x72-LIGHT-BEIGE-2-PCS)-(blackout curtains 72 inch length 2 panels set),placement,Placement Rest Of Search,,placement_pct,Placement Rest Of Search,0,59,placement_pct,campaign,,,2026-09-15,,,,,,
L0984,ok,placement modifier reset,D-LC-SP-EXACT-RAN-DO-(Curtains|Blackout|Living Room)-(LINEN-CURTAIN-52x84-NATURAL-2-PCS)-(84 inch blackout curtains living room),placement,Placement Top,,placement_pct,Placement Top,0,61,placement_pct,campaign,,,2026-09-15,,,,,,
L0985,ok,placement modifier reset,D-LC-SP-EXACT-RAN-DO-(Curtains|Blackout|Living Room)-(LINEN-CURTAIN-52x84-NATURAL-2-PCS)-(84 inch blackout curtains living room),placement,Placement Rest Of Search,,placement_pct,Placement Rest Of Search,0,18,placement_pct,campaign,,,2026-09-15,,,,,,
L0986,ok,placement modifier reset,D-LC-SP-black out curtains for bedroom windows-(Blackout)-HSV-Exact-Conv-DO-LINEN-CURTAIN-52x96-NATURAL-2-PCS,placement,Placement Top,,placement_pct,Placement Top,0,200,placement_pct,campaign,,,2026-09-15,,,,,,
L0987,ok,placement modifier reset,D-LC-SP-black out curtains for bedroom windows-(Blackout)-HSV-Exact-Conv-DO-LINEN-CURTAIN-52x96-NATURAL-2-PCS,placement,Placement Rest Of Search,,placement_pct,Placement Rest Of Search,0,120,placement_pct,campaign,,,2026-09-15,,,,,,
L0988,ok,placement modifier reset,D-LC-SP-EXACT-RAN-DO-(Curtains|Blackout|Bedroom)-(LINEN-CURTAIN-52x84-NATURAL-2-PCS)-(blackout boho curtains for bedroom),placement,Placement Top,,placement_pct,Placement Top,0,178,placement_pct,campaign,,,2026-09-15,,,,,,
L0989,ok,placement modifier reset,D-LC-SP-EXACT-RAN-DO-(Curtains|Blackout|Bedroom)-(LINEN-CURTAIN-52x84-NATURAL-2-PCS)-(blackout boho curtains for bedroom),placement,Placement Rest Of Search,,placement_pct,Placement Rest Of Search,0,104,placement_pct,campaign,,,2026-09-15,,,,,,
L0990,ok,placement modifier reset,D-LC-SP-EXACT-RAN-DO-(Curtains|Blackout|Bedroom)-(LINEN-CURTAIN-52x84-NATURAL-2-PCS)-(farmhouse blackout curtains for bedroom),placement,Placement Top,,placement_pct,Placement Top,0,114,placement_pct,campaign,,,2026-09-15,,,,,,
L0991,ok,placement modifier reset,D-LC-SP-EXACT-RAN-DO-(Curtains|Blackout|Bedroom)-(LINEN-CURTAIN-52x84-NATURAL-2-PCS)-(farmhouse blackout curtains for bedroom),placement,Placement Rest Of Search,,placement_pct,Placement Rest Of Search,0,57,placement_pct,campaign,,,2026-09-15,,,,,,
L0992,ok,placement modifier reset,D-LC-SP-blackout drapes living room-(Blackout)-MSV-Exact-Conv-DO-LINEN-CURTAIN-52x96-NATURAL-2-PCS,placement,Placement Top,,placement_pct,Placement Top,0,200,placement_pct,campaign,,,2026-09-15,,,,,,
L0993,ok,placement modifier reset,D-LC-SP-blackout drapes living room-(Blackout)-MSV-Exact-Conv-DO-LINEN-CURTAIN-52x96-NATURAL-2-PCS,placement,Placement Rest Of Search,,placement_pct,Placement Rest Of Search,0,120,placement_pct,campaign,,,2026-09-15,,,,,,
L0994,ok,placement modifier reset,D-LC-SP-cortinas black out para dormitorio-(Blackout-ES)-MSV-Exact-Conv-DO-LINEN-CURTAIN-52x96-NATURAL-2-PCS,placement,Placement Top,,placement_pct,Placement Top,0,200,placement_pct,campaign,,,2026-09-15,,,,,,
L0995,ok,placement modifier reset,D-LC-SP-cortinas black out para dormitorio-(Blackout-ES)-MSV-Exact-Conv-DO-LINEN-CURTAIN-52x96-NATURAL-2-PCS,placement,Placement Rest Of Search,,placement_pct,Placement Rest Of Search,0,120,placement_pct,campaign,,,2026-09-15,,,,,,
L0996,ok,placement modifier reset,D-LC-SP-off white blackout curtains 84 inches long-(Blackout)-MSV-Exact-Conv-DO-LINEN-CURTAIN-52x84-IVORY-2-PCS,placement,Placement Top,,placement_pct,Placement Top,0,200,placement_pct,campaign,,,2026-09-15,,,,,,
L0997,ok,placement modifier reset,D-LC-SP-off white blackout curtains 84 inches long-(Blackout)-MSV-Exact-Conv-DO-LINEN-CURTAIN-52x84-IVORY-2-PCS,placement,Placement Rest Of Search,,placement_pct,Placement Rest Of Search,0,120,placement_pct,campaign,,,2026-09-15,,,,,,
L0998,ok,placement modifier reset,D-LC-SP-52 inch blackout curtains-(Blackout)-LSV-Exact-Conv-DO-LINEN-CURTAIN-52x96-NATURAL-2-PCS,placement,Placement Top,,placement_pct,Placement Top,0,200,placement_pct,campaign,,,2026-09-15,,,,,,
L0999,ok,placement modifier reset,D-LC-SP-52 inch blackout curtains-(Blackout)-LSV-Exact-Conv-DO-LINEN-CURTAIN-52x96-NATURAL-2-PCS,placement,Placement Rest Of Search,,placement_pct,Placement Rest Of Search,0,120,placement_pct,campaign,,,2026-09-15,,,,,,
L1000,ok,placement modifier reset,D-LC-SP-EXACT-RAN-DO-(Curtains|Blackout)-(LINEN-CURTAIN-52x84-NATURAL-2-PCS)-(blackout curtains 84 inches long 2 panels set),placement,Placement Top,,placement_pct,Placement Top,0,67,placement_pct,campaign,,,2026-09-15,,,,,,
L1001,ok,placement modifier reset,D-LC-SP-EXACT-RAN-DO-(Curtains|Blackout)-(LINEN-CURTAIN-52x84-NATURAL-2-PCS)-(blackout curtains 84 inches long 2 panels set),placement,Placement Rest Of Search,,placement_pct,Placement Rest Of Search,0,22,placement_pct,campaign,,,2026-09-15,,,,,,
L1002,ok,placement modifier reset,D-LC-SP-EXACT-RAN-DO-(Curtains|Blackout)-(LINEN-CURTAIN-52x90-BEIGE-2-PCS)-(light colored blackout curtains),placement,Placement Top,,placement_pct,Placement Top,0,85,placement_pct,campaign,,,2026-09-15,,,,,,
L1003,ok,placement modifier reset,D-LC-SP-EXACT-RAN-DO-(Curtains|Blackout)-(LINEN-CURTAIN-52x90-BEIGE-2-PCS)-(light colored blackout curtains),placement,Placement Rest Of Search,,placement_pct,Placement Rest Of Search,0,36,placement_pct,campaign,,,2026-09-15,,,,,,
L1004,ok,placement modifier reset,D-LC-SP-EXACT-RAN-DO-(Curtains|Blackout)-(LINEN-CURTAIN-52x90-BEIGE-2-PCS)-(blackout beige curtains),placement,Placement Top,,placement_pct,Placement Top,0,117,placement_pct,campaign,,,2026-09-15,,,,,,
L1005,ok,placement modifier reset,D-LC-SP-EXACT-RAN-DO-(Curtains|Blackout)-(LINEN-CURTAIN-52x90-BEIGE-2-PCS)-(blackout beige curtains),placement,Placement Rest Of Search,,placement_pct,Placement Rest Of Search,0,59,placement_pct,campaign,,,2026-09-15,,,,,,
L1006,ok,placement modifier reset,D-LC-SP-blackout drapes for living room-(Blackout)-LSV-Exact-Conv-DO-LINEN-CURTAIN-52x96-NATURAL-2-PCS,placement,Placement Top,,placement_pct,Placement Top,0,200,placement_pct,campaign,,,2026-09-15,,,,,,
L1007,ok,placement modifier reset,D-LC-SP-blackout drapes for living room-(Blackout)-LSV-Exact-Conv-DO-LINEN-CURTAIN-52x96-NATURAL-2-PCS,placement,Placement Rest Of Search,,placement_pct,Placement Rest Of Search,0,120,placement_pct,campaign,,,2026-09-15,,,,,,
L1008,ok,placement modifier reset,D-LC-SP-EXACT-RAN-DO-(Curtains|Blackout)-(LINEN-CURTAIN-52x84-NATURAL-2-PCS)-(blackout farmhouse curtains),placement,Placement Top,,placement_pct,Placement Top,0,146,placement_pct,campaign,,,2026-09-15,,,,,,
L1009,ok,placement modifier reset,D-LC-SP-EXACT-RAN-DO-(Curtains|Blackout)-(LINEN-CURTAIN-52x84-NATURAL-2-PCS)-(blackout farmhouse curtains),placement,Placement Rest Of Search,,placement_pct,Placement Rest Of Search,0,80,placement_pct,campaign,,,2026-09-15,,,,,,
L1010,ok,placement modifier reset,D-LC-SP-grey black out curtains 63 inch long-(Blackout)-LSV-Exact-Conv-DO-LINEN-CURTAIN-52x63-LIGHT-GREY-2-PCS,placement,Placement Top,,placement_pct,Placement Top,0,200,placement_pct,campaign,,,2026-09-15,,,,,,
L1011,ok,placement modifier reset,D-LC-SP-grey black out curtains 63 inch long-(Blackout)-LSV-Exact-Conv-DO-LINEN-CURTAIN-52x63-LIGHT-GREY-2-PCS,placement,Placement Rest Of Search,,placement_pct,Placement Rest Of Search,0,120,placement_pct,campaign,,,2026-09-15,,,,,,
L1012,ok,placement modifier reset,D-LC-SP-EXACT-RAN-DO-(Curtains|Blackout)-(LINEN-CURTAIN-52x84-NATURAL-2-PCS)-(84 blackout curtains),placement,Placement Top,,placement_pct,Placement Top,0,63,placement_pct,campaign,,,2026-09-15,,,,,,
L1013,ok,placement modifier reset,D-LC-SP-EXACT-RAN-DO-(Curtains|Blackout)-(LINEN-CURTAIN-52x84-NATURAL-2-PCS)-(84 blackout curtains),placement,Placement Rest Of Search,,placement_pct,Placement Rest Of Search,0,20,placement_pct,campaign,,,2026-09-15,,,,,,
L1014,ok,placement modifier reset,D-LC-SP-EXACT-RAN-DO-(Curtains|Blackout)-(LINEN-CURTAIN-52x72-LIGHT-BEIGE-2-PCS)-(thermal insulated blackout curtains 72 inch),placement,Placement Top,,placement_pct,Placement Top,0,92,placement_pct,campaign,,,2026-09-15,,,,,,
L1015,ok,placement modifier reset,D-LC-SP-EXACT-RAN-DO-(Curtains|Blackout)-(LINEN-CURTAIN-52x72-LIGHT-BEIGE-2-PCS)-(thermal insulated blackout curtains 72 inch),placement,Placement Rest Of Search,,placement_pct,Placement Rest Of Search,0,41,placement_pct,campaign,,,2026-09-15,,,,,,
L1016,ok,placement modifier reset,D-Linen Curtains-SP-Exact-Ranking-Fixed-LINEN-CURTAIN-52x84-NATURAL-2-PCS-B0F639CWS1 - linen lined curtains,placement,Placement Top,,placement_pct,Placement Top,0,260,placement_pct,campaign,,,2026-09-15,,,,,,
L1017,ok,placement modifier reset,D-LC-SP-black out curtains 84 inch long 2 panels-(Blackout)-HSV-Exact-Conv-DO-LINEN-CURTAIN-52x84-BEIGE-2-PCS,placement,Placement Top,,placement_pct,Placement Top,0,200,placement_pct,campaign,,,2026-09-15,,,,,,
L1018,ok,placement modifier reset,D-LC-SP-black out curtains 84 inch long 2 panels-(Blackout)-HSV-Exact-Conv-DO-LINEN-CURTAIN-52x84-BEIGE-2-PCS,placement,Placement Rest Of Search,,placement_pct,Placement Rest Of Search,0,120,placement_pct,campaign,,,2026-09-15,,,,,,
L1019,ok,placement modifier reset,D-LC-SP-blackout ivory curtains bedroom-(Blackout)-LSV-Exact-Conv-DO-LINEN-CURTAIN-52x84-IVORY-2-PCS,placement,Placement Top,,placement_pct,Placement Top,0,200,placement_pct,campaign,,,2026-09-15,,,,,,
L1020,ok,placement modifier reset,D-LC-SP-blackout ivory curtains bedroom-(Blackout)-LSV-Exact-Conv-DO-LINEN-CURTAIN-52x84-IVORY-2-PCS,placement,Placement Rest Of Search,,placement_pct,Placement Rest Of Search,0,120,placement_pct,campaign,,,2026-09-15,,,,,,
L1021,ok,placement modifier reset,D-LC-SP-EXACT-RAN-DO-(Curtains|Blackout)-(LINEN-CURTAIN-52x84-NATURAL-2-PCS)-(84 inch curtains blackout),placement,Placement Top,,placement_pct,Placement Top,0,105,placement_pct,campaign,,,2026-09-15,,,,,,
L1022,ok,placement modifier reset,D-LC-SP-EXACT-RAN-DO-(Curtains|Blackout)-(LINEN-CURTAIN-52x84-NATURAL-2-PCS)-(84 inch curtains blackout),placement,Placement Rest Of Search,,placement_pct,Placement Rest Of Search,0,51,placement_pct,campaign,,,2026-09-15,,,,,,
L1023,ok,placement modifier reset,D-LC-SP-EXACT-RAN-DO-(Curtains|Blackout)-(LINEN-CURTAIN-52x84-NATURAL-2-PCS)-(livingroom blackout curtains),placement,Placement Top,,placement_pct,Placement Top,0,121,placement_pct,campaign,,,2026-09-15,,,,,,
L1024,ok,placement modifier reset,D-LC-SP-EXACT-RAN-DO-(Curtains|Blackout)-(LINEN-CURTAIN-52x84-NATURAL-2-PCS)-(livingroom blackout curtains),placement,Placement Rest Of Search,,placement_pct,Placement Rest Of Search,0,62,placement_pct,campaign,,,2026-09-15,,,,,,
L1025,ok,placement modifier reset,D-LC-SP-bedroom black out curtains-(Blackout)-MSV-Exact-Conv-DO-LINEN-CURTAIN-52x96-NATURAL-2-PCS,placement,Placement Top,,placement_pct,Placement Top,0,200,placement_pct,campaign,,,2026-09-15,,,,,,
L1026,ok,placement modifier reset,D-LC-SP-bedroom black out curtains-(Blackout)-MSV-Exact-Conv-DO-LINEN-CURTAIN-52x96-NATURAL-2-PCS,placement,Placement Rest Of Search,,placement_pct,Placement Rest Of Search,0,120,placement_pct,campaign,,,2026-09-15,,,,,,
L1027,ok,placement modifier reset,D-LC-SP-cream beige blackout curtains-(Blackout)-MSV-Exact-Conv-DO-LINEN-CURTAIN-52x84-IVORY-2-PCS,placement,Placement Top,,placement_pct,Placement Top,0,200,placement_pct,campaign,,,2026-09-15,,,,,,
L1028,ok,placement modifier reset,D-LC-SP-cream beige blackout curtains-(Blackout)-MSV-Exact-Conv-DO-LINEN-CURTAIN-52x84-IVORY-2-PCS,placement,Placement Rest Of Search,,placement_pct,Placement Rest Of Search,0,120,placement_pct,campaign,,,2026-09-15,,,,,,
L1029,ok,placement modifier reset,D-Linen Curtains-SP-Exact-Ranking-Fixed-LINEN-CURTAIN-52x63-NATURAL-2-PCS-B0F634R6RF-G,placement,Placement Top,,placement_pct,Placement Top,0,260,placement_pct,campaign,,,2026-09-15,,,,,,
L1030,ok,placement modifier reset,D-LC-SP-off white black out curtains-(Blackout)-MSV-Exact-Conv-DO-LINEN-CURTAIN-52x84-IVORY-2-PCS,placement,Placement Top,,placement_pct,Placement Top,0,200,placement_pct,campaign,,,2026-09-15,,,,,,
L1031,ok,placement modifier reset,D-LC-SP-off white black out curtains-(Blackout)-MSV-Exact-Conv-DO-LINEN-CURTAIN-52x84-IVORY-2-PCS,placement,Placement Rest Of Search,,placement_pct,Placement Rest Of Search,0,120,placement_pct,campaign,,,2026-09-15,,,,,,
L1032,ok,placement modifier reset,D-LC-SP-cortinas blackout para dormitorio largas-(Blackout-ES)-LSV-Exact-Conv-DO-LINEN-CURTAIN-52x96-NATURAL-2-PCS,placement,Placement Top,,placement_pct,Placement Top,0,200,placement_pct,campaign,,,2026-09-15,,,,,,
L1033,ok,placement modifier reset,D-LC-SP-cortinas blackout para dormitorio largas-(Blackout-ES)-LSV-Exact-Conv-DO-LINEN-CURTAIN-52x96-NATURAL-2-PCS,placement,Placement Rest Of Search,,placement_pct,Placement Rest Of Search,0,120,placement_pct,campaign,,,2026-09-15,,,,,,
L1034,ok,placement modifier reset,D-Linen Curtains-SP-Exact-Ranking-Fixed-LINEN-CURTAIN-52x84-NATURAL-2-PCS-B0F639CWS1 - 84 inch curtains linen,placement,Placement Top,,placement_pct,Placement Top,0,260,placement_pct,campaign,,,2026-09-15,,,,,,
L1035,ok,placement modifier reset,D-Linen Curtains-SP-Exact-Ranking-Fixed-LINEN-CURTAIN-52x84-NATURAL-2-PCS-B0F639CWS1 - linen panels curtains,placement,Placement Top,,placement_pct,Placement Top,0,260,placement_pct,campaign,,,2026-09-15,,,,,,
L1036,ok,placement modifier reset,D-LC-SP-window darkening curtains-(Blackout)-LSV-Exact-Conv-DO-LINEN-CURTAIN-52x96-NATURAL-2-PCS,placement,Placement Top,,placement_pct,Placement Top,0,200,placement_pct,campaign,,,2026-09-15,,,,,,
L1037,ok,placement modifier reset,D-LC-SP-window darkening curtains-(Blackout)-LSV-Exact-Conv-DO-LINEN-CURTAIN-52x96-NATURAL-2-PCS,placement,Placement Rest Of Search,,placement_pct,Placement Rest Of Search,0,120,placement_pct,campaign,,,2026-09-15,,,,,,
L1038,ok,placement modifier reset,D-LC-SP-EXACT-RAN-DO-(Curtains|Blackout)-(LINEN-CURTAIN-52x90-BEIGE-2-PCS)-(blackout curtains for window),placement,Placement Top,,placement_pct,Placement Top,0,173,placement_pct,campaign,,,2026-09-15,,,,,,
L1039,ok,placement modifier reset,D-LC-SP-EXACT-RAN-DO-(Curtains|Blackout)-(LINEN-CURTAIN-52x90-BEIGE-2-PCS)-(blackout curtains for window),placement,Placement Rest Of Search,,placement_pct,Placement Rest Of Search,0,100,placement_pct,campaign,,,2026-09-15,,,,,,
L1040,ok,placement modifier reset,D-LC-SP-cortina blackout para cuarto-(Blackout-ES)-HSV-Exact-Conv-DO-LINEN-CURTAIN-52x96-NATURAL-2-PCS,placement,Placement Top,,placement_pct,Placement Top,0,200,placement_pct,campaign,,,2026-09-15,,,,,,
L1041,ok,placement modifier reset,D-LC-SP-cortina blackout para cuarto-(Blackout-ES)-HSV-Exact-Conv-DO-LINEN-CURTAIN-52x96-NATURAL-2-PCS,placement,Placement Rest Of Search,,placement_pct,Placement Rest Of Search,0,120,placement_pct,campaign,,,2026-09-15,,,,,,
L1042,ok,placement modifier reset,D-LC-SP-linen blackout curtains 96 + inches long-(Linen)-HSV-Exact-Conv-DO-LINEN-CURTAIN-52x96-BEIGE-2-PCS,placement,Placement Top,,placement_pct,Placement Top,0,260,placement_pct,campaign,,,2026-09-15,,,,,,
L1043,ok,placement modifier reset,D-LC-SP-cortinas para habitacion blackout-(Blackout-ES)-LSV-Exact-Conv-DO-LINEN-CURTAIN-52x96-NATURAL-2-PCS,placement,Placement Top,,placement_pct,Placement Top,0,200,placement_pct,campaign,,,2026-09-15,,,,,,
L1044,ok,placement modifier reset,D-LC-SP-cortinas para habitacion blackout-(Blackout-ES)-LSV-Exact-Conv-DO-LINEN-CURTAIN-52x96-NATURAL-2-PCS,placement,Placement Rest Of Search,,placement_pct,Placement Rest Of Search,0,120,placement_pct,campaign,,,2026-09-15,,,,,,
L1045,ok,placement modifier reset,D-LC-SP-EXACT-RAN-DO-(Curtains|Blackout|Sliding Door)-(LINEN-CURTAIN-52x84-NATURAL-2-PCS)-(sliding door curtains blackout),placement,Placement Top,,placement_pct,Placement Top,0,58,placement_pct,campaign,,,2026-09-15,,,,,,
L1046,ok,placement modifier reset,D-LC-SP-EXACT-RAN-DO-(Curtains|Blackout|Sliding Door)-(LINEN-CURTAIN-52x84-NATURAL-2-PCS)-(sliding door curtains blackout),placement,Placement Rest Of Search,,placement_pct,Placement Rest Of Search,0,16,placement_pct,campaign,,,2026-09-15,,,,,,
L1047,ok,placement modifier reset,D-LC-SP-black out curtains thermal insulated-(Blackout)-MSV-Exact-Conv-DO-LINEN-CURTAIN-52x96-NATURAL-2-PCS,placement,Placement Top,,placement_pct,Placement Top,0,200,placement_pct,campaign,,,2026-09-15,,,,,,
L1048,ok,placement modifier reset,D-LC-SP-black out curtains thermal insulated-(Blackout)-MSV-Exact-Conv-DO-LINEN-CURTAIN-52x96-NATURAL-2-PCS,placement,Placement Rest Of Search,,placement_pct,Placement Rest Of Search,0,120,placement_pct,campaign,,,2026-09-15,,,,,,
L1049,ok,placement modifier reset,D-LC-SP-EXACT-RAN-DO-(Curtains|Blackout)-(LINEN-CURTAIN-52x90-BEIGE-2-PCS)-(machine washable blackout curtains),placement,Placement Top,,placement_pct,Placement Top,0,117,placement_pct,campaign,,,2026-09-15,,,,,,
L1050,ok,placement modifier reset,D-LC-SP-EXACT-RAN-DO-(Curtains|Blackout)-(LINEN-CURTAIN-52x90-BEIGE-2-PCS)-(machine washable blackout curtains),placement,Placement Rest Of Search,,placement_pct,Placement Rest Of Search,0,59,placement_pct,campaign,,,2026-09-15,,,,,,
L1051,ok,placement modifier reset,D-LC-SP-two drapes blackout curtains-(Blackout)-MSV-Exact-Conv-DO-LINEN-CURTAIN-52x96-NATURAL-2-PCS,placement,Placement Top,,placement_pct,Placement Top,0,200,placement_pct,campaign,,,2026-09-15,,,,,,
L1052,ok,placement modifier reset,D-LC-SP-two drapes blackout curtains-(Blackout)-MSV-Exact-Conv-DO-LINEN-CURTAIN-52x96-NATURAL-2-PCS,placement,Placement Rest Of Search,,placement_pct,Placement Rest Of Search,0,120,placement_pct,campaign,,,2026-09-15,,,,,,
L1053,ok,placement modifier reset,D-Linen Curtains-SP-Exact-Ranking-Fixed-LINEN-CURTAIN-52x120-NATURAL-2-PCS-B0F63C3Z95-faux linen blackout curtains 52x120,placement,Placement Top,,placement_pct,Placement Top,0,61,placement_pct,campaign,,,2026-09-15,,,,,,
L1054,ok,placement modifier reset,D-LC-SP-ivory linen curtains 96 inches long-(Linen)-LSV-Exact-Conv-DO-LINEN-CURTAIN-52x96-IVORY-2-PCS,placement,Placement Top,,placement_pct,Placement Top,0,260,placement_pct,campaign,,,2026-09-15,,,,,,
L1055,ok,placement modifier reset,D-LC-SP-blackout drapes curtains-(Blackout)-MSV-Exact-Conv-DO-LINEN-CURTAIN-52x96-NATURAL-2-PCS,placement,Placement Top,,placement_pct,Placement Top,0,200,placement_pct,campaign,,,2026-09-15,,,,,,
L1056,ok,placement modifier reset,D-LC-SP-blackout drapes curtains-(Blackout)-MSV-Exact-Conv-DO-LINEN-CURTAIN-52x96-NATURAL-2-PCS,placement,Placement Rest Of Search,,placement_pct,Placement Rest Of Search,0,120,placement_pct,campaign,,,2026-09-15,,,,,,
L1057,ok,placement modifier reset,D-LC-SP-linen black out curtains 84 inch long-(Linen)-LSV-Exact-Conv-DO-LINEN-CURTAIN-52x84-BEIGE-2-PCS,placement,Placement Top,,placement_pct,Placement Top,0,260,placement_pct,campaign,,,2026-09-15,,,,,,
L1058,ok,placement modifier reset,D-LC-SP-black out drapes for bedroom-(Blackout)-HSV-Exact-Conv-DO-LINEN-CURTAIN-52x96-NATURAL-2-PCS,placement,Placement Top,,placement_pct,Placement Top,0,200,placement_pct,campaign,,,2026-09-15,,,,,,
L1059,ok,placement modifier reset,D-LC-SP-black out drapes for bedroom-(Blackout)-HSV-Exact-Conv-DO-LINEN-CURTAIN-52x96-NATURAL-2-PCS,placement,Placement Rest Of Search,,placement_pct,Placement Rest Of Search,0,120,placement_pct,campaign,,,2026-09-15,,,,,,
L1060,ok,placement modifier reset,D-Linen Curtains-SP-Exact-Ranking-Fixed-LINEN-CURTAIN-52x84-NATURAL-2-PCS-B0F639CWS1 - linen pleated curtains,placement,Placement Top,,placement_pct,Placement Top,0,260,placement_pct,campaign,,,2026-09-15,,,,,,
L1061,ok,placement modifier reset,D-LC-SP-linen curtains 96 + inches long-(Linen)-MSV-Exact-Conv-DO-LINEN-CURTAIN-52x96-BEIGE-2-PCS,placement,Placement Top,,placement_pct,Placement Top,0,260,placement_pct,campaign,,,2026-09-15,,,,,,
L1062,ok,placement modifier reset,D-LC-SP-EXACT-RAN-DO-(Curtains|Blackout)-(LINEN-CURTAIN-52x90-BEIGE-2-PCS)-(blackout curtains farmhouse style),placement,Placement Top,,placement_pct,Placement Top,0,127,placement_pct,campaign,,,2026-09-15,,,,,,
L1063,ok,placement modifier reset,D-LC-SP-EXACT-RAN-DO-(Curtains|Blackout)-(LINEN-CURTAIN-52x90-BEIGE-2-PCS)-(blackout curtains farmhouse style),placement,Placement Rest Of Search,,placement_pct,Placement Rest Of Search,0,67,placement_pct,campaign,,,2026-09-15,,,,,,
L1064,ok,placement modifier reset,D-LC-SP-EXACT-RAN-DO-(Curtains|Blackout|Bedroom)-(LINEN-CURTAIN-52x84-NATURAL-2-PCS)-(blackout thermal curtains for bedroom),placement,Placement Top,,placement_pct,Placement Top,0,100,placement_pct,campaign,,,2026-09-15,,,,,,
L1065,ok,placement modifier reset,D-LC-SP-EXACT-RAN-DO-(Curtains|Blackout|Bedroom)-(LINEN-CURTAIN-52x84-NATURAL-2-PCS)-(blackout thermal curtains for bedroom),placement,Placement Rest Of Search,,placement_pct,Placement Rest Of Search,0,47,placement_pct,campaign,,,2026-09-15,,,,,,
L1066,ok,placement modifier reset,D-LC-SP-blackout curtains for dorm room-(Blackout)-HSV-Exact-Conv-DO-LINEN-CURTAIN-52x96-NATURAL-2-PCS,placement,Placement Top,,placement_pct,Placement Top,0,200,placement_pct,campaign,,,2026-09-15,,,,,,
L1067,ok,placement modifier reset,D-LC-SP-blackout curtains for dorm room-(Blackout)-HSV-Exact-Conv-DO-LINEN-CURTAIN-52x96-NATURAL-2-PCS,placement,Placement Rest Of Search,,placement_pct,Placement Rest Of Search,0,120,placement_pct,campaign,,,2026-09-15,,,,,,
L1068,ok,placement modifier reset,D-Linen Curtains-SP-Exact-Ranking-Fixed-LINEN-CURTAIN-52x84-NATURAL-2-PCS-B0F639CWS1 - high end linen curtains,placement,Placement Top,,placement_pct,Placement Top,0,260,placement_pct,campaign,,,2026-09-15,,,,,,
L1069,ok,placement modifier reset,D-LC-SP-EXACT-RAN-DO-(Curtains|Blackout)-(LINEN-CURTAIN-52x63-LINEN-2-PCS)-(blackout curtains 63 inch length),placement,Placement Top,,placement_pct,Placement Top,0,188,placement_pct,campaign,,,2026-09-15,,,,,,
L1070,ok,placement modifier reset,D-LC-SP-EXACT-RAN-DO-(Curtains|Blackout)-(LINEN-CURTAIN-52x63-LINEN-2-PCS)-(blackout curtains 63 inch length),placement,Placement Rest Of Search,,placement_pct,Placement Rest Of Search,0,112,placement_pct,campaign,,,2026-09-15,,,,,,
L1071,ok,placement modifier reset,D-LC-SP-curtain blackout linen-(Linen)-LSV-Exact-Conv-DO-LINEN-CURTAIN-52x96-NATURAL-2-PCS,placement,Placement Top,,placement_pct,Placement Top,0,260,placement_pct,campaign,,,2026-09-15,,,,,,
L1072,ok,placement modifier reset,D-Linen Curtains-SP-Exact-Ranking-Fixed-LINEN-CURTAIN-52x84-NATURAL-2-PCS-B0F639CWS1 - farmhouse linen curtains,placement,Placement Top,,placement_pct,Placement Top,0,260,placement_pct,campaign,,,2026-09-15,,,,,,
L1073,ok,placement modifier reset,D-LC-SP-linen curtain panels-(Linen)-HSV-Exact-Conv-DO-LINEN-CURTAIN-52x84-NATURAL-2-PCS,placement,Placement Top,,placement_pct,Placement Top,0,260,placement_pct,campaign,,,2026-09-15,,,,,,
L1074,ok,placement modifier reset,D-LC-SP-EXACT-RAN-DO-(Curtains|Blackout)-(LINEN-CURTAIN-52x90-BEIGE-2-PCS)-(farmhouse blackout curtains),placement,Placement Top,,placement_pct,Placement Top,0,206,placement_pct,campaign,,,2026-09-15,,,,,,
L1075,ok,placement modifier reset,D-LC-SP-EXACT-RAN-DO-(Curtains|Blackout)-(LINEN-CURTAIN-52x90-BEIGE-2-PCS)-(farmhouse blackout curtains),placement,Placement Rest Of Search,,placement_pct,Placement Rest Of Search,0,124,placement_pct,campaign,,,2026-09-15,,,,,,
L1076,ok,placement modifier reset,D-LC-SP-black out thermal curtains-(Blackout)-HSV-Exact-Conv-DO-LINEN-CURTAIN-52x96-NATURAL-2-PCS,placement,Placement Top,,placement_pct,Placement Top,0,200,placement_pct,campaign,,,2026-09-15,,,,,,
L1077,ok,placement modifier reset,D-LC-SP-black out thermal curtains-(Blackout)-HSV-Exact-Conv-DO-LINEN-CURTAIN-52x96-NATURAL-2-PCS,placement,Placement Rest Of Search,,placement_pct,Placement Rest Of Search,0,120,placement_pct,campaign,,,2026-09-15,,,,,,
L1078,ok,placement modifier reset,D-LC-SP-cream blackout curtains 96 + inches long-(Blackout)-LSV-Exact-Conv-DO-LINEN-CURTAIN-52x96-IVORY-2-PCS,placement,Placement Top,,placement_pct,Placement Top,0,200,placement_pct,campaign,,,2026-09-15,,,,,,
L1079,ok,placement modifier reset,D-LC-SP-cream blackout curtains 96 + inches long-(Blackout)-LSV-Exact-Conv-DO-LINEN-CURTAIN-52x96-IVORY-2-PCS,placement,Placement Rest Of Search,,placement_pct,Placement Rest Of Search,0,120,placement_pct,campaign,,,2026-09-15,,,,,,
L1080,ok,placement modifier reset,D-LC-SP-EXACT-RAN-DO-(Curtains|Blackout)-(LINEN-CURTAIN-52x63-BEIGE-2-PCS)-(beige blackout curtains 63 inch length),placement,Placement Top,,placement_pct,Placement Top,0,163,placement_pct,campaign,,,2026-09-15,,,,,,
L1081,ok,placement modifier reset,D-LC-SP-EXACT-RAN-DO-(Curtains|Blackout)-(LINEN-CURTAIN-52x63-BEIGE-2-PCS)-(beige blackout curtains 63 inch length),placement,Placement Rest Of Search,,placement_pct,Placement Rest Of Search,0,93,placement_pct,campaign,,,2026-09-15,,,,,,
L1082,ok,placement modifier reset,D-LC-SP-black out curtains short length-(Blackout)-LSV-Exact-Conv-DO-LINEN-CURTAIN-52x63-LINEN-2-PCS,placement,Placement Top,,placement_pct,Placement Top,0,200,placement_pct,campaign,,,2026-09-15,,,,,,
L1083,ok,placement modifier reset,D-LC-SP-black out curtains short length-(Blackout)-LSV-Exact-Conv-DO-LINEN-CURTAIN-52x63-LINEN-2-PCS,placement,Placement Rest Of Search,,placement_pct,Placement Rest Of Search,0,120,placement_pct,campaign,,,2026-09-15,,,,,,
L1084,ok,placement modifier reset,D-LC-SP-taupe linen blackout curtains-(Linen)-LSV-Exact-Conv-DO-LINEN-CURTAIN-52x84-LIGHT-BEIGE-2-PCS,placement,Placement Top,,placement_pct,Placement Top,0,260,placement_pct,campaign,,,2026-09-15,,,,,,
L1085,ok,placement modifier reset,D-LC-SP-96 inch faux linen curtains 2 panel-(Linen)-LSV-Exact-Conv-DO-LINEN-CURTAIN-52x96-BEIGE-2-PCS,placement,Placement Top,,placement_pct,Placement Top,0,260,placement_pct,campaign,,,2026-09-15,,,,,,
L1086,ok,placement modifier reset,D-Linen Curtains-SP-Exact-Ranking-Fixed-LINEN-CURTAIN-52x84-NATURAL-2-PCS-B0F639CWS1 - pleated linen curtains,placement,Placement Top,,placement_pct,Placement Top,0,260,placement_pct,campaign,,,2026-09-15,,,,,,
L1087,ok,placement modifier reset,D-LC-SP-EXACT-RAN-DO-(Curtains|Blackout|Bedroom)-(LINEN-CURTAIN-52x90-BEIGE-2-PCS)-(beige blackout curtains for bedroom),placement,Placement Top,,placement_pct,Placement Top,0,154,placement_pct,campaign,,,2026-09-15,,,,,,
L1088,ok,placement modifier reset,D-LC-SP-EXACT-RAN-DO-(Curtains|Blackout|Bedroom)-(LINEN-CURTAIN-52x90-BEIGE-2-PCS)-(beige blackout curtains for bedroom),placement,Placement Rest Of Search,,placement_pct,Placement Rest Of Search,0,86,placement_pct,campaign,,,2026-09-15,,,,,,
L1089,ok,placement modifier reset,D-LC-SP-light blocking curtains 63 inch-(Blackout)-LSV-Exact-Conv-DO-LINEN-CURTAIN-52x63-LINEN-2-PCS,placement,Placement Top,,placement_pct,Placement Top,0,200,placement_pct,campaign,,,2026-09-15,,,,,,
L1090,ok,placement modifier reset,D-LC-SP-light blocking curtains 63 inch-(Blackout)-LSV-Exact-Conv-DO-LINEN-CURTAIN-52x63-LINEN-2-PCS,placement,Placement Rest Of Search,,placement_pct,Placement Rest Of Search,0,120,placement_pct,campaign,,,2026-09-15,,,,,,
L1091,ok,placement modifier reset,D-LC-SP-blackout curtains renter friendly-(Blackout)-HSV-Exact-Conv-DO-LINEN-CURTAIN-52x96-NATURAL-2-PCS,placement,Placement Top,,placement_pct,Placement Top,0,200,placement_pct,campaign,,,2026-09-15,,,,,,
L1092,ok,placement modifier reset,D-LC-SP-blackout curtains renter friendly-(Blackout)-HSV-Exact-Conv-DO-LINEN-CURTAIN-52x96-NATURAL-2-PCS,placement,Placement Rest Of Search,,placement_pct,Placement Rest Of Search,0,120,placement_pct,campaign,,,2026-09-15,,,,,,
L1093,ok,placement modifier reset,D-LC-SP-cream room darkening curtains-(Blackout)-MSV-Exact-Conv-DO-LINEN-CURTAIN-52x84-IVORY-2-PCS,placement,Placement Top,,placement_pct,Placement Top,0,200,placement_pct,campaign,,,2026-09-15,,,,,,
L1094,ok,placement modifier reset,D-LC-SP-cream room darkening curtains-(Blackout)-MSV-Exact-Conv-DO-LINEN-CURTAIN-52x84-IVORY-2-PCS,placement,Placement Rest Of Search,,placement_pct,Placement Rest Of Search,0,120,placement_pct,campaign,,,2026-09-15,,,,,,
L1095,ok,placement modifier reset,D-LC-SP-dorm blackout curtains-(Blackout)-HSV-Exact-Conv-DO-LINEN-CURTAIN-52x96-NATURAL-2-PCS,placement,Placement Top,,placement_pct,Placement Top,0,200,placement_pct,campaign,,,2026-09-15,,,,,,
L1096,ok,placement modifier reset,D-LC-SP-dorm blackout curtains-(Blackout)-HSV-Exact-Conv-DO-LINEN-CURTAIN-52x96-NATURAL-2-PCS,placement,Placement Rest Of Search,,placement_pct,Placement Rest Of Search,0,120,placement_pct,campaign,,,2026-09-15,,,,,,
L1097,ok,placement modifier reset,D-LC-SP-textured fabric curtains linen-(Linen)-LSV-Exact-Conv-DO-LINEN-CURTAIN-52x84-NATURAL-2-PCS,placement,Placement Top,,placement_pct,Placement Top,0,260,placement_pct,campaign,,,2026-09-15,,,,,,
L1098,ok,placement modifier reset,D-LC-SP-black out thermal curtains 84 inch long-(Blackout)-MSV-Exact-Conv-DO-LINEN-CURTAIN-52x84-BEIGE-2-PCS,placement,Placement Top,,placement_pct,Placement Top,0,200,placement_pct,campaign,,,2026-09-15,,,,,,
L1099,ok,placement modifier reset,D-LC-SP-black out thermal curtains 84 inch long-(Blackout)-MSV-Exact-Conv-DO-LINEN-CURTAIN-52x84-BEIGE-2-PCS,placement,Placement Rest Of Search,,placement_pct,Placement Rest Of Search,0,120,placement_pct,campaign,,,2026-09-15,,,,,,
L1100,ok,placement modifier reset,D-LC-SP-EXACT-RAN-DO-(Curtains|Blackout)-(LINEN-CURTAIN-52x84-NATURAL-2-PCS)-(blackout curtains 84 inches),placement,Placement Top,,placement_pct,Placement Top,0,81,placement_pct,campaign,,,2026-09-15,,,,,,
L1101,ok,placement modifier reset,D-LC-SP-EXACT-RAN-DO-(Curtains|Blackout)-(LINEN-CURTAIN-52x84-NATURAL-2-PCS)-(blackout curtains 84 inches),placement,Placement Rest Of Search,,placement_pct,Placement Rest Of Search,0,33,placement_pct,campaign,,,2026-09-15,,,,,,
L1102,ok,placement modifier reset,D-LC-SP-linen curtains 2 panel bedroom-(Linen)-HSV-Exact-Conv-DO-LINEN-CURTAIN-52x84-NATURAL-2-PCS,placement,Placement Top,,placement_pct,Placement Top,0,260,placement_pct,campaign,,,2026-09-15,,,,,,
L1103,ok,placement modifier reset,D-LC-SP-cortinas black out-(Blackout-ES)-MSV-Exact-Conv-DO-LINEN-CURTAIN-52x96-NATURAL-2-PCS,placement,Placement Top,,placement_pct,Placement Top,0,200,placement_pct,campaign,,,2026-09-15,,,,,,
L1104,ok,placement modifier reset,D-LC-SP-cortinas black out-(Blackout-ES)-MSV-Exact-Conv-DO-LINEN-CURTAIN-52x96-NATURAL-2-PCS,placement,Placement Rest Of Search,,placement_pct,Placement Rest Of Search,0,120,placement_pct,campaign,,,2026-09-15,,,,,,
L1105,ok,placement modifier reset,D-LC-SP-darkening curtains for living room-(Blackout)-HSV-Exact-Conv-DO-LINEN-CURTAIN-52x96-NATURAL-2-PCS,placement,Placement Top,,placement_pct,Placement Top,0,200,placement_pct,campaign,,,2026-09-15,,,,,,
L1106,ok,placement modifier reset,D-LC-SP-darkening curtains for living room-(Blackout)-HSV-Exact-Conv-DO-LINEN-CURTAIN-52x96-NATURAL-2-PCS,placement,Placement Rest Of Search,,placement_pct,Placement Rest Of Search,0,120,placement_pct,campaign,,,2026-09-15,,,,,,
L1107,ok,placement modifier reset,D-LC-SP-EXACT-RAN-DO-(Curtains|Blackout|Bedroom)-(LINEN-CURTAIN-52x84-NATURAL-2-PCS)-(total blackout curtains for bedroom),placement,Placement Top,,placement_pct,Placement Top,0,100,placement_pct,campaign,,,2026-09-15,,,,,,
L1108,ok,placement modifier reset,D-LC-SP-EXACT-RAN-DO-(Curtains|Blackout|Bedroom)-(LINEN-CURTAIN-52x84-NATURAL-2-PCS)-(total blackout curtains for bedroom),placement,Placement Rest Of Search,,placement_pct,Placement Rest Of Search,0,47,placement_pct,campaign,,,2026-09-15,,,,,,
L1109,ok,placement modifier reset,D-LC-SP-EXACT-RAN-DO-(Curtains|Blackout|Living Room)-(52x90-BEIGE-2-PCS)-(farmhouse blackout curtains for living room),placement,Placement Top,,placement_pct,Placement Top,0,159,placement_pct,campaign,,,2026-09-15,,,,,,
L1110,ok,placement modifier reset,D-LC-SP-EXACT-RAN-DO-(Curtains|Blackout|Living Room)-(52x90-BEIGE-2-PCS)-(farmhouse blackout curtains for living room),placement,Placement Rest Of Search,,placement_pct,Placement Rest Of Search,0,90,placement_pct,campaign,,,2026-09-15,,,,,,
L1111,ok,placement modifier reset,D-LC-SP-bedroom black out curtains 2 panel sets-(Blackout)-MSV-Exact-Conv-DO-LINEN-CURTAIN-52x96-NATURAL-2-PCS,placement,Placement Top,,placement_pct,Placement Top,0,200,placement_pct,campaign,,,2026-09-15,,,,,,
L1112,ok,placement modifier reset,D-LC-SP-bedroom black out curtains 2 panel sets-(Blackout)-MSV-Exact-Conv-DO-LINEN-CURTAIN-52x96-NATURAL-2-PCS,placement,Placement Rest Of Search,,placement_pct,Placement Rest Of Search,0,120,placement_pct,campaign,,,2026-09-15,,,,,,
L1113,ok,placement modifier reset,D-LC-SP-soft ivory linen curtains-(Linen)-MSV-Exact-Conv-DO-LINEN-CURTAIN-52x84-IVORY-2-PCS,placement,Placement Top,,placement_pct,Placement Top,0,260,placement_pct,campaign,,,2026-09-15,,,,,,
L1114,ok,placement modifier reset,D-LC-SP-EXACT-RAN-DO-(Curtains|Blackout)-(LINEN-CURTAIN-52x90-BEIGE-2-PCS)-(blackout curtains two panels),placement,Placement Top,,placement_pct,Placement Top,0,114,placement_pct,campaign,,,2026-09-15,,,,,,
L1115,ok,placement modifier reset,D-LC-SP-EXACT-RAN-DO-(Curtains|Blackout)-(LINEN-CURTAIN-52x90-BEIGE-2-PCS)-(blackout curtains two panels),placement,Placement Rest Of Search,,placement_pct,Placement Rest Of Search,0,57,placement_pct,campaign,,,2026-09-15,,,,,,
L1116,ok,placement modifier reset,D-LC-SP-light blocking curtains for bedroom-(Blackout)-MSV-Exact-Conv-DO-LINEN-CURTAIN-52x84-NATURAL-2-PCS,placement,Placement Top,,placement_pct,Placement Top,0,200,placement_pct,campaign,,,2026-09-15,,,,,,
L1117,ok,placement modifier reset,D-LC-SP-light blocking curtains for bedroom-(Blackout)-MSV-Exact-Conv-DO-LINEN-CURTAIN-52x84-NATURAL-2-PCS,placement,Placement Rest Of Search,,placement_pct,Placement Rest Of Search,0,120,placement_pct,campaign,,,2026-09-15,,,,,,
L1118,ok,placement modifier reset,D-LC-SP-blackout panel curtains-(Blackout)-LSV-Exact-Conv-DO-LINEN-CURTAIN-52x96-NATURAL-2-PCS,placement,Placement Top,,placement_pct,Placement Top,0,200,placement_pct,campaign,,,2026-09-15,,,,,,
L1119,ok,placement modifier reset,D-LC-SP-blackout panel curtains-(Blackout)-LSV-Exact-Conv-DO-LINEN-CURTAIN-52x96-NATURAL-2-PCS,placement,Placement Rest Of Search,,placement_pct,Placement Rest Of Search,0,120,placement_pct,campaign,,,2026-09-15,,,,,,
L1120,ok,placement modifier reset,D-Linen Curtains-SP-Exact-Ranking-Fixed-LINEN-CURTAIN-52x84-NATURAL-2-PCS-B0F639CWS1 - linen curtains neutral colors,placement,Placement Top,,placement_pct,Placement Top,0,260,placement_pct,campaign,,,2026-09-15,,,,,,
L1121,ok,placement modifier reset,D-LC-SP-black out curtains 2 panel-(Blackout)-HSV-Exact-Conv-DO-LINEN-CURTAIN-52x96-NATURAL-2-PCS,placement,Placement Top,,placement_pct,Placement Top,0,200,placement_pct,campaign,,,2026-09-15,,,,,,
L1122,ok,placement modifier reset,D-LC-SP-black out curtains 2 panel-(Blackout)-HSV-Exact-Conv-DO-LINEN-CURTAIN-52x96-NATURAL-2-PCS,placement,Placement Rest Of Search,,placement_pct,Placement Rest Of Search,0,120,placement_pct,campaign,,,2026-09-15,,,,,,
L1123,ok,placement modifier reset,D-LC-SP-EXACT-RAN-DO-(Curtains|Blackout)-(LINEN-CURTAIN-52x90-BEIGE-2-PCS)-(light blackout curtains),placement,Placement Top,,placement_pct,Placement Top,0,114,placement_pct,campaign,,,2026-09-15,,,,,,
L1124,ok,placement modifier reset,D-LC-SP-EXACT-RAN-DO-(Curtains|Blackout)-(LINEN-CURTAIN-52x90-BEIGE-2-PCS)-(light blackout curtains),placement,Placement Rest Of Search,,placement_pct,Placement Rest Of Search,0,57,placement_pct,campaign,,,2026-09-15,,,,,,
L1125,ok,placement modifier reset,D-LC-SP-small black out curtains-(Blackout)-HSV-Exact-Conv-DO-LINEN-CURTAIN-52x96-NATURAL-2-PCS,placement,Placement Top,,placement_pct,Placement Top,0,200,placement_pct,campaign,,,2026-09-15,,,,,,
L1126,ok,placement modifier reset,D-LC-SP-small black out curtains-(Blackout)-HSV-Exact-Conv-DO-LINEN-CURTAIN-52x96-NATURAL-2-PCS,placement,Placement Rest Of Search,,placement_pct,Placement Rest Of Search,0,120,placement_pct,campaign,,,2026-09-15,,,,,,
L1127,ok,placement modifier reset,D-LC-SP-EXACT-RAN-DO-(Curtains|Blackout)-(LINEN-CURTAIN-52x84-NATURAL-2-PCS)-(blackout curtains 84 inch 2 panels),placement,Placement Top,,placement_pct,Placement Top,0,108,placement_pct,campaign,,,2026-09-15,,,,,,
L1128,ok,placement modifier reset,D-LC-SP-EXACT-RAN-DO-(Curtains|Blackout)-(LINEN-CURTAIN-52x84-NATURAL-2-PCS)-(blackout curtains 84 inch 2 panels),placement,Placement Rest Of Search,,placement_pct,Placement Rest Of Search,0,53,placement_pct,campaign,,,2026-09-15,,,,,,
L1129,ok,placement modifier reset,D-LC-SP-black out window curtain-(Blackout)-HSV-Exact-Conv-DO-LINEN-CURTAIN-52x96-NATURAL-2-PCS,placement,Placement Top,,placement_pct,Placement Top,0,200,placement_pct,campaign,,,2026-09-15,,,,,,
L1130,ok,placement modifier reset,D-LC-SP-black out window curtain-(Blackout)-HSV-Exact-Conv-DO-LINEN-CURTAIN-52x96-NATURAL-2-PCS,placement,Placement Rest Of Search,,placement_pct,Placement Rest Of Search,0,120,placement_pct,campaign,,,2026-09-15,,,,,,
L1131,ok,placement modifier reset,D-LC-SP-EXACT-RAN-DO-(Curtains|Blackout|Bedroom)-(LINEN-CURTAIN-52x84-NATURAL-2-PCS)-(blackout curtain panels bedroom),placement,Placement Top,,placement_pct,Placement Top,0,92,placement_pct,campaign,,,2026-09-15,,,,,,
L1132,ok,placement modifier reset,D-LC-SP-EXACT-RAN-DO-(Curtains|Blackout|Bedroom)-(LINEN-CURTAIN-52x84-NATURAL-2-PCS)-(blackout curtain panels bedroom),placement,Placement Rest Of Search,,placement_pct,Placement Rest Of Search,0,41,placement_pct,campaign,,,2026-09-15,,,,,,
L1133,ok,placement modifier reset,D-Linen Curtains-SP-Exact-Ranking-Fixed-LINEN-CURTAIN-52x84-NATURAL-2-PCS-B0F639CWS1 - linen living room curtains,placement,Placement Top,,placement_pct,Placement Top,0,260,placement_pct,campaign,,,2026-09-15,,,,,,
L1134,ok,placement modifier reset,D-LC-SP-white blackout curtains 63 inch length-(Blackout)-MSV-Exact-Conv-DO-LINEN-CURTAIN-52x63-IVORY-2-PCS,placement,Placement Top,,placement_pct,Placement Top,0,200,placement_pct,campaign,,,2026-09-15,,,,,,
L1135,ok,placement modifier reset,D-LC-SP-white blackout curtains 63 inch length-(Blackout)-MSV-Exact-Conv-DO-LINEN-CURTAIN-52x63-IVORY-2-PCS,placement,Placement Rest Of Search,,placement_pct,Placement Rest Of Search,0,120,placement_pct,campaign,,,2026-09-15,,,,,,
L1136,ok,placement modifier reset,D-LC-SP-EXACT-RAN-DO-(Linen|Curtains|Blackout)-(LINEN-CURTAIN-52x84-NATURAL-2-PCS)-(natural flax linen curtains blackout),placement,Placement Top,,placement_pct,Placement Top,0,140,placement_pct,campaign,,,2026-09-15,,,,,,
L1137,ok,placement modifier reset,D-LC-SP-natural linen curtains 96 inches long-(Linen)-LSV-Exact-Conv-DO-LINEN-CURTAIN-52x96-NATURAL-2-PCS,placement,Placement Top,,placement_pct,Placement Top,0,260,placement_pct,campaign,,,2026-09-15,,,,,,
L1138,ok,placement modifier reset,D-LC-SP-blackout curtains light blocking-(Blackout)-LSV-Exact-Conv-DO-LINEN-CURTAIN-52x96-NATURAL-2-PCS,placement,Placement Top,,placement_pct,Placement Top,0,200,placement_pct,campaign,,,2026-09-15,,,,,,
L1139,ok,placement modifier reset,D-LC-SP-blackout curtains light blocking-(Blackout)-LSV-Exact-Conv-DO-LINEN-CURTAIN-52x96-NATURAL-2-PCS,placement,Placement Rest Of Search,,placement_pct,Placement Rest Of Search,0,120,placement_pct,campaign,,,2026-09-15,,,,,,
L1140,ok,placement modifier reset,D-Linen Curtains-SP-Exact-Ranking-Fixed-LINEN-CURTAIN-52x84-NATURAL-2-PCS-B0F639CWS1 - long linen curtains,placement,Placement Top,,placement_pct,Placement Top,0,260,placement_pct,campaign,,,2026-09-15,,,,,,
L1141,ok,placement modifier reset,D-LC-SP-EXACT-RAN-DO-(Curtains|Blackout|Bedroom)-(LINEN-CURTAIN-52x84-NATURAL-2-PCS)-(blackout curtains for bedroom long),placement,Placement Top,,placement_pct,Placement Top,0,85,placement_pct,campaign,,,2026-09-15,,,,,,
L1142,ok,placement modifier reset,D-LC-SP-EXACT-RAN-DO-(Curtains|Blackout|Bedroom)-(LINEN-CURTAIN-52x84-NATURAL-2-PCS)-(blackout curtains for bedroom long),placement,Placement Rest Of Search,,placement_pct,Placement Rest Of Search,0,36,placement_pct,campaign,,,2026-09-15,,,,,,
L1143,ok,placement modifier reset,D-LC-SP-linen curtains room darkening-(Linen)-LSV-Exact-Conv-DO-LINEN-CURTAIN-52x96-NATURAL-2-PCS,placement,Placement Top,,placement_pct,Placement Top,0,260,placement_pct,campaign,,,2026-09-15,,,,,,
L1144,ok,placement modifier reset,D-LC-SP-energy efficient blackout curtains for bedroom-(Blackout)-LSV-Exact-Conv-DO-LINEN-CURTAIN-52x96-NATURAL-2-PCS,placement,Placement Top,,placement_pct,Placement Top,0,200,placement_pct,campaign,,,2026-09-15,,,,,,
L1145,ok,placement modifier reset,D-LC-SP-energy efficient blackout curtains for bedroom-(Blackout)-LSV-Exact-Conv-DO-LINEN-CURTAIN-52x96-NATURAL-2-PCS,placement,Placement Rest Of Search,,placement_pct,Placement Rest Of Search,0,120,placement_pct,campaign,,,2026-09-15,,,,,,
