move_ref,decision_ref,campaign,campaign_id,ad_group,entity_type,field,placement,match_type,entity_label,before,after,deploy_channel,deploy_state,decided,level,objective,verdict,metric,dir,magnitude,horizon_days,review_date,status,explanation,product_id
CL70-LAUNCH-001-M0001,CL70-LAUNCH-001,CL-SP-EXACT-cooling pillow cases-Cooling|Pillowcase|Core-CL-CLG-PC-DARK-GREY-QUEEN-2PCS,pending readback,,campaign,create_campaign,,,CL-SP-EXACT-cooling pillow cases-Cooling|Pillowcase|Core-CL-CLG-PC-DARK-GREY-QUEEN-2PCS,none,state=enabled; budget=19.71; strategy=Fixed bid; targeting=Manual; start=20261004,bulk_upload,"uploaded 2026-10-04, awaiting ID readback",2026-10-04,campaign,Ranking,SIBLING PROBE,cvr,increase,15.7,14,2026-10-18,deployed,"Head-term probe on cooling pillow cases (30,202 searches), shared with Sleephoria. Expected CPC $2.76 (Sleephoria CPC times 1.59 launch premium); base bid $1.38, top of search +100%, fixed. Read at 100 top-of-search clicks: at least 15.7% CVR and CooLinens owns the term; under 10% Sleephoria keeps it; between, extend to 200 clicks. Budget $19.71/day.",70
CL70-LAUNCH-001-M0002,CL70-LAUNCH-001,CL-SP-EXACT-cooling pillow cases-Cooling|Pillowcase|Core-CL-CLG-PC-DARK-GREY-QUEEN-2PCS,pending readback,,campaign,placement_multiplier,top_of_search,,CL-SP-EXACT-cooling pillow cases-Cooling|Pillowcase|Core-CL-CLG-PC-DARK-GREY-QUEEN-2PCS,0,100,bulk_upload,"uploaded 2026-10-04, awaiting ID readback",2026-10-04,campaign,Ranking,SIBLING PROBE,cvr,increase,15.7,14,2026-10-18,deployed,"Head-term probe on cooling pillow cases (30,202 searches), shared with Sleephoria. Expected CPC $2.76 (Sleephoria CPC times 1.59 launch premium); base bid $1.38, top of search +100%, fixed. Read at 100 top-of-search clicks: at least 15.7% CVR and CooLinens owns the term; under 10% Sleephoria keeps it; between, extend to 200 clicks. Budget $19.71/day.",70
CL70-LAUNCH-001-M0003,CL70-LAUNCH-001,CL-SP-EXACT-cooling pillow cases-Cooling|Pillowcase|Core-CL-CLG-PC-DARK-GREY-QUEEN-2PCS,pending readback,AG-cooling pillow cases,ad_group,create_ad_group,,,AG-cooling pillow cases,none,default_bid=1.38,bulk_upload,"uploaded 2026-10-04, awaiting ID readback",2026-10-04,campaign,Ranking,SIBLING PROBE,cvr,increase,15.7,14,2026-10-18,deployed,"Head-term probe on cooling pillow cases (30,202 searches), shared with Sleephoria. Expected CPC $2.76 (Sleephoria CPC times 1.59 launch premium); base bid $1.38, top of search +100%, fixed. Read at 100 top-of-search clicks: at least 15.7% CVR and CooLinens owns the term; under 10% Sleephoria keeps it; between, extend to 200 clicks. Budget $19.71/day.",70
CL70-LAUNCH-001-M0004,CL70-LAUNCH-001,CL-SP-EXACT-cooling pillow cases-Cooling|Pillowcase|Core-CL-CLG-PC-DARK-GREY-QUEEN-2PCS,pending readback,AG-cooling pillow cases,product_ad,create_product_ad,,,CL-CLG-PC-DARK-GREY-QUEEN-2PCS,none,enabled,bulk_upload,"uploaded 2026-10-04, awaiting ID readback",2026-10-04,campaign,Ranking,SIBLING PROBE,cvr,increase,15.7,14,2026-10-18,deployed,"Head-term probe on cooling pillow cases (30,202 searches), shared with Sleephoria. Expected CPC $2.76 (Sleephoria CPC times 1.59 launch premium); base bid $1.38, top of search +100%, fixed. Read at 100 top-of-search clicks: at least 15.7% CVR and CooLinens owns the term; under 10% Sleephoria keeps it; between, extend to 200 clicks. Budget $19.71/day.",70
CL70-LAUNCH-001-M0005,CL70-LAUNCH-001,CL-SP-EXACT-cooling pillow cases-Cooling|Pillowcase|Core-CL-CLG-PC-DARK-GREY-QUEEN-2PCS,pending readback,AG-cooling pillow cases,keyword,create_keyword,,exact,cooling pillow cases,none,bid=1.38; state=enabled,bulk_upload,"uploaded 2026-10-04, awaiting ID readback",2026-10-04,campaign,Ranking,SIBLING PROBE,cvr,increase,15.7,14,2026-10-18,deployed,"Head-term probe on cooling pillow cases (30,202 searches), shared with Sleephoria. Expected CPC $2.76 (Sleephoria CPC times 1.59 launch premium); base bid $1.38, top of search +100%, fixed. Read at 100 top-of-search clicks: at least 15.7% CVR and CooLinens owns the term; under 10% Sleephoria keeps it; between, extend to 200 clicks. Budget $19.71/day.",70
CL70-LAUNCH-001-M0006,CL70-LAUNCH-001,CL-SP-EXACT-cooling pillow cases-Cooling|Pillowcase|Core-CL-CLG-PC-DARK-GREY-QUEEN-2PCS,pending readback,,campaign_negative_keyword,create_negative,,negativeExact,cool pillow cases,none,enabled,bulk_upload,"uploaded 2026-10-04, awaiting ID readback",2026-10-04,campaign,Ranking,SIBLING PROBE,cvr,increase,15.7,14,2026-10-18,deployed,"Head-term probe on cooling pillow cases (30,202 searches), shared with Sleephoria. Expected CPC $2.76 (Sleephoria CPC times 1.59 launch premium); base bid $1.38, top of search +100%, fixed. Read at 100 top-of-search clicks: at least 15.7% CVR and CooLinens owns the term; under 10% Sleephoria keeps it; between, extend to 200 clicks. Budget $19.71/day.",70
CL70-LAUNCH-002-M0007,CL70-LAUNCH-002,CL-SP-EXACT-cooling pillow cases for hot sleepers-Cooling|Pillowcase|HotSleeper-CL-CLG-PC-DARK-GREY-QUEEN-2PCS,pending readback,,campaign,create_campaign,,,CL-SP-EXACT-cooling pillow cases for hot sleepers-Cooling|Pillowcase|HotSleeper-CL-CLG-PC-DARK-GREY-QUEEN-2PCS,none,state=enabled; budget=5; strategy=Fixed bid; targeting=Manual; start=20261004,bulk_upload,"uploaded 2026-10-04, awaiting ID readback",2026-10-04,campaign,Ranking,LAUNCH TEST,clicks,increase,100,28,2026-11-01,deployed,"Phase-1 test on cooling pillow cases for hot sleepers (2,630 searches, Hot Sleeper). Expected CPC $0.75 (Sleephoria CPC times 1.59 launch premium); base bid $0.38, top of search +100%, fixed. 100 clicks over 28 days, CVR read by placement; stop at 0 orders after 50 clicks. Budget $5.00/day.",70
CL70-LAUNCH-002-M0008,CL70-LAUNCH-002,CL-SP-EXACT-cooling pillow cases for hot sleepers-Cooling|Pillowcase|HotSleeper-CL-CLG-PC-DARK-GREY-QUEEN-2PCS,pending readback,,campaign,placement_multiplier,top_of_search,,CL-SP-EXACT-cooling pillow cases for hot sleepers-Cooling|Pillowcase|HotSleeper-CL-CLG-PC-DARK-GREY-QUEEN-2PCS,0,100,bulk_upload,"uploaded 2026-10-04, awaiting ID readback",2026-10-04,campaign,Ranking,LAUNCH TEST,clicks,increase,100,28,2026-11-01,deployed,"Phase-1 test on cooling pillow cases for hot sleepers (2,630 searches, Hot Sleeper). Expected CPC $0.75 (Sleephoria CPC times 1.59 launch premium); base bid $0.38, top of search +100%, fixed. 100 clicks over 28 days, CVR read by placement; stop at 0 orders after 50 clicks. Budget $5.00/day.",70
CL70-LAUNCH-002-M0009,CL70-LAUNCH-002,CL-SP-EXACT-cooling pillow cases for hot sleepers-Cooling|Pillowcase|HotSleeper-CL-CLG-PC-DARK-GREY-QUEEN-2PCS,pending readback,AG-cooling pillow cases for hot sleepers,ad_group,create_ad_group,,,AG-cooling pillow cases for hot sleepers,none,default_bid=0.38,bulk_upload,"uploaded 2026-10-04, awaiting ID readback",2026-10-04,campaign,Ranking,LAUNCH TEST,clicks,increase,100,28,2026-11-01,deployed,"Phase-1 test on cooling pillow cases for hot sleepers (2,630 searches, Hot Sleeper). Expected CPC $0.75 (Sleephoria CPC times 1.59 launch premium); base bid $0.38, top of search +100%, fixed. 100 clicks over 28 days, CVR read by placement; stop at 0 orders after 50 clicks. Budget $5.00/day.",70
CL70-LAUNCH-002-M0010,CL70-LAUNCH-002,CL-SP-EXACT-cooling pillow cases for hot sleepers-Cooling|Pillowcase|HotSleeper-CL-CLG-PC-DARK-GREY-QUEEN-2PCS,pending readback,AG-cooling pillow cases for hot sleepers,product_ad,create_product_ad,,,CL-CLG-PC-DARK-GREY-QUEEN-2PCS,none,enabled,bulk_upload,"uploaded 2026-10-04, awaiting ID readback",2026-10-04,campaign,Ranking,LAUNCH TEST,clicks,increase,100,28,2026-11-01,deployed,"Phase-1 test on cooling pillow cases for hot sleepers (2,630 searches, Hot Sleeper). Expected CPC $0.75 (Sleephoria CPC times 1.59 launch premium); base bid $0.38, top of search +100%, fixed. 100 clicks over 28 days, CVR read by placement; stop at 0 orders after 50 clicks. Budget $5.00/day.",70
CL70-LAUNCH-002-M0011,CL70-LAUNCH-002,CL-SP-EXACT-cooling pillow cases for hot sleepers-Cooling|Pillowcase|HotSleeper-CL-CLG-PC-DARK-GREY-QUEEN-2PCS,pending readback,AG-cooling pillow cases for hot sleepers,keyword,create_keyword,,exact,cooling pillow cases for hot sleepers,none,bid=0.38; state=enabled,bulk_upload,"uploaded 2026-10-04, awaiting ID readback",2026-10-04,campaign,Ranking,LAUNCH TEST,clicks,increase,100,28,2026-11-01,deployed,"Phase-1 test on cooling pillow cases for hot sleepers (2,630 searches, Hot Sleeper). Expected CPC $0.75 (Sleephoria CPC times 1.59 launch premium); base bid $0.38, top of search +100%, fixed. 100 clicks over 28 days, CVR read by placement; stop at 0 orders after 50 clicks. Budget $5.00/day.",70
CL70-LAUNCH-003-M0012,CL70-LAUNCH-003,CL-SP-EXACT-cool pillow cases-Cooling|Pillowcase|Core-CL-CLG-PC-DARK-GREY-QUEEN-2PCS,pending readback,,campaign,create_campaign,,,CL-SP-EXACT-cool pillow cases-Cooling|Pillowcase|Core-CL-CLG-PC-DARK-GREY-QUEEN-2PCS,none,state=enabled; budget=8.86; strategy=Fixed bid; targeting=Manual; start=20261004,bulk_upload,"uploaded 2026-10-04, awaiting ID readback",2026-10-04,campaign,Ranking,LAUNCH TEST,clicks,increase,100,28,2026-11-01,deployed,"Phase-1 test on cool pillow cases (2,269 searches, Core). Expected CPC $2.48 (Sleephoria CPC times 1.59 launch premium); base bid $1.24, top of search +100%, fixed. 100 clicks over 28 days, CVR read by placement; stop at 0 orders after 50 clicks. Budget $8.86/day.",70
CL70-LAUNCH-003-M0013,CL70-LAUNCH-003,CL-SP-EXACT-cool pillow cases-Cooling|Pillowcase|Core-CL-CLG-PC-DARK-GREY-QUEEN-2PCS,pending readback,,campaign,placement_multiplier,top_of_search,,CL-SP-EXACT-cool pillow cases-Cooling|Pillowcase|Core-CL-CLG-PC-DARK-GREY-QUEEN-2PCS,0,100,bulk_upload,"uploaded 2026-10-04, awaiting ID readback",2026-10-04,campaign,Ranking,LAUNCH TEST,clicks,increase,100,28,2026-11-01,deployed,"Phase-1 test on cool pillow cases (2,269 searches, Core). Expected CPC $2.48 (Sleephoria CPC times 1.59 launch premium); base bid $1.24, top of search +100%, fixed. 100 clicks over 28 days, CVR read by placement; stop at 0 orders after 50 clicks. Budget $8.86/day.",70
CL70-LAUNCH-003-M0014,CL70-LAUNCH-003,CL-SP-EXACT-cool pillow cases-Cooling|Pillowcase|Core-CL-CLG-PC-DARK-GREY-QUEEN-2PCS,pending readback,AG-cool pillow cases,ad_group,create_ad_group,,,AG-cool pillow cases,none,default_bid=1.24,bulk_upload,"uploaded 2026-10-04, awaiting ID readback",2026-10-04,campaign,Ranking,LAUNCH TEST,clicks,increase,100,28,2026-11-01,deployed,"Phase-1 test on cool pillow cases (2,269 searches, Core). Expected CPC $2.48 (Sleephoria CPC times 1.59 launch premium); base bid $1.24, top of search +100%, fixed. 100 clicks over 28 days, CVR read by placement; stop at 0 orders after 50 clicks. Budget $8.86/day.",70
CL70-LAUNCH-003-M0015,CL70-LAUNCH-003,CL-SP-EXACT-cool pillow cases-Cooling|Pillowcase|Core-CL-CLG-PC-DARK-GREY-QUEEN-2PCS,pending readback,AG-cool pillow cases,product_ad,create_product_ad,,,CL-CLG-PC-DARK-GREY-QUEEN-2PCS,none,enabled,bulk_upload,"uploaded 2026-10-04, awaiting ID readback",2026-10-04,campaign,Ranking,LAUNCH TEST,clicks,increase,100,28,2026-11-01,deployed,"Phase-1 test on cool pillow cases (2,269 searches, Core). Expected CPC $2.48 (Sleephoria CPC times 1.59 launch premium); base bid $1.24, top of search +100%, fixed. 100 clicks over 28 days, CVR read by placement; stop at 0 orders after 50 clicks. Budget $8.86/day.",70
CL70-LAUNCH-003-M0016,CL70-LAUNCH-003,CL-SP-EXACT-cool pillow cases-Cooling|Pillowcase|Core-CL-CLG-PC-DARK-GREY-QUEEN-2PCS,pending readback,AG-cool pillow cases,keyword,create_keyword,,exact,cool pillow cases,none,bid=1.24; state=enabled,bulk_upload,"uploaded 2026-10-04, awaiting ID readback",2026-10-04,campaign,Ranking,LAUNCH TEST,clicks,increase,100,28,2026-11-01,deployed,"Phase-1 test on cool pillow cases (2,269 searches, Core). Expected CPC $2.48 (Sleephoria CPC times 1.59 launch premium); base bid $1.24, top of search +100%, fixed. 100 clicks over 28 days, CVR read by placement; stop at 0 orders after 50 clicks. Budget $8.86/day.",70
CL70-LAUNCH-003-M0017,CL70-LAUNCH-003,CL-SP-EXACT-cool pillow cases-Cooling|Pillowcase|Core-CL-CLG-PC-DARK-GREY-QUEEN-2PCS,pending readback,,campaign_negative_keyword,create_negative,,negativeExact,cooling pillow cases,none,enabled,bulk_upload,"uploaded 2026-10-04, awaiting ID readback",2026-10-04,campaign,Ranking,LAUNCH TEST,clicks,increase,100,28,2026-11-01,deployed,"Phase-1 test on cool pillow cases (2,269 searches, Core). Expected CPC $2.48 (Sleephoria CPC times 1.59 launch premium); base bid $1.24, top of search +100%, fixed. 100 clicks over 28 days, CVR read by placement; stop at 0 orders after 50 clicks. Budget $8.86/day.",70
CL70-LAUNCH-004-M0018,CL70-LAUNCH-004,CL-SP-EXACT-cold pillow case-Cooling|Pillowcase|Core-CL-CLG-PC-DARK-GREY-QUEEN-2PCS,pending readback,,campaign,create_campaign,,,CL-SP-EXACT-cold pillow case-Cooling|Pillowcase|Core-CL-CLG-PC-DARK-GREY-QUEEN-2PCS,none,state=enabled; budget=13.36; strategy=Fixed bid; targeting=Manual; start=20261004,bulk_upload,"uploaded 2026-10-04, awaiting ID readback",2026-10-04,campaign,Ranking,LAUNCH TEST,clicks,increase,100,28,2026-11-01,deployed,"Phase-1 test on cold pillow case (1,109 searches, Core). Expected CPC $3.74 (Amazon suggested bid (median)); base bid $1.87, top of search +100%, fixed. 100 clicks over 28 days, CVR read by placement; stop at 0 orders after 50 clicks. Budget $13.36/day.",70
CL70-LAUNCH-004-M0019,CL70-LAUNCH-004,CL-SP-EXACT-cold pillow case-Cooling|Pillowcase|Core-CL-CLG-PC-DARK-GREY-QUEEN-2PCS,pending readback,,campaign,placement_multiplier,top_of_search,,CL-SP-EXACT-cold pillow case-Cooling|Pillowcase|Core-CL-CLG-PC-DARK-GREY-QUEEN-2PCS,0,100,bulk_upload,"uploaded 2026-10-04, awaiting ID readback",2026-10-04,campaign,Ranking,LAUNCH TEST,clicks,increase,100,28,2026-11-01,deployed,"Phase-1 test on cold pillow case (1,109 searches, Core). Expected CPC $3.74 (Amazon suggested bid (median)); base bid $1.87, top of search +100%, fixed. 100 clicks over 28 days, CVR read by placement; stop at 0 orders after 50 clicks. Budget $13.36/day.",70
CL70-LAUNCH-004-M0020,CL70-LAUNCH-004,CL-SP-EXACT-cold pillow case-Cooling|Pillowcase|Core-CL-CLG-PC-DARK-GREY-QUEEN-2PCS,pending readback,AG-cold pillow case,ad_group,create_ad_group,,,AG-cold pillow case,none,default_bid=1.87,bulk_upload,"uploaded 2026-10-04, awaiting ID readback",2026-10-04,campaign,Ranking,LAUNCH TEST,clicks,increase,100,28,2026-11-01,deployed,"Phase-1 test on cold pillow case (1,109 searches, Core). Expected CPC $3.74 (Amazon suggested bid (median)); base bid $1.87, top of search +100%, fixed. 100 clicks over 28 days, CVR read by placement; stop at 0 orders after 50 clicks. Budget $13.36/day.",70
CL70-LAUNCH-004-M0021,CL70-LAUNCH-004,CL-SP-EXACT-cold pillow case-Cooling|Pillowcase|Core-CL-CLG-PC-DARK-GREY-QUEEN-2PCS,pending readback,AG-cold pillow case,product_ad,create_product_ad,,,CL-CLG-PC-DARK-GREY-QUEEN-2PCS,none,enabled,bulk_upload,"uploaded 2026-10-04, awaiting ID readback",2026-10-04,campaign,Ranking,LAUNCH TEST,clicks,increase,100,28,2026-11-01,deployed,"Phase-1 test on cold pillow case (1,109 searches, Core). Expected CPC $3.74 (Amazon suggested bid (median)); base bid $1.87, top of search +100%, fixed. 100 clicks over 28 days, CVR read by placement; stop at 0 orders after 50 clicks. Budget $13.36/day.",70
CL70-LAUNCH-004-M0022,CL70-LAUNCH-004,CL-SP-EXACT-cold pillow case-Cooling|Pillowcase|Core-CL-CLG-PC-DARK-GREY-QUEEN-2PCS,pending readback,AG-cold pillow case,keyword,create_keyword,,exact,cold pillow case,none,bid=1.87; state=enabled,bulk_upload,"uploaded 2026-10-04, awaiting ID readback",2026-10-04,campaign,Ranking,LAUNCH TEST,clicks,increase,100,28,2026-11-01,deployed,"Phase-1 test on cold pillow case (1,109 searches, Core). Expected CPC $3.74 (Amazon suggested bid (median)); base bid $1.87, top of search +100%, fixed. 100 clicks over 28 days, CVR read by placement; stop at 0 orders after 50 clicks. Budget $13.36/day.",70
CL70-LAUNCH-005-M0023,CL70-LAUNCH-005,CL-SP-EXACT-cooling pillow cases with zipper-Cooling|Pillowcase|Zipper-CL-CLG-PC-DARK-GREY-QUEEN-2PCS,pending readback,,campaign,create_campaign,,,CL-SP-EXACT-cooling pillow cases with zipper-Cooling|Pillowcase|Zipper-CL-CLG-PC-DARK-GREY-QUEEN-2PCS,none,state=enabled; budget=7.32; strategy=Fixed bid; targeting=Manual; start=20261004,bulk_upload,"uploaded 2026-10-04, awaiting ID readback",2026-10-04,campaign,Ranking,LAUNCH TEST,clicks,increase,100,28,2026-11-01,deployed,"Phase-1 test on cooling pillow cases with zipper (921 searches, Zipper). Expected CPC $2.05 (Sleephoria CPC times 1.59 launch premium); base bid $1.02, top of search +100%, fixed. 100 clicks over 28 days, CVR read by placement; stop at 0 orders after 50 clicks. Budget $7.32/day.",70
CL70-LAUNCH-005-M0024,CL70-LAUNCH-005,CL-SP-EXACT-cooling pillow cases with zipper-Cooling|Pillowcase|Zipper-CL-CLG-PC-DARK-GREY-QUEEN-2PCS,pending readback,,campaign,placement_multiplier,top_of_search,,CL-SP-EXACT-cooling pillow cases with zipper-Cooling|Pillowcase|Zipper-CL-CLG-PC-DARK-GREY-QUEEN-2PCS,0,100,bulk_upload,"uploaded 2026-10-04, awaiting ID readback",2026-10-04,campaign,Ranking,LAUNCH TEST,clicks,increase,100,28,2026-11-01,deployed,"Phase-1 test on cooling pillow cases with zipper (921 searches, Zipper). Expected CPC $2.05 (Sleephoria CPC times 1.59 launch premium); base bid $1.02, top of search +100%, fixed. 100 clicks over 28 days, CVR read by placement; stop at 0 orders after 50 clicks. Budget $7.32/day.",70
CL70-LAUNCH-005-M0025,CL70-LAUNCH-005,CL-SP-EXACT-cooling pillow cases with zipper-Cooling|Pillowcase|Zipper-CL-CLG-PC-DARK-GREY-QUEEN-2PCS,pending readback,AG-cooling pillow cases with zipper,ad_group,create_ad_group,,,AG-cooling pillow cases with zipper,none,default_bid=1.02,bulk_upload,"uploaded 2026-10-04, awaiting ID readback",2026-10-04,campaign,Ranking,LAUNCH TEST,clicks,increase,100,28,2026-11-01,deployed,"Phase-1 test on cooling pillow cases with zipper (921 searches, Zipper). Expected CPC $2.05 (Sleephoria CPC times 1.59 launch premium); base bid $1.02, top of search +100%, fixed. 100 clicks over 28 days, CVR read by placement; stop at 0 orders after 50 clicks. Budget $7.32/day.",70
CL70-LAUNCH-005-M0026,CL70-LAUNCH-005,CL-SP-EXACT-cooling pillow cases with zipper-Cooling|Pillowcase|Zipper-CL-CLG-PC-DARK-GREY-QUEEN-2PCS,pending readback,AG-cooling pillow cases with zipper,product_ad,create_product_ad,,,CL-CLG-PC-DARK-GREY-QUEEN-2PCS,none,enabled,bulk_upload,"uploaded 2026-10-04, awaiting ID readback",2026-10-04,campaign,Ranking,LAUNCH TEST,clicks,increase,100,28,2026-11-01,deployed,"Phase-1 test on cooling pillow cases with zipper (921 searches, Zipper). Expected CPC $2.05 (Sleephoria CPC times 1.59 launch premium); base bid $1.02, top of search +100%, fixed. 100 clicks over 28 days, CVR read by placement; stop at 0 orders after 50 clicks. Budget $7.32/day.",70
CL70-LAUNCH-005-M0027,CL70-LAUNCH-005,CL-SP-EXACT-cooling pillow cases with zipper-Cooling|Pillowcase|Zipper-CL-CLG-PC-DARK-GREY-QUEEN-2PCS,pending readback,AG-cooling pillow cases with zipper,keyword,create_keyword,,exact,cooling pillow cases with zipper,none,bid=1.02; state=enabled,bulk_upload,"uploaded 2026-10-04, awaiting ID readback",2026-10-04,campaign,Ranking,LAUNCH TEST,clicks,increase,100,28,2026-11-01,deployed,"Phase-1 test on cooling pillow cases with zipper (921 searches, Zipper). Expected CPC $2.05 (Sleephoria CPC times 1.59 launch premium); base bid $1.02, top of search +100%, fixed. 100 clicks over 28 days, CVR read by placement; stop at 0 orders after 50 clicks. Budget $7.32/day.",70
CL70-LAUNCH-006-M0028,CL70-LAUNCH-006,CL-SP-EXACT-cooling pillow covers with zipper-Cooling|Pillowcase|Zipper-CL-CLG-PC-DARK-GREY-QUEEN-2PCS,pending readback,,campaign,create_campaign,,,CL-SP-EXACT-cooling pillow covers with zipper-Cooling|Pillowcase|Zipper-CL-CLG-PC-DARK-GREY-QUEEN-2PCS,none,state=enabled; budget=12.5; strategy=Fixed bid; targeting=Manual; start=20261004,bulk_upload,"uploaded 2026-10-04, awaiting ID readback",2026-10-04,campaign,Ranking,LAUNCH TEST,clicks,increase,100,28,2026-11-01,deployed,"Phase-1 test on cooling pillow covers with zipper (639 searches, Zipper). Expected CPC $3.50 (Amazon suggested bid (median)); base bid $1.75, top of search +100%, fixed. 100 clicks over 28 days, CVR read by placement; stop at 0 orders after 50 clicks. Budget $12.50/day.",70
CL70-LAUNCH-006-M0029,CL70-LAUNCH-006,CL-SP-EXACT-cooling pillow covers with zipper-Cooling|Pillowcase|Zipper-CL-CLG-PC-DARK-GREY-QUEEN-2PCS,pending readback,,campaign,placement_multiplier,top_of_search,,CL-SP-EXACT-cooling pillow covers with zipper-Cooling|Pillowcase|Zipper-CL-CLG-PC-DARK-GREY-QUEEN-2PCS,0,100,bulk_upload,"uploaded 2026-10-04, awaiting ID readback",2026-10-04,campaign,Ranking,LAUNCH TEST,clicks,increase,100,28,2026-11-01,deployed,"Phase-1 test on cooling pillow covers with zipper (639 searches, Zipper). Expected CPC $3.50 (Amazon suggested bid (median)); base bid $1.75, top of search +100%, fixed. 100 clicks over 28 days, CVR read by placement; stop at 0 orders after 50 clicks. Budget $12.50/day.",70
CL70-LAUNCH-006-M0030,CL70-LAUNCH-006,CL-SP-EXACT-cooling pillow covers with zipper-Cooling|Pillowcase|Zipper-CL-CLG-PC-DARK-GREY-QUEEN-2PCS,pending readback,AG-cooling pillow covers with zipper,ad_group,create_ad_group,,,AG-cooling pillow covers with zipper,none,default_bid=1.75,bulk_upload,"uploaded 2026-10-04, awaiting ID readback",2026-10-04,campaign,Ranking,LAUNCH TEST,clicks,increase,100,28,2026-11-01,deployed,"Phase-1 test on cooling pillow covers with zipper (639 searches, Zipper). Expected CPC $3.50 (Amazon suggested bid (median)); base bid $1.75, top of search +100%, fixed. 100 clicks over 28 days, CVR read by placement; stop at 0 orders after 50 clicks. Budget $12.50/day.",70
CL70-LAUNCH-006-M0031,CL70-LAUNCH-006,CL-SP-EXACT-cooling pillow covers with zipper-Cooling|Pillowcase|Zipper-CL-CLG-PC-DARK-GREY-QUEEN-2PCS,pending readback,AG-cooling pillow covers with zipper,product_ad,create_product_ad,,,CL-CLG-PC-DARK-GREY-QUEEN-2PCS,none,enabled,bulk_upload,"uploaded 2026-10-04, awaiting ID readback",2026-10-04,campaign,Ranking,LAUNCH TEST,clicks,increase,100,28,2026-11-01,deployed,"Phase-1 test on cooling pillow covers with zipper (639 searches, Zipper). Expected CPC $3.50 (Amazon suggested bid (median)); base bid $1.75, top of search +100%, fixed. 100 clicks over 28 days, CVR read by placement; stop at 0 orders after 50 clicks. Budget $12.50/day.",70
CL70-LAUNCH-006-M0032,CL70-LAUNCH-006,CL-SP-EXACT-cooling pillow covers with zipper-Cooling|Pillowcase|Zipper-CL-CLG-PC-DARK-GREY-QUEEN-2PCS,pending readback,AG-cooling pillow covers with zipper,keyword,create_keyword,,exact,cooling pillow covers with zipper,none,bid=1.75; state=enabled,bulk_upload,"uploaded 2026-10-04, awaiting ID readback",2026-10-04,campaign,Ranking,LAUNCH TEST,clicks,increase,100,28,2026-11-01,deployed,"Phase-1 test on cooling pillow covers with zipper (639 searches, Zipper). Expected CPC $3.50 (Amazon suggested bid (median)); base bid $1.75, top of search +100%, fixed. 100 clicks over 28 days, CVR read by placement; stop at 0 orders after 50 clicks. Budget $12.50/day.",70
CL70-LAUNCH-007-M0033,CL70-LAUNCH-007,CL-SP-EXACT-cooling pillow cases king-Cooling|Pillowcase|King-CL-CLG-PC-WHITE-KING-2PCS,pending readback,,campaign,create_campaign,,,CL-SP-EXACT-cooling pillow cases king-Cooling|Pillowcase|King-CL-CLG-PC-WHITE-KING-2PCS,none,state=enabled; budget=5; strategy=Fixed bid; targeting=Manual; start=20261004,bulk_upload,"uploaded 2026-10-04, awaiting ID readback",2026-10-04,campaign,Ranking,LAUNCH TEST,clicks,increase,100,28,2026-11-01,deployed,"Phase-1 test on cooling pillow cases king (819 searches, King). Expected CPC $1.28 (Amazon suggested bid (median)); base bid $0.64, top of search +100%, fixed. 100 clicks over 28 days, CVR read by placement; stop at 0 orders after 50 clicks. Budget $5.00/day.",70
CL70-LAUNCH-007-M0034,CL70-LAUNCH-007,CL-SP-EXACT-cooling pillow cases king-Cooling|Pillowcase|King-CL-CLG-PC-WHITE-KING-2PCS,pending readback,,campaign,placement_multiplier,top_of_search,,CL-SP-EXACT-cooling pillow cases king-Cooling|Pillowcase|King-CL-CLG-PC-WHITE-KING-2PCS,0,100,bulk_upload,"uploaded 2026-10-04, awaiting ID readback",2026-10-04,campaign,Ranking,LAUNCH TEST,clicks,increase,100,28,2026-11-01,deployed,"Phase-1 test on cooling pillow cases king (819 searches, King). Expected CPC $1.28 (Amazon suggested bid (median)); base bid $0.64, top of search +100%, fixed. 100 clicks over 28 days, CVR read by placement; stop at 0 orders after 50 clicks. Budget $5.00/day.",70
CL70-LAUNCH-007-M0035,CL70-LAUNCH-007,CL-SP-EXACT-cooling pillow cases king-Cooling|Pillowcase|King-CL-CLG-PC-WHITE-KING-2PCS,pending readback,AG-cooling pillow cases king,ad_group,create_ad_group,,,AG-cooling pillow cases king,none,default_bid=0.64,bulk_upload,"uploaded 2026-10-04, awaiting ID readback",2026-10-04,campaign,Ranking,LAUNCH TEST,clicks,increase,100,28,2026-11-01,deployed,"Phase-1 test on cooling pillow cases king (819 searches, King). Expected CPC $1.28 (Amazon suggested bid (median)); base bid $0.64, top of search +100%, fixed. 100 clicks over 28 days, CVR read by placement; stop at 0 orders after 50 clicks. Budget $5.00/day.",70
CL70-LAUNCH-007-M0036,CL70-LAUNCH-007,CL-SP-EXACT-cooling pillow cases king-Cooling|Pillowcase|King-CL-CLG-PC-WHITE-KING-2PCS,pending readback,AG-cooling pillow cases king,product_ad,create_product_ad,,,CL-CLG-PC-WHITE-KING-2PCS,none,enabled,bulk_upload,"uploaded 2026-10-04, awaiting ID readback",2026-10-04,campaign,Ranking,LAUNCH TEST,clicks,increase,100,28,2026-11-01,deployed,"Phase-1 test on cooling pillow cases king (819 searches, King). Expected CPC $1.28 (Amazon suggested bid (median)); base bid $0.64, top of search +100%, fixed. 100 clicks over 28 days, CVR read by placement; stop at 0 orders after 50 clicks. Budget $5.00/day.",70
CL70-LAUNCH-007-M0037,CL70-LAUNCH-007,CL-SP-EXACT-cooling pillow cases king-Cooling|Pillowcase|King-CL-CLG-PC-WHITE-KING-2PCS,pending readback,AG-cooling pillow cases king,keyword,create_keyword,,exact,cooling pillow cases king,none,bid=0.64; state=enabled,bulk_upload,"uploaded 2026-10-04, awaiting ID readback",2026-10-04,campaign,Ranking,LAUNCH TEST,clicks,increase,100,28,2026-11-01,deployed,"Phase-1 test on cooling pillow cases king (819 searches, King). Expected CPC $1.28 (Amazon suggested bid (median)); base bid $0.64, top of search +100%, fixed. 100 clicks over 28 days, CVR read by placement; stop at 0 orders after 50 clicks. Budget $5.00/day.",70
CL70-LAUNCH-008-M0038,CL70-LAUNCH-008,CL-SP-EXACT-cooling queen pillowcases set of 2-Cooling|Pillowcase|Queen-CL-CLG-PC-DARK-GREY-QUEEN-2PCS,pending readback,,campaign,create_campaign,,,CL-SP-EXACT-cooling queen pillowcases set of 2-Cooling|Pillowcase|Queen-CL-CLG-PC-DARK-GREY-QUEEN-2PCS,none,state=enabled; budget=9.43; strategy=Fixed bid; targeting=Manual; start=20261004,bulk_upload,"uploaded 2026-10-04, awaiting ID readback",2026-10-04,campaign,Ranking,LAUNCH TEST,clicks,increase,100,28,2026-11-01,deployed,"Phase-1 test on cooling queen pillowcases set of 2 (819 searches, Queen). Expected CPC $2.64 (Amazon suggested bid (median)); base bid $1.32, top of search +100%, fixed. 100 clicks over 28 days, CVR read by placement; stop at 0 orders after 50 clicks. Budget $9.43/day.",70
CL70-LAUNCH-008-M0039,CL70-LAUNCH-008,CL-SP-EXACT-cooling queen pillowcases set of 2-Cooling|Pillowcase|Queen-CL-CLG-PC-DARK-GREY-QUEEN-2PCS,pending readback,,campaign,placement_multiplier,top_of_search,,CL-SP-EXACT-cooling queen pillowcases set of 2-Cooling|Pillowcase|Queen-CL-CLG-PC-DARK-GREY-QUEEN-2PCS,0,100,bulk_upload,"uploaded 2026-10-04, awaiting ID readback",2026-10-04,campaign,Ranking,LAUNCH TEST,clicks,increase,100,28,2026-11-01,deployed,"Phase-1 test on cooling queen pillowcases set of 2 (819 searches, Queen). Expected CPC $2.64 (Amazon suggested bid (median)); base bid $1.32, top of search +100%, fixed. 100 clicks over 28 days, CVR read by placement; stop at 0 orders after 50 clicks. Budget $9.43/day.",70
CL70-LAUNCH-008-M0040,CL70-LAUNCH-008,CL-SP-EXACT-cooling queen pillowcases set of 2-Cooling|Pillowcase|Queen-CL-CLG-PC-DARK-GREY-QUEEN-2PCS,pending readback,AG-cooling queen pillowcases set of 2,ad_group,create_ad_group,,,AG-cooling queen pillowcases set of 2,none,default_bid=1.32,bulk_upload,"uploaded 2026-10-04, awaiting ID readback",2026-10-04,campaign,Ranking,LAUNCH TEST,clicks,increase,100,28,2026-11-01,deployed,"Phase-1 test on cooling queen pillowcases set of 2 (819 searches, Queen). Expected CPC $2.64 (Amazon suggested bid (median)); base bid $1.32, top of search +100%, fixed. 100 clicks over 28 days, CVR read by placement; stop at 0 orders after 50 clicks. Budget $9.43/day.",70
CL70-LAUNCH-008-M0041,CL70-LAUNCH-008,CL-SP-EXACT-cooling queen pillowcases set of 2-Cooling|Pillowcase|Queen-CL-CLG-PC-DARK-GREY-QUEEN-2PCS,pending readback,AG-cooling queen pillowcases set of 2,product_ad,create_product_ad,,,CL-CLG-PC-DARK-GREY-QUEEN-2PCS,none,enabled,bulk_upload,"uploaded 2026-10-04, awaiting ID readback",2026-10-04,campaign,Ranking,LAUNCH TEST,clicks,increase,100,28,2026-11-01,deployed,"Phase-1 test on cooling queen pillowcases set of 2 (819 searches, Queen). Expected CPC $2.64 (Amazon suggested bid (median)); base bid $1.32, top of search +100%, fixed. 100 clicks over 28 days, CVR read by placement; stop at 0 orders after 50 clicks. Budget $9.43/day.",70
CL70-LAUNCH-008-M0042,CL70-LAUNCH-008,CL-SP-EXACT-cooling queen pillowcases set of 2-Cooling|Pillowcase|Queen-CL-CLG-PC-DARK-GREY-QUEEN-2PCS,pending readback,AG-cooling queen pillowcases set of 2,keyword,create_keyword,,exact,cooling queen pillowcases set of 2,none,bid=1.32; state=enabled,bulk_upload,"uploaded 2026-10-04, awaiting ID readback",2026-10-04,campaign,Ranking,LAUNCH TEST,clicks,increase,100,28,2026-11-01,deployed,"Phase-1 test on cooling queen pillowcases set of 2 (819 searches, Queen). Expected CPC $2.64 (Amazon suggested bid (median)); base bid $1.32, top of search +100%, fixed. 100 clicks over 28 days, CVR read by placement; stop at 0 orders after 50 clicks. Budget $9.43/day.",70
CL70-LAUNCH-009-M0043,CL70-LAUNCH-009,CL-SP-EXACT-cooling pillow cases standard size-Cooling|Pillowcase|Standard-CL-CLG-PC-WHITE-STANDARD-2PCS,pending readback,,campaign,create_campaign,,,CL-SP-EXACT-cooling pillow cases standard size-Cooling|Pillowcase|Standard-CL-CLG-PC-WHITE-STANDARD-2PCS,none,state=enabled; budget=11.68; strategy=Fixed bid; targeting=Manual; start=20261004,bulk_upload,"uploaded 2026-10-04, awaiting ID readback",2026-10-04,campaign,Ranking,LAUNCH TEST,clicks,increase,100,28,2026-11-01,deployed,"Phase-1 test on cooling pillow cases standard size (545 searches, Standard). Expected CPC $3.27 (Sleephoria CPC times 1.59 launch premium); base bid $1.64, top of search +100%, fixed. 100 clicks over 28 days, CVR read by placement; stop at 0 orders after 50 clicks. Budget $11.68/day.",70
CL70-LAUNCH-009-M0044,CL70-LAUNCH-009,CL-SP-EXACT-cooling pillow cases standard size-Cooling|Pillowcase|Standard-CL-CLG-PC-WHITE-STANDARD-2PCS,pending readback,,campaign,placement_multiplier,top_of_search,,CL-SP-EXACT-cooling pillow cases standard size-Cooling|Pillowcase|Standard-CL-CLG-PC-WHITE-STANDARD-2PCS,0,100,bulk_upload,"uploaded 2026-10-04, awaiting ID readback",2026-10-04,campaign,Ranking,LAUNCH TEST,clicks,increase,100,28,2026-11-01,deployed,"Phase-1 test on cooling pillow cases standard size (545 searches, Standard). Expected CPC $3.27 (Sleephoria CPC times 1.59 launch premium); base bid $1.64, top of search +100%, fixed. 100 clicks over 28 days, CVR read by placement; stop at 0 orders after 50 clicks. Budget $11.68/day.",70
CL70-LAUNCH-009-M0045,CL70-LAUNCH-009,CL-SP-EXACT-cooling pillow cases standard size-Cooling|Pillowcase|Standard-CL-CLG-PC-WHITE-STANDARD-2PCS,pending readback,AG-cooling pillow cases standard size,ad_group,create_ad_group,,,AG-cooling pillow cases standard size,none,default_bid=1.64,bulk_upload,"uploaded 2026-10-04, awaiting ID readback",2026-10-04,campaign,Ranking,LAUNCH TEST,clicks,increase,100,28,2026-11-01,deployed,"Phase-1 test on cooling pillow cases standard size (545 searches, Standard). Expected CPC $3.27 (Sleephoria CPC times 1.59 launch premium); base bid $1.64, top of search +100%, fixed. 100 clicks over 28 days, CVR read by placement; stop at 0 orders after 50 clicks. Budget $11.68/day.",70
CL70-LAUNCH-009-M0046,CL70-LAUNCH-009,CL-SP-EXACT-cooling pillow cases standard size-Cooling|Pillowcase|Standard-CL-CLG-PC-WHITE-STANDARD-2PCS,pending readback,AG-cooling pillow cases standard size,product_ad,create_product_ad,,,CL-CLG-PC-WHITE-STANDARD-2PCS,none,enabled,bulk_upload,"uploaded 2026-10-04, awaiting ID readback",2026-10-04,campaign,Ranking,LAUNCH TEST,clicks,increase,100,28,2026-11-01,deployed,"Phase-1 test on cooling pillow cases standard size (545 searches, Standard). Expected CPC $3.27 (Sleephoria CPC times 1.59 launch premium); base bid $1.64, top of search +100%, fixed. 100 clicks over 28 days, CVR read by placement; stop at 0 orders after 50 clicks. Budget $11.68/day.",70
CL70-LAUNCH-009-M0047,CL70-LAUNCH-009,CL-SP-EXACT-cooling pillow cases standard size-Cooling|Pillowcase|Standard-CL-CLG-PC-WHITE-STANDARD-2PCS,pending readback,AG-cooling pillow cases standard size,keyword,create_keyword,,exact,cooling pillow cases standard size,none,bid=1.64; state=enabled,bulk_upload,"uploaded 2026-10-04, awaiting ID readback",2026-10-04,campaign,Ranking,LAUNCH TEST,clicks,increase,100,28,2026-11-01,deployed,"Phase-1 test on cooling pillow cases standard size (545 searches, Standard). Expected CPC $3.27 (Sleephoria CPC times 1.59 launch premium); base bid $1.64, top of search +100%, fixed. 100 clicks over 28 days, CVR read by placement; stop at 0 orders after 50 clicks. Budget $11.68/day.",70
CL70-LAUNCH-010-M0048,CL70-LAUNCH-010,CL-SP-EXACT-cooling pillowcases standard set of 2-Cooling|Pillowcase|Standard-CL-CLG-PC-WHITE-STANDARD-2PCS,pending readback,,campaign,create_campaign,,,CL-SP-EXACT-cooling pillowcases standard set of 2-Cooling|Pillowcase|Standard-CL-CLG-PC-WHITE-STANDARD-2PCS,none,state=enabled; budget=5; strategy=Fixed bid; targeting=Manual; start=20261004,bulk_upload,"uploaded 2026-10-04, awaiting ID readback",2026-10-04,campaign,Ranking,LAUNCH TEST,clicks,increase,100,28,2026-11-01,deployed,"Phase-1 test on cooling pillowcases standard set of 2 (433 searches, Standard). Expected CPC $1.31 (Amazon suggested bid (median)); base bid $0.66, top of search +100%, fixed. 100 clicks over 28 days, CVR read by placement; stop at 0 orders after 50 clicks. Budget $5.00/day.",70
CL70-LAUNCH-010-M0049,CL70-LAUNCH-010,CL-SP-EXACT-cooling pillowcases standard set of 2-Cooling|Pillowcase|Standard-CL-CLG-PC-WHITE-STANDARD-2PCS,pending readback,,campaign,placement_multiplier,top_of_search,,CL-SP-EXACT-cooling pillowcases standard set of 2-Cooling|Pillowcase|Standard-CL-CLG-PC-WHITE-STANDARD-2PCS,0,100,bulk_upload,"uploaded 2026-10-04, awaiting ID readback",2026-10-04,campaign,Ranking,LAUNCH TEST,clicks,increase,100,28,2026-11-01,deployed,"Phase-1 test on cooling pillowcases standard set of 2 (433 searches, Standard). Expected CPC $1.31 (Amazon suggested bid (median)); base bid $0.66, top of search +100%, fixed. 100 clicks over 28 days, CVR read by placement; stop at 0 orders after 50 clicks. Budget $5.00/day.",70
CL70-LAUNCH-010-M0050,CL70-LAUNCH-010,CL-SP-EXACT-cooling pillowcases standard set of 2-Cooling|Pillowcase|Standard-CL-CLG-PC-WHITE-STANDARD-2PCS,pending readback,AG-cooling pillowcases standard set of 2,ad_group,create_ad_group,,,AG-cooling pillowcases standard set of 2,none,default_bid=0.66,bulk_upload,"uploaded 2026-10-04, awaiting ID readback",2026-10-04,campaign,Ranking,LAUNCH TEST,clicks,increase,100,28,2026-11-01,deployed,"Phase-1 test on cooling pillowcases standard set of 2 (433 searches, Standard). Expected CPC $1.31 (Amazon suggested bid (median)); base bid $0.66, top of search +100%, fixed. 100 clicks over 28 days, CVR read by placement; stop at 0 orders after 50 clicks. Budget $5.00/day.",70
CL70-LAUNCH-010-M0051,CL70-LAUNCH-010,CL-SP-EXACT-cooling pillowcases standard set of 2-Cooling|Pillowcase|Standard-CL-CLG-PC-WHITE-STANDARD-2PCS,pending readback,AG-cooling pillowcases standard set of 2,product_ad,create_product_ad,,,CL-CLG-PC-WHITE-STANDARD-2PCS,none,enabled,bulk_upload,"uploaded 2026-10-04, awaiting ID readback",2026-10-04,campaign,Ranking,LAUNCH TEST,clicks,increase,100,28,2026-11-01,deployed,"Phase-1 test on cooling pillowcases standard set of 2 (433 searches, Standard). Expected CPC $1.31 (Amazon suggested bid (median)); base bid $0.66, top of search +100%, fixed. 100 clicks over 28 days, CVR read by placement; stop at 0 orders after 50 clicks. Budget $5.00/day.",70
CL70-LAUNCH-010-M0052,CL70-LAUNCH-010,CL-SP-EXACT-cooling pillowcases standard set of 2-Cooling|Pillowcase|Standard-CL-CLG-PC-WHITE-STANDARD-2PCS,pending readback,AG-cooling pillowcases standard set of 2,keyword,create_keyword,,exact,cooling pillowcases standard set of 2,none,bid=0.66; state=enabled,bulk_upload,"uploaded 2026-10-04, awaiting ID readback",2026-10-04,campaign,Ranking,LAUNCH TEST,clicks,increase,100,28,2026-11-01,deployed,"Phase-1 test on cooling pillowcases standard set of 2 (433 searches, Standard). Expected CPC $1.31 (Amazon suggested bid (median)); base bid $0.66, top of search +100%, fixed. 100 clicks over 28 days, CVR read by placement; stop at 0 orders after 50 clicks. Budget $5.00/day.",70
CL70-LAUNCH-011-M0053,CL70-LAUNCH-011,CL-SP-EXACT-coolinens brand-Brand-CL-CLG-PC-DARK-GREY-QUEEN-2PCS,pending readback,,campaign,create_campaign,,,CL-SP-EXACT-coolinens brand-Brand-CL-CLG-PC-DARK-GREY-QUEEN-2PCS,none,state=enabled; budget=5; strategy=Fixed bid; targeting=Manual; start=20261004,bulk_upload,"uploaded 2026-10-04, awaiting ID readback",2026-10-04,campaign,Defensive,DEFEND,clicks,increase,80,28,2026-11-01,deployed,"Branded exact on coolinens, coolinens pillowcase, coolinens cooling pillow cases at $0.50, $5/day. Target: at least 80% of brand-term clicks; competitor ads already show on our brand search.",70
CL70-LAUNCH-011-M0054,CL70-LAUNCH-011,CL-SP-EXACT-coolinens brand-Brand-CL-CLG-PC-DARK-GREY-QUEEN-2PCS,pending readback,AG-coolinens brand,ad_group,create_ad_group,,,AG-coolinens brand,none,default_bid=0.5,bulk_upload,"uploaded 2026-10-04, awaiting ID readback",2026-10-04,campaign,Defensive,DEFEND,clicks,increase,80,28,2026-11-01,deployed,"Branded exact on coolinens, coolinens pillowcase, coolinens cooling pillow cases at $0.50, $5/day. Target: at least 80% of brand-term clicks; competitor ads already show on our brand search.",70
CL70-LAUNCH-011-M0055,CL70-LAUNCH-011,CL-SP-EXACT-coolinens brand-Brand-CL-CLG-PC-DARK-GREY-QUEEN-2PCS,pending readback,AG-coolinens brand,product_ad,create_product_ad,,,CL-CLG-PC-DARK-GREY-QUEEN-2PCS,none,enabled,bulk_upload,"uploaded 2026-10-04, awaiting ID readback",2026-10-04,campaign,Defensive,DEFEND,clicks,increase,80,28,2026-11-01,deployed,"Branded exact on coolinens, coolinens pillowcase, coolinens cooling pillow cases at $0.50, $5/day. Target: at least 80% of brand-term clicks; competitor ads already show on our brand search.",70
CL70-LAUNCH-011-M0056,CL70-LAUNCH-011,CL-SP-EXACT-coolinens brand-Brand-CL-CLG-PC-DARK-GREY-QUEEN-2PCS,pending readback,AG-coolinens brand,product_ad,create_product_ad,,,CL-CLG-PC-WHITE-KING-2PCS,none,enabled,bulk_upload,"uploaded 2026-10-04, awaiting ID readback",2026-10-04,campaign,Defensive,DEFEND,clicks,increase,80,28,2026-11-01,deployed,"Branded exact on coolinens, coolinens pillowcase, coolinens cooling pillow cases at $0.50, $5/day. Target: at least 80% of brand-term clicks; competitor ads already show on our brand search.",70
CL70-LAUNCH-011-M0057,CL70-LAUNCH-011,CL-SP-EXACT-coolinens brand-Brand-CL-CLG-PC-DARK-GREY-QUEEN-2PCS,pending readback,AG-coolinens brand,product_ad,create_product_ad,,,CL-CLG-PC-WHITE-STANDARD-2PCS,none,enabled,bulk_upload,"uploaded 2026-10-04, awaiting ID readback",2026-10-04,campaign,Defensive,DEFEND,clicks,increase,80,28,2026-11-01,deployed,"Branded exact on coolinens, coolinens pillowcase, coolinens cooling pillow cases at $0.50, $5/day. Target: at least 80% of brand-term clicks; competitor ads already show on our brand search.",70
CL70-LAUNCH-011-M0058,CL70-LAUNCH-011,CL-SP-EXACT-coolinens brand-Brand-CL-CLG-PC-DARK-GREY-QUEEN-2PCS,pending readback,AG-coolinens brand,keyword,create_keyword,,exact,coolinens,none,bid=0.5; state=enabled,bulk_upload,"uploaded 2026-10-04, awaiting ID readback",2026-10-04,campaign,Defensive,DEFEND,clicks,increase,80,28,2026-11-01,deployed,"Branded exact on coolinens, coolinens pillowcase, coolinens cooling pillow cases at $0.50, $5/day. Target: at least 80% of brand-term clicks; competitor ads already show on our brand search.",70
CL70-LAUNCH-011-M0059,CL70-LAUNCH-011,CL-SP-EXACT-coolinens brand-Brand-CL-CLG-PC-DARK-GREY-QUEEN-2PCS,pending readback,AG-coolinens brand,keyword,create_keyword,,exact,coolinens pillowcase,none,bid=0.5; state=enabled,bulk_upload,"uploaded 2026-10-04, awaiting ID readback",2026-10-04,campaign,Defensive,DEFEND,clicks,increase,80,28,2026-11-01,deployed,"Branded exact on coolinens, coolinens pillowcase, coolinens cooling pillow cases at $0.50, $5/day. Target: at least 80% of brand-term clicks; competitor ads already show on our brand search.",70
CL70-LAUNCH-011-M0060,CL70-LAUNCH-011,CL-SP-EXACT-coolinens brand-Brand-CL-CLG-PC-DARK-GREY-QUEEN-2PCS,pending readback,AG-coolinens brand,keyword,create_keyword,,exact,coolinens cooling pillow cases,none,bid=0.5; state=enabled,bulk_upload,"uploaded 2026-10-04, awaiting ID readback",2026-10-04,campaign,Defensive,DEFEND,clicks,increase,80,28,2026-11-01,deployed,"Branded exact on coolinens, coolinens pillowcase, coolinens cooling pillow cases at $0.50, $5/day. Target: at least 80% of brand-term clicks; competitor ads already show on our brand search.",70
CL70-LAUNCH-012-M0061,CL70-LAUNCH-012,CL-SP-PAT-SelfTarget-CL-CLG-PC-DARK-GREY-QUEEN-2PCS,pending readback,,campaign,create_campaign,,,CL-SP-PAT-SelfTarget-CL-CLG-PC-DARK-GREY-QUEEN-2PCS,none,state=paused; budget=5; strategy=Fixed bid; targeting=Manual; start=20261004,bulk_upload,"uploaded 2026-10-04, awaiting ID readback",2026-10-04,campaign,Defensive,"DEFEND (PAUSED, DECISION 7)",clicks,increase,,28,2026-11-01,deployed,"Own-ASIN self-targeting on the 12 child ASINs at the $0.50 floor, $5/day. Created paused; enable when Decision 7 is approved, otherwise at Phase 2. Five competitor brands advertise on our Queen page (28 Sep).",70
CL70-LAUNCH-012-M0062,CL70-LAUNCH-012,CL-SP-PAT-SelfTarget-CL-CLG-PC-DARK-GREY-QUEEN-2PCS,pending readback,AG-own asins,ad_group,create_ad_group,,,AG-own asins,none,default_bid=0.5,bulk_upload,"uploaded 2026-10-04, awaiting ID readback",2026-10-04,campaign,Defensive,"DEFEND (PAUSED, DECISION 7)",clicks,increase,,28,2026-11-01,deployed,"Own-ASIN self-targeting on the 12 child ASINs at the $0.50 floor, $5/day. Created paused; enable when Decision 7 is approved, otherwise at Phase 2. Five competitor brands advertise on our Queen page (28 Sep).",70
CL70-LAUNCH-012-M0063,CL70-LAUNCH-012,CL-SP-PAT-SelfTarget-CL-CLG-PC-DARK-GREY-QUEEN-2PCS,pending readback,AG-own asins,product_ad,create_product_ad,,,CL-CLG-PC-DARK-GREY-QUEEN-2PCS,none,enabled,bulk_upload,"uploaded 2026-10-04, awaiting ID readback",2026-10-04,campaign,Defensive,"DEFEND (PAUSED, DECISION 7)",clicks,increase,,28,2026-11-01,deployed,"Own-ASIN self-targeting on the 12 child ASINs at the $0.50 floor, $5/day. Created paused; enable when Decision 7 is approved, otherwise at Phase 2. Five competitor brands advertise on our Queen page (28 Sep).",70
CL70-LAUNCH-012-M0064,CL70-LAUNCH-012,CL-SP-PAT-SelfTarget-CL-CLG-PC-DARK-GREY-QUEEN-2PCS,pending readback,AG-own asins,product_ad,create_product_ad,,,CL-CLG-PC-WHITE-KING-2PCS,none,enabled,bulk_upload,"uploaded 2026-10-04, awaiting ID readback",2026-10-04,campaign,Defensive,"DEFEND (PAUSED, DECISION 7)",clicks,increase,,28,2026-11-01,deployed,"Own-ASIN self-targeting on the 12 child ASINs at the $0.50 floor, $5/day. Created paused; enable when Decision 7 is approved, otherwise at Phase 2. Five competitor brands advertise on our Queen page (28 Sep).",70
CL70-LAUNCH-012-M0065,CL70-LAUNCH-012,CL-SP-PAT-SelfTarget-CL-CLG-PC-DARK-GREY-QUEEN-2PCS,pending readback,AG-own asins,product_ad,create_product_ad,,,CL-CLG-PC-WHITE-STANDARD-2PCS,none,enabled,bulk_upload,"uploaded 2026-10-04, awaiting ID readback",2026-10-04,campaign,Defensive,"DEFEND (PAUSED, DECISION 7)",clicks,increase,,28,2026-11-01,deployed,"Own-ASIN self-targeting on the 12 child ASINs at the $0.50 floor, $5/day. Created paused; enable when Decision 7 is approved, otherwise at Phase 2. Five competitor brands advertise on our Queen page (28 Sep).",70
CL70-LAUNCH-012-M0066,CL70-LAUNCH-012,CL-SP-PAT-SelfTarget-CL-CLG-PC-DARK-GREY-QUEEN-2PCS,pending readback,AG-own asins,target,create_target,,,"asin=""B0H5X3L7M3""",none,bid=0.5; state=enabled,bulk_upload,"uploaded 2026-10-04, awaiting ID readback",2026-10-04,campaign,Defensive,"DEFEND (PAUSED, DECISION 7)",clicks,increase,,28,2026-11-01,deployed,"Own-ASIN self-targeting on the 12 child ASINs at the $0.50 floor, $5/day. Created paused; enable when Decision 7 is approved, otherwise at Phase 2. Five competitor brands advertise on our Queen page (28 Sep).",70
CL70-LAUNCH-012-M0067,CL70-LAUNCH-012,CL-SP-PAT-SelfTarget-CL-CLG-PC-DARK-GREY-QUEEN-2PCS,pending readback,AG-own asins,target,create_target,,,"asin=""B0H5X91BWJ""",none,bid=0.5; state=enabled,bulk_upload,"uploaded 2026-10-04, awaiting ID readback",2026-10-04,campaign,Defensive,"DEFEND (PAUSED, DECISION 7)",clicks,increase,,28,2026-11-01,deployed,"Own-ASIN self-targeting on the 12 child ASINs at the $0.50 floor, $5/day. Created paused; enable when Decision 7 is approved, otherwise at Phase 2. Five competitor brands advertise on our Queen page (28 Sep).",70
CL70-LAUNCH-012-M0068,CL70-LAUNCH-012,CL-SP-PAT-SelfTarget-CL-CLG-PC-DARK-GREY-QUEEN-2PCS,pending readback,AG-own asins,target,create_target,,,"asin=""B0H5X6W132""",none,bid=0.5; state=enabled,bulk_upload,"uploaded 2026-10-04, awaiting ID readback",2026-10-04,campaign,Defensive,"DEFEND (PAUSED, DECISION 7)",clicks,increase,,28,2026-11-01,deployed,"Own-ASIN self-targeting on the 12 child ASINs at the $0.50 floor, $5/day. Created paused; enable when Decision 7 is approved, otherwise at Phase 2. Five competitor brands advertise on our Queen page (28 Sep).",70
CL70-LAUNCH-012-M0069,CL70-LAUNCH-012,CL-SP-PAT-SelfTarget-CL-CLG-PC-DARK-GREY-QUEEN-2PCS,pending readback,AG-own asins,target,create_target,,,"asin=""B0H5X4DPJP""",none,bid=0.5; state=enabled,bulk_upload,"uploaded 2026-10-04, awaiting ID readback",2026-10-04,campaign,Defensive,"DEFEND (PAUSED, DECISION 7)",clicks,increase,,28,2026-11-01,deployed,"Own-ASIN self-targeting on the 12 child ASINs at the $0.50 floor, $5/day. Created paused; enable when Decision 7 is approved, otherwise at Phase 2. Five competitor brands advertise on our Queen page (28 Sep).",70
CL70-LAUNCH-012-M0070,CL70-LAUNCH-012,CL-SP-PAT-SelfTarget-CL-CLG-PC-DARK-GREY-QUEEN-2PCS,pending readback,AG-own asins,target,create_target,,,"asin=""B0H5X5VGDP""",none,bid=0.5; state=enabled,bulk_upload,"uploaded 2026-10-04, awaiting ID readback",2026-10-04,campaign,Defensive,"DEFEND (PAUSED, DECISION 7)",clicks,increase,,28,2026-11-01,deployed,"Own-ASIN self-targeting on the 12 child ASINs at the $0.50 floor, $5/day. Created paused; enable when Decision 7 is approved, otherwise at Phase 2. Five competitor brands advertise on our Queen page (28 Sep).",70
CL70-LAUNCH-012-M0071,CL70-LAUNCH-012,CL-SP-PAT-SelfTarget-CL-CLG-PC-DARK-GREY-QUEEN-2PCS,pending readback,AG-own asins,target,create_target,,,"asin=""B0H5WV9RBQ""",none,bid=0.5; state=enabled,bulk_upload,"uploaded 2026-10-04, awaiting ID readback",2026-10-04,campaign,Defensive,"DEFEND (PAUSED, DECISION 7)",clicks,increase,,28,2026-11-01,deployed,"Own-ASIN self-targeting on the 12 child ASINs at the $0.50 floor, $5/day. Created paused; enable when Decision 7 is approved, otherwise at Phase 2. Five competitor brands advertise on our Queen page (28 Sep).",70
CL70-LAUNCH-012-M0072,CL70-LAUNCH-012,CL-SP-PAT-SelfTarget-CL-CLG-PC-DARK-GREY-QUEEN-2PCS,pending readback,AG-own asins,target,create_target,,,"asin=""B0H5WWMPNN""",none,bid=0.5; state=enabled,bulk_upload,"uploaded 2026-10-04, awaiting ID readback",2026-10-04,campaign,Defensive,"DEFEND (PAUSED, DECISION 7)",clicks,increase,,28,2026-11-01,deployed,"Own-ASIN self-targeting on the 12 child ASINs at the $0.50 floor, $5/day. Created paused; enable when Decision 7 is approved, otherwise at Phase 2. Five competitor brands advertise on our Queen page (28 Sep).",70
CL70-LAUNCH-012-M0073,CL70-LAUNCH-012,CL-SP-PAT-SelfTarget-CL-CLG-PC-DARK-GREY-QUEEN-2PCS,pending readback,AG-own asins,target,create_target,,,"asin=""B0H5WY7C39""",none,bid=0.5; state=enabled,bulk_upload,"uploaded 2026-10-04, awaiting ID readback",2026-10-04,campaign,Defensive,"DEFEND (PAUSED, DECISION 7)",clicks,increase,,28,2026-11-01,deployed,"Own-ASIN self-targeting on the 12 child ASINs at the $0.50 floor, $5/day. Created paused; enable when Decision 7 is approved, otherwise at Phase 2. Five competitor brands advertise on our Queen page (28 Sep).",70
CL70-LAUNCH-012-M0074,CL70-LAUNCH-012,CL-SP-PAT-SelfTarget-CL-CLG-PC-DARK-GREY-QUEEN-2PCS,pending readback,AG-own asins,target,create_target,,,"asin=""B0H5WYZTKX""",none,bid=0.5; state=enabled,bulk_upload,"uploaded 2026-10-04, awaiting ID readback",2026-10-04,campaign,Defensive,"DEFEND (PAUSED, DECISION 7)",clicks,increase,,28,2026-11-01,deployed,"Own-ASIN self-targeting on the 12 child ASINs at the $0.50 floor, $5/day. Created paused; enable when Decision 7 is approved, otherwise at Phase 2. Five competitor brands advertise on our Queen page (28 Sep).",70
CL70-LAUNCH-012-M0075,CL70-LAUNCH-012,CL-SP-PAT-SelfTarget-CL-CLG-PC-DARK-GREY-QUEEN-2PCS,pending readback,AG-own asins,target,create_target,,,"asin=""B0H5XBSQ71""",none,bid=0.5; state=enabled,bulk_upload,"uploaded 2026-10-04, awaiting ID readback",2026-10-04,campaign,Defensive,"DEFEND (PAUSED, DECISION 7)",clicks,increase,,28,2026-11-01,deployed,"Own-ASIN self-targeting on the 12 child ASINs at the $0.50 floor, $5/day. Created paused; enable when Decision 7 is approved, otherwise at Phase 2. Five competitor brands advertise on our Queen page (28 Sep).",70
CL70-LAUNCH-012-M0076,CL70-LAUNCH-012,CL-SP-PAT-SelfTarget-CL-CLG-PC-DARK-GREY-QUEEN-2PCS,pending readback,AG-own asins,target,create_target,,,"asin=""B0H5WWD96B""",none,bid=0.5; state=enabled,bulk_upload,"uploaded 2026-10-04, awaiting ID readback",2026-10-04,campaign,Defensive,"DEFEND (PAUSED, DECISION 7)",clicks,increase,,28,2026-11-01,deployed,"Own-ASIN self-targeting on the 12 child ASINs at the $0.50 floor, $5/day. Created paused; enable when Decision 7 is approved, otherwise at Phase 2. Five competitor brands advertise on our Queen page (28 Sep).",70
CL70-LAUNCH-012-M0077,CL70-LAUNCH-012,CL-SP-PAT-SelfTarget-CL-CLG-PC-DARK-GREY-QUEEN-2PCS,pending readback,AG-own asins,target,create_target,,,"asin=""B0H5WQT8YF""",none,bid=0.5; state=enabled,bulk_upload,"uploaded 2026-10-04, awaiting ID readback",2026-10-04,campaign,Defensive,"DEFEND (PAUSED, DECISION 7)",clicks,increase,,28,2026-11-01,deployed,"Own-ASIN self-targeting on the 12 child ASINs at the $0.50 floor, $5/day. Created paused; enable when Decision 7 is approved, otherwise at Phase 2. Five competitor brands advertise on our Queen page (28 Sep).",70
CL70-LAUNCH-013-M0078,CL70-LAUNCH-013,Campaign - 9/14/2026 22:00:27.903,91788349232467,,campaign,state,,,Campaign - 9/14/2026 22:00:27.903,paused,paused,bulk_upload,"uploaded 2026-10-04, awaiting ID readback",2026-10-04,campaign,None,HOLD,none,hold,0,0,,deployed,"Keep the stray campaign of 14 Sep paused: its 37 exact keywords overlap the launch tests (including cold pillow case), so it must not bid against them.",70
CL70-LAUNCH-014-M0079,CL70-LAUNCH-014,CL-SP-EXACT-cooling pillowcase-Cooling|Pillowcase|Core-CL-CLG-PC-DARK-GREY-QUEEN-2PCS,pending readback,,campaign,create_campaign,,,CL-SP-EXACT-cooling pillowcase-Cooling|Pillowcase|Core-CL-CLG-PC-DARK-GREY-QUEEN-2PCS,none,state=enabled; budget=10.32; strategy=Fixed bid; targeting=Manual; start=20261004,bulk_upload,"uploaded 2026-10-04, awaiting ID readback",2026-10-04,campaign,Ranking,LAUNCH TEST,clicks,increase,100,28,2026-11-01,deployed,"Exact on cooling pillowcase (2,315 searches), word-order variant or untested intent with 500+ searches, at test pace. Expected CPC $2.89 (Amazon suggested bid (median)); base bid $1.45, top of search +100%, fixed. 100 clicks over 28 days. Budget $10.32/day. Walls out cooling pillow cases (negative exact).",70
CL70-LAUNCH-014-M0080,CL70-LAUNCH-014,CL-SP-EXACT-cooling pillowcase-Cooling|Pillowcase|Core-CL-CLG-PC-DARK-GREY-QUEEN-2PCS,pending readback,,campaign,placement_multiplier,top_of_search,,CL-SP-EXACT-cooling pillowcase-Cooling|Pillowcase|Core-CL-CLG-PC-DARK-GREY-QUEEN-2PCS,0,100,bulk_upload,"uploaded 2026-10-04, awaiting ID readback",2026-10-04,campaign,Ranking,LAUNCH TEST,clicks,increase,100,28,2026-11-01,deployed,"Exact on cooling pillowcase (2,315 searches), word-order variant or untested intent with 500+ searches, at test pace. Expected CPC $2.89 (Amazon suggested bid (median)); base bid $1.45, top of search +100%, fixed. 100 clicks over 28 days. Budget $10.32/day. Walls out cooling pillow cases (negative exact).",70
CL70-LAUNCH-014-M0081,CL70-LAUNCH-014,CL-SP-EXACT-cooling pillowcase-Cooling|Pillowcase|Core-CL-CLG-PC-DARK-GREY-QUEEN-2PCS,pending readback,AG-cooling pillowcase,ad_group,create_ad_group,,,AG-cooling pillowcase,none,default_bid=1.45,bulk_upload,"uploaded 2026-10-04, awaiting ID readback",2026-10-04,campaign,Ranking,LAUNCH TEST,clicks,increase,100,28,2026-11-01,deployed,"Exact on cooling pillowcase (2,315 searches), word-order variant or untested intent with 500+ searches, at test pace. Expected CPC $2.89 (Amazon suggested bid (median)); base bid $1.45, top of search +100%, fixed. 100 clicks over 28 days. Budget $10.32/day. Walls out cooling pillow cases (negative exact).",70
CL70-LAUNCH-014-M0082,CL70-LAUNCH-014,CL-SP-EXACT-cooling pillowcase-Cooling|Pillowcase|Core-CL-CLG-PC-DARK-GREY-QUEEN-2PCS,pending readback,AG-cooling pillowcase,product_ad,create_product_ad,,,CL-CLG-PC-DARK-GREY-QUEEN-2PCS,none,enabled,bulk_upload,"uploaded 2026-10-04, awaiting ID readback",2026-10-04,campaign,Ranking,LAUNCH TEST,clicks,increase,100,28,2026-11-01,deployed,"Exact on cooling pillowcase (2,315 searches), word-order variant or untested intent with 500+ searches, at test pace. Expected CPC $2.89 (Amazon suggested bid (median)); base bid $1.45, top of search +100%, fixed. 100 clicks over 28 days. Budget $10.32/day. Walls out cooling pillow cases (negative exact).",70
CL70-LAUNCH-014-M0083,CL70-LAUNCH-014,CL-SP-EXACT-cooling pillowcase-Cooling|Pillowcase|Core-CL-CLG-PC-DARK-GREY-QUEEN-2PCS,pending readback,AG-cooling pillowcase,keyword,create_keyword,,exact,cooling pillowcase,none,bid=1.45; state=enabled,bulk_upload,"uploaded 2026-10-04, awaiting ID readback",2026-10-04,campaign,Ranking,LAUNCH TEST,clicks,increase,100,28,2026-11-01,deployed,"Exact on cooling pillowcase (2,315 searches), word-order variant or untested intent with 500+ searches, at test pace. Expected CPC $2.89 (Amazon suggested bid (median)); base bid $1.45, top of search +100%, fixed. 100 clicks over 28 days. Budget $10.32/day. Walls out cooling pillow cases (negative exact).",70
CL70-LAUNCH-014-M0084,CL70-LAUNCH-014,CL-SP-EXACT-cooling pillowcase-Cooling|Pillowcase|Core-CL-CLG-PC-DARK-GREY-QUEEN-2PCS,pending readback,,campaign_negative_keyword,create_negative,,negativeExact,cooling pillow cases,none,enabled,bulk_upload,"uploaded 2026-10-04, awaiting ID readback",2026-10-04,campaign,Ranking,LAUNCH TEST,clicks,increase,100,28,2026-11-01,deployed,"Exact on cooling pillowcase (2,315 searches), word-order variant or untested intent with 500+ searches, at test pace. Expected CPC $2.89 (Amazon suggested bid (median)); base bid $1.45, top of search +100%, fixed. 100 clicks over 28 days. Budget $10.32/day. Walls out cooling pillow cases (negative exact).",70
CL70-LAUNCH-015-M0085,CL70-LAUNCH-015,CL-SP-EXACT-cooling pillowcases for hot sleepers-Cooling|Pillowcase|HotSleeper-CL-CLG-PC-DARK-GREY-QUEEN-2PCS,pending readback,,campaign,create_campaign,,,CL-SP-EXACT-cooling pillowcases for hot sleepers-Cooling|Pillowcase|HotSleeper-CL-CLG-PC-DARK-GREY-QUEEN-2PCS,none,state=enabled; budget=5.14; strategy=Fixed bid; targeting=Manual; start=20261004,bulk_upload,"uploaded 2026-10-04, awaiting ID readback",2026-10-04,campaign,Ranking,LAUNCH TEST,clicks,increase,100,28,2026-11-01,deployed,"Exact on cooling pillowcases for hot sleepers (1,023 searches), word-order variant or untested intent with 500+ searches, at test pace. Expected CPC $1.44 (Amazon suggested bid (median)); base bid $0.72, top of search +100%, fixed. 100 clicks over 28 days. Budget $5.14/day. Walls out cooling pillow cases for hot sleepers (negative exact).",70
CL70-LAUNCH-015-M0086,CL70-LAUNCH-015,CL-SP-EXACT-cooling pillowcases for hot sleepers-Cooling|Pillowcase|HotSleeper-CL-CLG-PC-DARK-GREY-QUEEN-2PCS,pending readback,,campaign,placement_multiplier,top_of_search,,CL-SP-EXACT-cooling pillowcases for hot sleepers-Cooling|Pillowcase|HotSleeper-CL-CLG-PC-DARK-GREY-QUEEN-2PCS,0,100,bulk_upload,"uploaded 2026-10-04, awaiting ID readback",2026-10-04,campaign,Ranking,LAUNCH TEST,clicks,increase,100,28,2026-11-01,deployed,"Exact on cooling pillowcases for hot sleepers (1,023 searches), word-order variant or untested intent with 500+ searches, at test pace. Expected CPC $1.44 (Amazon suggested bid (median)); base bid $0.72, top of search +100%, fixed. 100 clicks over 28 days. Budget $5.14/day. Walls out cooling pillow cases for hot sleepers (negative exact).",70
CL70-LAUNCH-015-M0087,CL70-LAUNCH-015,CL-SP-EXACT-cooling pillowcases for hot sleepers-Cooling|Pillowcase|HotSleeper-CL-CLG-PC-DARK-GREY-QUEEN-2PCS,pending readback,AG-cooling pillowcases for hot sleepers,ad_group,create_ad_group,,,AG-cooling pillowcases for hot sleepers,none,default_bid=0.72,bulk_upload,"uploaded 2026-10-04, awaiting ID readback",2026-10-04,campaign,Ranking,LAUNCH TEST,clicks,increase,100,28,2026-11-01,deployed,"Exact on cooling pillowcases for hot sleepers (1,023 searches), word-order variant or untested intent with 500+ searches, at test pace. Expected CPC $1.44 (Amazon suggested bid (median)); base bid $0.72, top of search +100%, fixed. 100 clicks over 28 days. Budget $5.14/day. Walls out cooling pillow cases for hot sleepers (negative exact).",70
CL70-LAUNCH-015-M0088,CL70-LAUNCH-015,CL-SP-EXACT-cooling pillowcases for hot sleepers-Cooling|Pillowcase|HotSleeper-CL-CLG-PC-DARK-GREY-QUEEN-2PCS,pending readback,AG-cooling pillowcases for hot sleepers,product_ad,create_product_ad,,,CL-CLG-PC-DARK-GREY-QUEEN-2PCS,none,enabled,bulk_upload,"uploaded 2026-10-04, awaiting ID readback",2026-10-04,campaign,Ranking,LAUNCH TEST,clicks,increase,100,28,2026-11-01,deployed,"Exact on cooling pillowcases for hot sleepers (1,023 searches), word-order variant or untested intent with 500+ searches, at test pace. Expected CPC $1.44 (Amazon suggested bid (median)); base bid $0.72, top of search +100%, fixed. 100 clicks over 28 days. Budget $5.14/day. Walls out cooling pillow cases for hot sleepers (negative exact).",70
CL70-LAUNCH-015-M0089,CL70-LAUNCH-015,CL-SP-EXACT-cooling pillowcases for hot sleepers-Cooling|Pillowcase|HotSleeper-CL-CLG-PC-DARK-GREY-QUEEN-2PCS,pending readback,AG-cooling pillowcases for hot sleepers,keyword,create_keyword,,exact,cooling pillowcases for hot sleepers,none,bid=0.72; state=enabled,bulk_upload,"uploaded 2026-10-04, awaiting ID readback",2026-10-04,campaign,Ranking,LAUNCH TEST,clicks,increase,100,28,2026-11-01,deployed,"Exact on cooling pillowcases for hot sleepers (1,023 searches), word-order variant or untested intent with 500+ searches, at test pace. Expected CPC $1.44 (Amazon suggested bid (median)); base bid $0.72, top of search +100%, fixed. 100 clicks over 28 days. Budget $5.14/day. Walls out cooling pillow cases for hot sleepers (negative exact).",70
CL70-LAUNCH-015-M0090,CL70-LAUNCH-015,CL-SP-EXACT-cooling pillowcases for hot sleepers-Cooling|Pillowcase|HotSleeper-CL-CLG-PC-DARK-GREY-QUEEN-2PCS,pending readback,,campaign_negative_keyword,create_negative,,negativeExact,cooling pillow cases for hot sleepers,none,enabled,bulk_upload,"uploaded 2026-10-04, awaiting ID readback",2026-10-04,campaign,Ranking,LAUNCH TEST,clicks,increase,100,28,2026-11-01,deployed,"Exact on cooling pillowcases for hot sleepers (1,023 searches), word-order variant or untested intent with 500+ searches, at test pace. Expected CPC $1.44 (Amazon suggested bid (median)); base bid $0.72, top of search +100%, fixed. 100 clicks over 28 days. Budget $5.14/day. Walls out cooling pillow cases for hot sleepers (negative exact).",70
CL70-LAUNCH-016-M0091,CL70-LAUNCH-016,CL-SP-EXACT-cooling pillow cover-Cooling|Pillowcase|Core-CL-CLG-PC-DARK-GREY-QUEEN-2PCS,pending readback,,campaign,create_campaign,,,CL-SP-EXACT-cooling pillow cover-Cooling|Pillowcase|Core-CL-CLG-PC-DARK-GREY-QUEEN-2PCS,none,state=enabled; budget=12.25; strategy=Fixed bid; targeting=Manual; start=20261004,bulk_upload,"uploaded 2026-10-04, awaiting ID readback",2026-10-04,campaign,Ranking,LAUNCH TEST,clicks,increase,100,28,2026-11-01,deployed,"Exact on cooling pillow cover (924 searches), word-order variant or untested intent with 500+ searches, at test pace. Expected CPC $3.43 (Amazon suggested bid (median)); base bid $1.72, top of search +100%, fixed. 100 clicks over 28 days. Budget $12.25/day.",70
CL70-LAUNCH-016-M0092,CL70-LAUNCH-016,CL-SP-EXACT-cooling pillow cover-Cooling|Pillowcase|Core-CL-CLG-PC-DARK-GREY-QUEEN-2PCS,pending readback,,campaign,placement_multiplier,top_of_search,,CL-SP-EXACT-cooling pillow cover-Cooling|Pillowcase|Core-CL-CLG-PC-DARK-GREY-QUEEN-2PCS,0,100,bulk_upload,"uploaded 2026-10-04, awaiting ID readback",2026-10-04,campaign,Ranking,LAUNCH TEST,clicks,increase,100,28,2026-11-01,deployed,"Exact on cooling pillow cover (924 searches), word-order variant or untested intent with 500+ searches, at test pace. Expected CPC $3.43 (Amazon suggested bid (median)); base bid $1.72, top of search +100%, fixed. 100 clicks over 28 days. Budget $12.25/day.",70
CL70-LAUNCH-016-M0093,CL70-LAUNCH-016,CL-SP-EXACT-cooling pillow cover-Cooling|Pillowcase|Core-CL-CLG-PC-DARK-GREY-QUEEN-2PCS,pending readback,AG-cooling pillow cover,ad_group,create_ad_group,,,AG-cooling pillow cover,none,default_bid=1.72,bulk_upload,"uploaded 2026-10-04, awaiting ID readback",2026-10-04,campaign,Ranking,LAUNCH TEST,clicks,increase,100,28,2026-11-01,deployed,"Exact on cooling pillow cover (924 searches), word-order variant or untested intent with 500+ searches, at test pace. Expected CPC $3.43 (Amazon suggested bid (median)); base bid $1.72, top of search +100%, fixed. 100 clicks over 28 days. Budget $12.25/day.",70
CL70-LAUNCH-016-M0094,CL70-LAUNCH-016,CL-SP-EXACT-cooling pillow cover-Cooling|Pillowcase|Core-CL-CLG-PC-DARK-GREY-QUEEN-2PCS,pending readback,AG-cooling pillow cover,product_ad,create_product_ad,,,CL-CLG-PC-DARK-GREY-QUEEN-2PCS,none,enabled,bulk_upload,"uploaded 2026-10-04, awaiting ID readback",2026-10-04,campaign,Ranking,LAUNCH TEST,clicks,increase,100,28,2026-11-01,deployed,"Exact on cooling pillow cover (924 searches), word-order variant or untested intent with 500+ searches, at test pace. Expected CPC $3.43 (Amazon suggested bid (median)); base bid $1.72, top of search +100%, fixed. 100 clicks over 28 days. Budget $12.25/day.",70
CL70-LAUNCH-016-M0095,CL70-LAUNCH-016,CL-SP-EXACT-cooling pillow cover-Cooling|Pillowcase|Core-CL-CLG-PC-DARK-GREY-QUEEN-2PCS,pending readback,AG-cooling pillow cover,keyword,create_keyword,,exact,cooling pillow cover,none,bid=1.72; state=enabled,bulk_upload,"uploaded 2026-10-04, awaiting ID readback",2026-10-04,campaign,Ranking,LAUNCH TEST,clicks,increase,100,28,2026-11-01,deployed,"Exact on cooling pillow cover (924 searches), word-order variant or untested intent with 500+ searches, at test pace. Expected CPC $3.43 (Amazon suggested bid (median)); base bid $1.72, top of search +100%, fixed. 100 clicks over 28 days. Budget $12.25/day.",70
CL70-LAUNCH-017-M0096,CL70-LAUNCH-017,CL-SP-EXACT-ice fabric cooling pillowcases-Cooling|Pillowcase|Core-CL-CLG-PC-DARK-GREY-QUEEN-2PCS,pending readback,,campaign,create_campaign,,,CL-SP-EXACT-ice fabric cooling pillowcases-Cooling|Pillowcase|Core-CL-CLG-PC-DARK-GREY-QUEEN-2PCS,none,state=enabled; budget=5; strategy=Fixed bid; targeting=Manual; start=20261004,bulk_upload,"uploaded 2026-10-04, awaiting ID readback",2026-10-04,campaign,Ranking,LAUNCH TEST,clicks,increase,100,28,2026-11-01,deployed,"Exact on ice fabric cooling pillowcases (690 searches), word-order variant or untested intent with 500+ searches, at test pace. Expected CPC $1.13 (Amazon suggested bid (median)); base bid $0.56, top of search +100%, fixed. 100 clicks over 28 days. Budget $5.00/day.",70
CL70-LAUNCH-017-M0097,CL70-LAUNCH-017,CL-SP-EXACT-ice fabric cooling pillowcases-Cooling|Pillowcase|Core-CL-CLG-PC-DARK-GREY-QUEEN-2PCS,pending readback,,campaign,placement_multiplier,top_of_search,,CL-SP-EXACT-ice fabric cooling pillowcases-Cooling|Pillowcase|Core-CL-CLG-PC-DARK-GREY-QUEEN-2PCS,0,100,bulk_upload,"uploaded 2026-10-04, awaiting ID readback",2026-10-04,campaign,Ranking,LAUNCH TEST,clicks,increase,100,28,2026-11-01,deployed,"Exact on ice fabric cooling pillowcases (690 searches), word-order variant or untested intent with 500+ searches, at test pace. Expected CPC $1.13 (Amazon suggested bid (median)); base bid $0.56, top of search +100%, fixed. 100 clicks over 28 days. Budget $5.00/day.",70
CL70-LAUNCH-017-M0098,CL70-LAUNCH-017,CL-SP-EXACT-ice fabric cooling pillowcases-Cooling|Pillowcase|Core-CL-CLG-PC-DARK-GREY-QUEEN-2PCS,pending readback,AG-ice fabric cooling pillowcases,ad_group,create_ad_group,,,AG-ice fabric cooling pillowcases,none,default_bid=0.56,bulk_upload,"uploaded 2026-10-04, awaiting ID readback",2026-10-04,campaign,Ranking,LAUNCH TEST,clicks,increase,100,28,2026-11-01,deployed,"Exact on ice fabric cooling pillowcases (690 searches), word-order variant or untested intent with 500+ searches, at test pace. Expected CPC $1.13 (Amazon suggested bid (median)); base bid $0.56, top of search +100%, fixed. 100 clicks over 28 days. Budget $5.00/day.",70
CL70-LAUNCH-017-M0099,CL70-LAUNCH-017,CL-SP-EXACT-ice fabric cooling pillowcases-Cooling|Pillowcase|Core-CL-CLG-PC-DARK-GREY-QUEEN-2PCS,pending readback,AG-ice fabric cooling pillowcases,product_ad,create_product_ad,,,CL-CLG-PC-DARK-GREY-QUEEN-2PCS,none,enabled,bulk_upload,"uploaded 2026-10-04, awaiting ID readback",2026-10-04,campaign,Ranking,LAUNCH TEST,clicks,increase,100,28,2026-11-01,deployed,"Exact on ice fabric cooling pillowcases (690 searches), word-order variant or untested intent with 500+ searches, at test pace. Expected CPC $1.13 (Amazon suggested bid (median)); base bid $0.56, top of search +100%, fixed. 100 clicks over 28 days. Budget $5.00/day.",70
CL70-LAUNCH-017-M0100,CL70-LAUNCH-017,CL-SP-EXACT-ice fabric cooling pillowcases-Cooling|Pillowcase|Core-CL-CLG-PC-DARK-GREY-QUEEN-2PCS,pending readback,AG-ice fabric cooling pillowcases,keyword,create_keyword,,exact,ice fabric cooling pillowcases,none,bid=0.56; state=enabled,bulk_upload,"uploaded 2026-10-04, awaiting ID readback",2026-10-04,campaign,Ranking,LAUNCH TEST,clicks,increase,100,28,2026-11-01,deployed,"Exact on ice fabric cooling pillowcases (690 searches), word-order variant or untested intent with 500+ searches, at test pace. Expected CPC $1.13 (Amazon suggested bid (median)); base bid $0.56, top of search +100%, fixed. 100 clicks over 28 days. Budget $5.00/day.",70
CL70-LAUNCH-018-M0101,CL70-LAUNCH-018,CL-SP-EXACT-pillow case cooling-Cooling|Pillowcase|Core-CL-CLG-PC-DARK-GREY-QUEEN-2PCS,pending readback,,campaign,create_campaign,,,CL-SP-EXACT-pillow case cooling-Cooling|Pillowcase|Core-CL-CLG-PC-DARK-GREY-QUEEN-2PCS,none,state=enabled; budget=11.89; strategy=Fixed bid; targeting=Manual; start=20261004,bulk_upload,"uploaded 2026-10-04, awaiting ID readback",2026-10-04,campaign,Ranking,LAUNCH TEST,clicks,increase,100,28,2026-11-01,deployed,"Exact on pillow case cooling (662 searches), word-order variant or untested intent with 500+ searches, at test pace. Expected CPC $3.33 (Sleephoria CPC times 1.59 launch premium); base bid $1.67, top of search +100%, fixed. 100 clicks over 28 days. Budget $11.89/day. Walls out cooling pillow cases (negative exact).",70
CL70-LAUNCH-018-M0102,CL70-LAUNCH-018,CL-SP-EXACT-pillow case cooling-Cooling|Pillowcase|Core-CL-CLG-PC-DARK-GREY-QUEEN-2PCS,pending readback,,campaign,placement_multiplier,top_of_search,,CL-SP-EXACT-pillow case cooling-Cooling|Pillowcase|Core-CL-CLG-PC-DARK-GREY-QUEEN-2PCS,0,100,bulk_upload,"uploaded 2026-10-04, awaiting ID readback",2026-10-04,campaign,Ranking,LAUNCH TEST,clicks,increase,100,28,2026-11-01,deployed,"Exact on pillow case cooling (662 searches), word-order variant or untested intent with 500+ searches, at test pace. Expected CPC $3.33 (Sleephoria CPC times 1.59 launch premium); base bid $1.67, top of search +100%, fixed. 100 clicks over 28 days. Budget $11.89/day. Walls out cooling pillow cases (negative exact).",70
CL70-LAUNCH-018-M0103,CL70-LAUNCH-018,CL-SP-EXACT-pillow case cooling-Cooling|Pillowcase|Core-CL-CLG-PC-DARK-GREY-QUEEN-2PCS,pending readback,AG-pillow case cooling,ad_group,create_ad_group,,,AG-pillow case cooling,none,default_bid=1.67,bulk_upload,"uploaded 2026-10-04, awaiting ID readback",2026-10-04,campaign,Ranking,LAUNCH TEST,clicks,increase,100,28,2026-11-01,deployed,"Exact on pillow case cooling (662 searches), word-order variant or untested intent with 500+ searches, at test pace. Expected CPC $3.33 (Sleephoria CPC times 1.59 launch premium); base bid $1.67, top of search +100%, fixed. 100 clicks over 28 days. Budget $11.89/day. Walls out cooling pillow cases (negative exact).",70
CL70-LAUNCH-018-M0104,CL70-LAUNCH-018,CL-SP-EXACT-pillow case cooling-Cooling|Pillowcase|Core-CL-CLG-PC-DARK-GREY-QUEEN-2PCS,pending readback,AG-pillow case cooling,product_ad,create_product_ad,,,CL-CLG-PC-DARK-GREY-QUEEN-2PCS,none,enabled,bulk_upload,"uploaded 2026-10-04, awaiting ID readback",2026-10-04,campaign,Ranking,LAUNCH TEST,clicks,increase,100,28,2026-11-01,deployed,"Exact on pillow case cooling (662 searches), word-order variant or untested intent with 500+ searches, at test pace. Expected CPC $3.33 (Sleephoria CPC times 1.59 launch premium); base bid $1.67, top of search +100%, fixed. 100 clicks over 28 days. Budget $11.89/day. Walls out cooling pillow cases (negative exact).",70
CL70-LAUNCH-018-M0105,CL70-LAUNCH-018,CL-SP-EXACT-pillow case cooling-Cooling|Pillowcase|Core-CL-CLG-PC-DARK-GREY-QUEEN-2PCS,pending readback,AG-pillow case cooling,keyword,create_keyword,,exact,pillow case cooling,none,bid=1.67; state=enabled,bulk_upload,"uploaded 2026-10-04, awaiting ID readback",2026-10-04,campaign,Ranking,LAUNCH TEST,clicks,increase,100,28,2026-11-01,deployed,"Exact on pillow case cooling (662 searches), word-order variant or untested intent with 500+ searches, at test pace. Expected CPC $3.33 (Sleephoria CPC times 1.59 launch premium); base bid $1.67, top of search +100%, fixed. 100 clicks over 28 days. Budget $11.89/day. Walls out cooling pillow cases (negative exact).",70
CL70-LAUNCH-018-M0106,CL70-LAUNCH-018,CL-SP-EXACT-pillow case cooling-Cooling|Pillowcase|Core-CL-CLG-PC-DARK-GREY-QUEEN-2PCS,pending readback,,campaign_negative_keyword,create_negative,,negativeExact,cooling pillow cases,none,enabled,bulk_upload,"uploaded 2026-10-04, awaiting ID readback",2026-10-04,campaign,Ranking,LAUNCH TEST,clicks,increase,100,28,2026-11-01,deployed,"Exact on pillow case cooling (662 searches), word-order variant or untested intent with 500+ searches, at test pace. Expected CPC $3.33 (Sleephoria CPC times 1.59 launch premium); base bid $1.67, top of search +100%, fixed. 100 clicks over 28 days. Budget $11.89/day. Walls out cooling pillow cases (negative exact).",70
CL70-LAUNCH-019-M0107,CL70-LAUNCH-019,CL-SP-EXACT-king size cooling pillow case-Cooling|Pillowcase|King-CL-CLG-PC-WHITE-KING-2PCS,pending readback,,campaign,create_campaign,,,CL-SP-EXACT-king size cooling pillow case-Cooling|Pillowcase|King-CL-CLG-PC-WHITE-KING-2PCS,none,state=enabled; budget=9.29; strategy=Fixed bid; targeting=Manual; start=20261004,bulk_upload,"uploaded 2026-10-04, awaiting ID readback",2026-10-04,campaign,Ranking,LAUNCH TEST,clicks,increase,100,28,2026-11-01,deployed,"Exact on king size cooling pillow case (654 searches), word-order variant or untested intent with 500+ searches, at test pace. Expected CPC $2.60 (Amazon suggested bid (median)); base bid $1.30, top of search +100%, fixed. 100 clicks over 28 days. Budget $9.29/day. Walls out cooling pillow cases king (negative exact).",70
CL70-LAUNCH-019-M0108,CL70-LAUNCH-019,CL-SP-EXACT-king size cooling pillow case-Cooling|Pillowcase|King-CL-CLG-PC-WHITE-KING-2PCS,pending readback,,campaign,placement_multiplier,top_of_search,,CL-SP-EXACT-king size cooling pillow case-Cooling|Pillowcase|King-CL-CLG-PC-WHITE-KING-2PCS,0,100,bulk_upload,"uploaded 2026-10-04, awaiting ID readback",2026-10-04,campaign,Ranking,LAUNCH TEST,clicks,increase,100,28,2026-11-01,deployed,"Exact on king size cooling pillow case (654 searches), word-order variant or untested intent with 500+ searches, at test pace. Expected CPC $2.60 (Amazon suggested bid (median)); base bid $1.30, top of search +100%, fixed. 100 clicks over 28 days. Budget $9.29/day. Walls out cooling pillow cases king (negative exact).",70
CL70-LAUNCH-019-M0109,CL70-LAUNCH-019,CL-SP-EXACT-king size cooling pillow case-Cooling|Pillowcase|King-CL-CLG-PC-WHITE-KING-2PCS,pending readback,AG-king size cooling pillow case,ad_group,create_ad_group,,,AG-king size cooling pillow case,none,default_bid=1.3,bulk_upload,"uploaded 2026-10-04, awaiting ID readback",2026-10-04,campaign,Ranking,LAUNCH TEST,clicks,increase,100,28,2026-11-01,deployed,"Exact on king size cooling pillow case (654 searches), word-order variant or untested intent with 500+ searches, at test pace. Expected CPC $2.60 (Amazon suggested bid (median)); base bid $1.30, top of search +100%, fixed. 100 clicks over 28 days. Budget $9.29/day. Walls out cooling pillow cases king (negative exact).",70
CL70-LAUNCH-019-M0110,CL70-LAUNCH-019,CL-SP-EXACT-king size cooling pillow case-Cooling|Pillowcase|King-CL-CLG-PC-WHITE-KING-2PCS,pending readback,AG-king size cooling pillow case,product_ad,create_product_ad,,,CL-CLG-PC-WHITE-KING-2PCS,none,enabled,bulk_upload,"uploaded 2026-10-04, awaiting ID readback",2026-10-04,campaign,Ranking,LAUNCH TEST,clicks,increase,100,28,2026-11-01,deployed,"Exact on king size cooling pillow case (654 searches), word-order variant or untested intent with 500+ searches, at test pace. Expected CPC $2.60 (Amazon suggested bid (median)); base bid $1.30, top of search +100%, fixed. 100 clicks over 28 days. Budget $9.29/day. Walls out cooling pillow cases king (negative exact).",70
CL70-LAUNCH-019-M0111,CL70-LAUNCH-019,CL-SP-EXACT-king size cooling pillow case-Cooling|Pillowcase|King-CL-CLG-PC-WHITE-KING-2PCS,pending readback,AG-king size cooling pillow case,keyword,create_keyword,,exact,king size cooling pillow case,none,bid=1.3; state=enabled,bulk_upload,"uploaded 2026-10-04, awaiting ID readback",2026-10-04,campaign,Ranking,LAUNCH TEST,clicks,increase,100,28,2026-11-01,deployed,"Exact on king size cooling pillow case (654 searches), word-order variant or untested intent with 500+ searches, at test pace. Expected CPC $2.60 (Amazon suggested bid (median)); base bid $1.30, top of search +100%, fixed. 100 clicks over 28 days. Budget $9.29/day. Walls out cooling pillow cases king (negative exact).",70
CL70-LAUNCH-019-M0112,CL70-LAUNCH-019,CL-SP-EXACT-king size cooling pillow case-Cooling|Pillowcase|King-CL-CLG-PC-WHITE-KING-2PCS,pending readback,,campaign_negative_keyword,create_negative,,negativeExact,cooling pillow cases king,none,enabled,bulk_upload,"uploaded 2026-10-04, awaiting ID readback",2026-10-04,campaign,Ranking,LAUNCH TEST,clicks,increase,100,28,2026-11-01,deployed,"Exact on king size cooling pillow case (654 searches), word-order variant or untested intent with 500+ searches, at test pace. Expected CPC $2.60 (Amazon suggested bid (median)); base bid $1.30, top of search +100%, fixed. 100 clicks over 28 days. Budget $9.29/day. Walls out cooling pillow cases king (negative exact).",70
CL70-LAUNCH-020-M0113,CL70-LAUNCH-020,CL-SP-EXACT-king size pillow cases cooling-Cooling|Pillowcase|King-CL-CLG-PC-WHITE-KING-2PCS,pending readback,,campaign,create_campaign,,,CL-SP-EXACT-king size pillow cases cooling-Cooling|Pillowcase|King-CL-CLG-PC-WHITE-KING-2PCS,none,state=enabled; budget=10.82; strategy=Fixed bid; targeting=Manual; start=20261004,bulk_upload,"uploaded 2026-10-04, awaiting ID readback",2026-10-04,campaign,Ranking,LAUNCH TEST,clicks,increase,100,28,2026-11-01,deployed,"Exact on king size pillow cases cooling (651 searches), word-order variant or untested intent with 500+ searches, at test pace. Expected CPC $3.03 (Amazon suggested bid (median)); base bid $1.51, top of search +100%, fixed. 100 clicks over 28 days. Budget $10.82/day. Walls out cooling pillow cases king (negative exact).",70
CL70-LAUNCH-020-M0114,CL70-LAUNCH-020,CL-SP-EXACT-king size pillow cases cooling-Cooling|Pillowcase|King-CL-CLG-PC-WHITE-KING-2PCS,pending readback,,campaign,placement_multiplier,top_of_search,,CL-SP-EXACT-king size pillow cases cooling-Cooling|Pillowcase|King-CL-CLG-PC-WHITE-KING-2PCS,0,100,bulk_upload,"uploaded 2026-10-04, awaiting ID readback",2026-10-04,campaign,Ranking,LAUNCH TEST,clicks,increase,100,28,2026-11-01,deployed,"Exact on king size pillow cases cooling (651 searches), word-order variant or untested intent with 500+ searches, at test pace. Expected CPC $3.03 (Amazon suggested bid (median)); base bid $1.51, top of search +100%, fixed. 100 clicks over 28 days. Budget $10.82/day. Walls out cooling pillow cases king (negative exact).",70
CL70-LAUNCH-020-M0115,CL70-LAUNCH-020,CL-SP-EXACT-king size pillow cases cooling-Cooling|Pillowcase|King-CL-CLG-PC-WHITE-KING-2PCS,pending readback,AG-king size pillow cases cooling,ad_group,create_ad_group,,,AG-king size pillow cases cooling,none,default_bid=1.51,bulk_upload,"uploaded 2026-10-04, awaiting ID readback",2026-10-04,campaign,Ranking,LAUNCH TEST,clicks,increase,100,28,2026-11-01,deployed,"Exact on king size pillow cases cooling (651 searches), word-order variant or untested intent with 500+ searches, at test pace. Expected CPC $3.03 (Amazon suggested bid (median)); base bid $1.51, top of search +100%, fixed. 100 clicks over 28 days. Budget $10.82/day. Walls out cooling pillow cases king (negative exact).",70
CL70-LAUNCH-020-M0116,CL70-LAUNCH-020,CL-SP-EXACT-king size pillow cases cooling-Cooling|Pillowcase|King-CL-CLG-PC-WHITE-KING-2PCS,pending readback,AG-king size pillow cases cooling,product_ad,create_product_ad,,,CL-CLG-PC-WHITE-KING-2PCS,none,enabled,bulk_upload,"uploaded 2026-10-04, awaiting ID readback",2026-10-04,campaign,Ranking,LAUNCH TEST,clicks,increase,100,28,2026-11-01,deployed,"Exact on king size pillow cases cooling (651 searches), word-order variant or untested intent with 500+ searches, at test pace. Expected CPC $3.03 (Amazon suggested bid (median)); base bid $1.51, top of search +100%, fixed. 100 clicks over 28 days. Budget $10.82/day. Walls out cooling pillow cases king (negative exact).",70
CL70-LAUNCH-020-M0117,CL70-LAUNCH-020,CL-SP-EXACT-king size pillow cases cooling-Cooling|Pillowcase|King-CL-CLG-PC-WHITE-KING-2PCS,pending readback,AG-king size pillow cases cooling,keyword,create_keyword,,exact,king size pillow cases cooling,none,bid=1.51; state=enabled,bulk_upload,"uploaded 2026-10-04, awaiting ID readback",2026-10-04,campaign,Ranking,LAUNCH TEST,clicks,increase,100,28,2026-11-01,deployed,"Exact on king size pillow cases cooling (651 searches), word-order variant or untested intent with 500+ searches, at test pace. Expected CPC $3.03 (Amazon suggested bid (median)); base bid $1.51, top of search +100%, fixed. 100 clicks over 28 days. Budget $10.82/day. Walls out cooling pillow cases king (negative exact).",70
CL70-LAUNCH-020-M0118,CL70-LAUNCH-020,CL-SP-EXACT-king size pillow cases cooling-Cooling|Pillowcase|King-CL-CLG-PC-WHITE-KING-2PCS,pending readback,,campaign_negative_keyword,create_negative,,negativeExact,cooling pillow cases king,none,enabled,bulk_upload,"uploaded 2026-10-04, awaiting ID readback",2026-10-04,campaign,Ranking,LAUNCH TEST,clicks,increase,100,28,2026-11-01,deployed,"Exact on king size pillow cases cooling (651 searches), word-order variant or untested intent with 500+ searches, at test pace. Expected CPC $3.03 (Amazon suggested bid (median)); base bid $1.51, top of search +100%, fixed. 100 clicks over 28 days. Budget $10.82/day. Walls out cooling pillow cases king (negative exact).",70
CL70-LAUNCH-021-M0119,CL70-LAUNCH-021,CL-SP-EXACT-cooling king pillow cases-Cooling|Pillowcase|King-CL-CLG-PC-WHITE-KING-2PCS,pending readback,,campaign,create_campaign,,,CL-SP-EXACT-cooling king pillow cases-Cooling|Pillowcase|King-CL-CLG-PC-WHITE-KING-2PCS,none,state=enabled; budget=6.39; strategy=Fixed bid; targeting=Manual; start=20261004,bulk_upload,"uploaded 2026-10-04, awaiting ID readback",2026-10-04,campaign,Ranking,LAUNCH TEST,clicks,increase,100,28,2026-11-01,deployed,"Exact on cooling king pillow cases (639 searches), word-order variant or untested intent with 500+ searches, at test pace. Expected CPC $1.79 (Amazon suggested bid (median)); base bid $0.90, top of search +100%, fixed. 100 clicks over 28 days. Budget $6.39/day. Walls out cooling pillow cases king (negative exact).",70
CL70-LAUNCH-021-M0120,CL70-LAUNCH-021,CL-SP-EXACT-cooling king pillow cases-Cooling|Pillowcase|King-CL-CLG-PC-WHITE-KING-2PCS,pending readback,,campaign,placement_multiplier,top_of_search,,CL-SP-EXACT-cooling king pillow cases-Cooling|Pillowcase|King-CL-CLG-PC-WHITE-KING-2PCS,0,100,bulk_upload,"uploaded 2026-10-04, awaiting ID readback",2026-10-04,campaign,Ranking,LAUNCH TEST,clicks,increase,100,28,2026-11-01,deployed,"Exact on cooling king pillow cases (639 searches), word-order variant or untested intent with 500+ searches, at test pace. Expected CPC $1.79 (Amazon suggested bid (median)); base bid $0.90, top of search +100%, fixed. 100 clicks over 28 days. Budget $6.39/day. Walls out cooling pillow cases king (negative exact).",70
CL70-LAUNCH-021-M0121,CL70-LAUNCH-021,CL-SP-EXACT-cooling king pillow cases-Cooling|Pillowcase|King-CL-CLG-PC-WHITE-KING-2PCS,pending readback,AG-cooling king pillow cases,ad_group,create_ad_group,,,AG-cooling king pillow cases,none,default_bid=0.9,bulk_upload,"uploaded 2026-10-04, awaiting ID readback",2026-10-04,campaign,Ranking,LAUNCH TEST,clicks,increase,100,28,2026-11-01,deployed,"Exact on cooling king pillow cases (639 searches), word-order variant or untested intent with 500+ searches, at test pace. Expected CPC $1.79 (Amazon suggested bid (median)); base bid $0.90, top of search +100%, fixed. 100 clicks over 28 days. Budget $6.39/day. Walls out cooling pillow cases king (negative exact).",70
CL70-LAUNCH-021-M0122,CL70-LAUNCH-021,CL-SP-EXACT-cooling king pillow cases-Cooling|Pillowcase|King-CL-CLG-PC-WHITE-KING-2PCS,pending readback,AG-cooling king pillow cases,product_ad,create_product_ad,,,CL-CLG-PC-WHITE-KING-2PCS,none,enabled,bulk_upload,"uploaded 2026-10-04, awaiting ID readback",2026-10-04,campaign,Ranking,LAUNCH TEST,clicks,increase,100,28,2026-11-01,deployed,"Exact on cooling king pillow cases (639 searches), word-order variant or untested intent with 500+ searches, at test pace. Expected CPC $1.79 (Amazon suggested bid (median)); base bid $0.90, top of search +100%, fixed. 100 clicks over 28 days. Budget $6.39/day. Walls out cooling pillow cases king (negative exact).",70
CL70-LAUNCH-021-M0123,CL70-LAUNCH-021,CL-SP-EXACT-cooling king pillow cases-Cooling|Pillowcase|King-CL-CLG-PC-WHITE-KING-2PCS,pending readback,AG-cooling king pillow cases,keyword,create_keyword,,exact,cooling king pillow cases,none,bid=0.9; state=enabled,bulk_upload,"uploaded 2026-10-04, awaiting ID readback",2026-10-04,campaign,Ranking,LAUNCH TEST,clicks,increase,100,28,2026-11-01,deployed,"Exact on cooling king pillow cases (639 searches), word-order variant or untested intent with 500+ searches, at test pace. Expected CPC $1.79 (Amazon suggested bid (median)); base bid $0.90, top of search +100%, fixed. 100 clicks over 28 days. Budget $6.39/day. Walls out cooling pillow cases king (negative exact).",70
CL70-LAUNCH-021-M0124,CL70-LAUNCH-021,CL-SP-EXACT-cooling king pillow cases-Cooling|Pillowcase|King-CL-CLG-PC-WHITE-KING-2PCS,pending readback,,campaign_negative_keyword,create_negative,,negativeExact,cooling pillow cases king,none,enabled,bulk_upload,"uploaded 2026-10-04, awaiting ID readback",2026-10-04,campaign,Ranking,LAUNCH TEST,clicks,increase,100,28,2026-11-01,deployed,"Exact on cooling king pillow cases (639 searches), word-order variant or untested intent with 500+ searches, at test pace. Expected CPC $1.79 (Amazon suggested bid (median)); base bid $0.90, top of search +100%, fixed. 100 clicks over 28 days. Budget $6.39/day. Walls out cooling pillow cases king (negative exact).",70
CL70-LAUNCH-022-M0125,CL70-LAUNCH-022,CL-SP-EXACT-cooling pillow cases set of 2-Cooling|Pillowcase|Core-CL-CLG-PC-DARK-GREY-QUEEN-2PCS,pending readback,,campaign,create_campaign,,,CL-SP-EXACT-cooling pillow cases set of 2-Cooling|Pillowcase|Core-CL-CLG-PC-DARK-GREY-QUEEN-2PCS,none,state=enabled; budget=5; strategy=Fixed bid; targeting=Manual; start=20261004,bulk_upload,"uploaded 2026-10-04, awaiting ID readback",2026-10-04,campaign,Ranking,LAUNCH TEST,clicks,increase,100,28,2026-11-01,deployed,"Exact on cooling pillow cases set of 2 (616 searches), word-order variant or untested intent with 500+ searches, at test pace. Expected CPC $1.14 (Amazon suggested bid (median)); base bid $0.57, top of search +100%, fixed. 100 clicks over 28 days. Budget $5.00/day. Walls out cooling queen pillowcases set of 2 (negative exact).",70
CL70-LAUNCH-022-M0126,CL70-LAUNCH-022,CL-SP-EXACT-cooling pillow cases set of 2-Cooling|Pillowcase|Core-CL-CLG-PC-DARK-GREY-QUEEN-2PCS,pending readback,,campaign,placement_multiplier,top_of_search,,CL-SP-EXACT-cooling pillow cases set of 2-Cooling|Pillowcase|Core-CL-CLG-PC-DARK-GREY-QUEEN-2PCS,0,100,bulk_upload,"uploaded 2026-10-04, awaiting ID readback",2026-10-04,campaign,Ranking,LAUNCH TEST,clicks,increase,100,28,2026-11-01,deployed,"Exact on cooling pillow cases set of 2 (616 searches), word-order variant or untested intent with 500+ searches, at test pace. Expected CPC $1.14 (Amazon suggested bid (median)); base bid $0.57, top of search +100%, fixed. 100 clicks over 28 days. Budget $5.00/day. Walls out cooling queen pillowcases set of 2 (negative exact).",70
CL70-LAUNCH-022-M0127,CL70-LAUNCH-022,CL-SP-EXACT-cooling pillow cases set of 2-Cooling|Pillowcase|Core-CL-CLG-PC-DARK-GREY-QUEEN-2PCS,pending readback,AG-cooling pillow cases set of 2,ad_group,create_ad_group,,,AG-cooling pillow cases set of 2,none,default_bid=0.57,bulk_upload,"uploaded 2026-10-04, awaiting ID readback",2026-10-04,campaign,Ranking,LAUNCH TEST,clicks,increase,100,28,2026-11-01,deployed,"Exact on cooling pillow cases set of 2 (616 searches), word-order variant or untested intent with 500+ searches, at test pace. Expected CPC $1.14 (Amazon suggested bid (median)); base bid $0.57, top of search +100%, fixed. 100 clicks over 28 days. Budget $5.00/day. Walls out cooling queen pillowcases set of 2 (negative exact).",70
CL70-LAUNCH-022-M0128,CL70-LAUNCH-022,CL-SP-EXACT-cooling pillow cases set of 2-Cooling|Pillowcase|Core-CL-CLG-PC-DARK-GREY-QUEEN-2PCS,pending readback,AG-cooling pillow cases set of 2,product_ad,create_product_ad,,,CL-CLG-PC-DARK-GREY-QUEEN-2PCS,none,enabled,bulk_upload,"uploaded 2026-10-04, awaiting ID readback",2026-10-04,campaign,Ranking,LAUNCH TEST,clicks,increase,100,28,2026-11-01,deployed,"Exact on cooling pillow cases set of 2 (616 searches), word-order variant or untested intent with 500+ searches, at test pace. Expected CPC $1.14 (Amazon suggested bid (median)); base bid $0.57, top of search +100%, fixed. 100 clicks over 28 days. Budget $5.00/day. Walls out cooling queen pillowcases set of 2 (negative exact).",70
CL70-LAUNCH-022-M0129,CL70-LAUNCH-022,CL-SP-EXACT-cooling pillow cases set of 2-Cooling|Pillowcase|Core-CL-CLG-PC-DARK-GREY-QUEEN-2PCS,pending readback,AG-cooling pillow cases set of 2,keyword,create_keyword,,exact,cooling pillow cases set of 2,none,bid=0.57; state=enabled,bulk_upload,"uploaded 2026-10-04, awaiting ID readback",2026-10-04,campaign,Ranking,LAUNCH TEST,clicks,increase,100,28,2026-11-01,deployed,"Exact on cooling pillow cases set of 2 (616 searches), word-order variant or untested intent with 500+ searches, at test pace. Expected CPC $1.14 (Amazon suggested bid (median)); base bid $0.57, top of search +100%, fixed. 100 clicks over 28 days. Budget $5.00/day. Walls out cooling queen pillowcases set of 2 (negative exact).",70
CL70-LAUNCH-022-M0130,CL70-LAUNCH-022,CL-SP-EXACT-cooling pillow cases set of 2-Cooling|Pillowcase|Core-CL-CLG-PC-DARK-GREY-QUEEN-2PCS,pending readback,,campaign_negative_keyword,create_negative,,negativeExact,cooling queen pillowcases set of 2,none,enabled,bulk_upload,"uploaded 2026-10-04, awaiting ID readback",2026-10-04,campaign,Ranking,LAUNCH TEST,clicks,increase,100,28,2026-11-01,deployed,"Exact on cooling pillow cases set of 2 (616 searches), word-order variant or untested intent with 500+ searches, at test pace. Expected CPC $1.14 (Amazon suggested bid (median)); base bid $0.57, top of search +100%, fixed. 100 clicks over 28 days. Budget $5.00/day. Walls out cooling queen pillowcases set of 2 (negative exact).",70
CL70-LAUNCH-023-M0131,CL70-LAUNCH-023,CL-SP-EXACT-king cooling pillow cases-Cooling|Pillowcase|King-CL-CLG-PC-WHITE-KING-2PCS,pending readback,,campaign,create_campaign,,,CL-SP-EXACT-king cooling pillow cases-Cooling|Pillowcase|King-CL-CLG-PC-WHITE-KING-2PCS,none,state=enabled; budget=8.86; strategy=Fixed bid; targeting=Manual; start=20261004,bulk_upload,"uploaded 2026-10-04, awaiting ID readback",2026-10-04,campaign,Ranking,LAUNCH TEST,clicks,increase,100,28,2026-11-01,deployed,"Exact on king cooling pillow cases (578 searches), word-order variant or untested intent with 500+ searches, at test pace. Expected CPC $2.48 (Amazon suggested bid (median)); base bid $1.24, top of search +100%, fixed. 100 clicks over 28 days. Budget $8.86/day. Walls out cooling pillow cases king (negative exact).",70
CL70-LAUNCH-023-M0132,CL70-LAUNCH-023,CL-SP-EXACT-king cooling pillow cases-Cooling|Pillowcase|King-CL-CLG-PC-WHITE-KING-2PCS,pending readback,,campaign,placement_multiplier,top_of_search,,CL-SP-EXACT-king cooling pillow cases-Cooling|Pillowcase|King-CL-CLG-PC-WHITE-KING-2PCS,0,100,bulk_upload,"uploaded 2026-10-04, awaiting ID readback",2026-10-04,campaign,Ranking,LAUNCH TEST,clicks,increase,100,28,2026-11-01,deployed,"Exact on king cooling pillow cases (578 searches), word-order variant or untested intent with 500+ searches, at test pace. Expected CPC $2.48 (Amazon suggested bid (median)); base bid $1.24, top of search +100%, fixed. 100 clicks over 28 days. Budget $8.86/day. Walls out cooling pillow cases king (negative exact).",70
CL70-LAUNCH-023-M0133,CL70-LAUNCH-023,CL-SP-EXACT-king cooling pillow cases-Cooling|Pillowcase|King-CL-CLG-PC-WHITE-KING-2PCS,pending readback,AG-king cooling pillow cases,ad_group,create_ad_group,,,AG-king cooling pillow cases,none,default_bid=1.24,bulk_upload,"uploaded 2026-10-04, awaiting ID readback",2026-10-04,campaign,Ranking,LAUNCH TEST,clicks,increase,100,28,2026-11-01,deployed,"Exact on king cooling pillow cases (578 searches), word-order variant or untested intent with 500+ searches, at test pace. Expected CPC $2.48 (Amazon suggested bid (median)); base bid $1.24, top of search +100%, fixed. 100 clicks over 28 days. Budget $8.86/day. Walls out cooling pillow cases king (negative exact).",70
CL70-LAUNCH-023-M0134,CL70-LAUNCH-023,CL-SP-EXACT-king cooling pillow cases-Cooling|Pillowcase|King-CL-CLG-PC-WHITE-KING-2PCS,pending readback,AG-king cooling pillow cases,product_ad,create_product_ad,,,CL-CLG-PC-WHITE-KING-2PCS,none,enabled,bulk_upload,"uploaded 2026-10-04, awaiting ID readback",2026-10-04,campaign,Ranking,LAUNCH TEST,clicks,increase,100,28,2026-11-01,deployed,"Exact on king cooling pillow cases (578 searches), word-order variant or untested intent with 500+ searches, at test pace. Expected CPC $2.48 (Amazon suggested bid (median)); base bid $1.24, top of search +100%, fixed. 100 clicks over 28 days. Budget $8.86/day. Walls out cooling pillow cases king (negative exact).",70
CL70-LAUNCH-023-M0135,CL70-LAUNCH-023,CL-SP-EXACT-king cooling pillow cases-Cooling|Pillowcase|King-CL-CLG-PC-WHITE-KING-2PCS,pending readback,AG-king cooling pillow cases,keyword,create_keyword,,exact,king cooling pillow cases,none,bid=1.24; state=enabled,bulk_upload,"uploaded 2026-10-04, awaiting ID readback",2026-10-04,campaign,Ranking,LAUNCH TEST,clicks,increase,100,28,2026-11-01,deployed,"Exact on king cooling pillow cases (578 searches), word-order variant or untested intent with 500+ searches, at test pace. Expected CPC $2.48 (Amazon suggested bid (median)); base bid $1.24, top of search +100%, fixed. 100 clicks over 28 days. Budget $8.86/day. Walls out cooling pillow cases king (negative exact).",70
CL70-LAUNCH-023-M0136,CL70-LAUNCH-023,CL-SP-EXACT-king cooling pillow cases-Cooling|Pillowcase|King-CL-CLG-PC-WHITE-KING-2PCS,pending readback,,campaign_negative_keyword,create_negative,,negativeExact,cooling pillow cases king,none,enabled,bulk_upload,"uploaded 2026-10-04, awaiting ID readback",2026-10-04,campaign,Ranking,LAUNCH TEST,clicks,increase,100,28,2026-11-01,deployed,"Exact on king cooling pillow cases (578 searches), word-order variant or untested intent with 500+ searches, at test pace. Expected CPC $2.48 (Amazon suggested bid (median)); base bid $1.24, top of search +100%, fixed. 100 clicks over 28 days. Budget $8.86/day. Walls out cooling pillow cases king (negative exact).",70
CL70-LAUNCH-024-M0137,CL70-LAUNCH-024,CL-SP-EXACT-queen cooling pillow cases set of 2-Cooling|Pillowcase|Queen-CL-CLG-PC-DARK-GREY-QUEEN-2PCS,pending readback,,campaign,create_campaign,,,CL-SP-EXACT-queen cooling pillow cases set of 2-Cooling|Pillowcase|Queen-CL-CLG-PC-DARK-GREY-QUEEN-2PCS,none,state=enabled; budget=9.25; strategy=Fixed bid; targeting=Manual; start=20261004,bulk_upload,"uploaded 2026-10-04, awaiting ID readback",2026-10-04,campaign,Ranking,LAUNCH TEST,clicks,increase,100,28,2026-11-01,deployed,"Exact on queen cooling pillow cases set of 2 (570 searches), word-order variant or untested intent with 500+ searches, at test pace. Expected CPC $2.59 (Amazon suggested bid (median)); base bid $1.29, top of search +100%, fixed. 100 clicks over 28 days. Budget $9.25/day. Walls out cooling queen pillowcases set of 2 (negative exact).",70
CL70-LAUNCH-024-M0138,CL70-LAUNCH-024,CL-SP-EXACT-queen cooling pillow cases set of 2-Cooling|Pillowcase|Queen-CL-CLG-PC-DARK-GREY-QUEEN-2PCS,pending readback,,campaign,placement_multiplier,top_of_search,,CL-SP-EXACT-queen cooling pillow cases set of 2-Cooling|Pillowcase|Queen-CL-CLG-PC-DARK-GREY-QUEEN-2PCS,0,100,bulk_upload,"uploaded 2026-10-04, awaiting ID readback",2026-10-04,campaign,Ranking,LAUNCH TEST,clicks,increase,100,28,2026-11-01,deployed,"Exact on queen cooling pillow cases set of 2 (570 searches), word-order variant or untested intent with 500+ searches, at test pace. Expected CPC $2.59 (Amazon suggested bid (median)); base bid $1.29, top of search +100%, fixed. 100 clicks over 28 days. Budget $9.25/day. Walls out cooling queen pillowcases set of 2 (negative exact).",70
CL70-LAUNCH-024-M0139,CL70-LAUNCH-024,CL-SP-EXACT-queen cooling pillow cases set of 2-Cooling|Pillowcase|Queen-CL-CLG-PC-DARK-GREY-QUEEN-2PCS,pending readback,AG-queen cooling pillow cases set of 2,ad_group,create_ad_group,,,AG-queen cooling pillow cases set of 2,none,default_bid=1.29,bulk_upload,"uploaded 2026-10-04, awaiting ID readback",2026-10-04,campaign,Ranking,LAUNCH TEST,clicks,increase,100,28,2026-11-01,deployed,"Exact on queen cooling pillow cases set of 2 (570 searches), word-order variant or untested intent with 500+ searches, at test pace. Expected CPC $2.59 (Amazon suggested bid (median)); base bid $1.29, top of search +100%, fixed. 100 clicks over 28 days. Budget $9.25/day. Walls out cooling queen pillowcases set of 2 (negative exact).",70
CL70-LAUNCH-024-M0140,CL70-LAUNCH-024,CL-SP-EXACT-queen cooling pillow cases set of 2-Cooling|Pillowcase|Queen-CL-CLG-PC-DARK-GREY-QUEEN-2PCS,pending readback,AG-queen cooling pillow cases set of 2,product_ad,create_product_ad,,,CL-CLG-PC-DARK-GREY-QUEEN-2PCS,none,enabled,bulk_upload,"uploaded 2026-10-04, awaiting ID readback",2026-10-04,campaign,Ranking,LAUNCH TEST,clicks,increase,100,28,2026-11-01,deployed,"Exact on queen cooling pillow cases set of 2 (570 searches), word-order variant or untested intent with 500+ searches, at test pace. Expected CPC $2.59 (Amazon suggested bid (median)); base bid $1.29, top of search +100%, fixed. 100 clicks over 28 days. Budget $9.25/day. Walls out cooling queen pillowcases set of 2 (negative exact).",70
CL70-LAUNCH-024-M0141,CL70-LAUNCH-024,CL-SP-EXACT-queen cooling pillow cases set of 2-Cooling|Pillowcase|Queen-CL-CLG-PC-DARK-GREY-QUEEN-2PCS,pending readback,AG-queen cooling pillow cases set of 2,keyword,create_keyword,,exact,queen cooling pillow cases set of 2,none,bid=1.29; state=enabled,bulk_upload,"uploaded 2026-10-04, awaiting ID readback",2026-10-04,campaign,Ranking,LAUNCH TEST,clicks,increase,100,28,2026-11-01,deployed,"Exact on queen cooling pillow cases set of 2 (570 searches), word-order variant or untested intent with 500+ searches, at test pace. Expected CPC $2.59 (Amazon suggested bid (median)); base bid $1.29, top of search +100%, fixed. 100 clicks over 28 days. Budget $9.25/day. Walls out cooling queen pillowcases set of 2 (negative exact).",70
CL70-LAUNCH-024-M0142,CL70-LAUNCH-024,CL-SP-EXACT-queen cooling pillow cases set of 2-Cooling|Pillowcase|Queen-CL-CLG-PC-DARK-GREY-QUEEN-2PCS,pending readback,,campaign_negative_keyword,create_negative,,negativeExact,cooling queen pillowcases set of 2,none,enabled,bulk_upload,"uploaded 2026-10-04, awaiting ID readback",2026-10-04,campaign,Ranking,LAUNCH TEST,clicks,increase,100,28,2026-11-01,deployed,"Exact on queen cooling pillow cases set of 2 (570 searches), word-order variant or untested intent with 500+ searches, at test pace. Expected CPC $2.59 (Amazon suggested bid (median)); base bid $1.29, top of search +100%, fixed. 100 clicks over 28 days. Budget $9.25/day. Walls out cooling queen pillowcases set of 2 (negative exact).",70
CL70-LAUNCH-025-M0143,CL70-LAUNCH-025,CL-SP-EXACT-king pillow cases set of 2 cooling-Cooling|Pillowcase|King-CL-CLG-PC-WHITE-KING-2PCS,pending readback,,campaign,create_campaign,,,CL-SP-EXACT-king pillow cases set of 2 cooling-Cooling|Pillowcase|King-CL-CLG-PC-WHITE-KING-2PCS,none,state=enabled; budget=6.82; strategy=Fixed bid; targeting=Manual; start=20261004,bulk_upload,"uploaded 2026-10-04, awaiting ID readback",2026-10-04,campaign,Ranking,LAUNCH TEST,clicks,increase,100,28,2026-11-01,deployed,"Exact on king pillow cases set of 2 cooling (565 searches), word-order variant or untested intent with 500+ searches, at test pace. Expected CPC $1.91 (Amazon suggested bid (median)); base bid $0.95, top of search +100%, fixed. 100 clicks over 28 days. Budget $6.82/day. Walls out cooling pillow cases king (negative exact).",70
CL70-LAUNCH-025-M0144,CL70-LAUNCH-025,CL-SP-EXACT-king pillow cases set of 2 cooling-Cooling|Pillowcase|King-CL-CLG-PC-WHITE-KING-2PCS,pending readback,,campaign,placement_multiplier,top_of_search,,CL-SP-EXACT-king pillow cases set of 2 cooling-Cooling|Pillowcase|King-CL-CLG-PC-WHITE-KING-2PCS,0,100,bulk_upload,"uploaded 2026-10-04, awaiting ID readback",2026-10-04,campaign,Ranking,LAUNCH TEST,clicks,increase,100,28,2026-11-01,deployed,"Exact on king pillow cases set of 2 cooling (565 searches), word-order variant or untested intent with 500+ searches, at test pace. Expected CPC $1.91 (Amazon suggested bid (median)); base bid $0.95, top of search +100%, fixed. 100 clicks over 28 days. Budget $6.82/day. Walls out cooling pillow cases king (negative exact).",70
CL70-LAUNCH-025-M0145,CL70-LAUNCH-025,CL-SP-EXACT-king pillow cases set of 2 cooling-Cooling|Pillowcase|King-CL-CLG-PC-WHITE-KING-2PCS,pending readback,AG-king pillow cases set of 2 cooling,ad_group,create_ad_group,,,AG-king pillow cases set of 2 cooling,none,default_bid=0.95,bulk_upload,"uploaded 2026-10-04, awaiting ID readback",2026-10-04,campaign,Ranking,LAUNCH TEST,clicks,increase,100,28,2026-11-01,deployed,"Exact on king pillow cases set of 2 cooling (565 searches), word-order variant or untested intent with 500+ searches, at test pace. Expected CPC $1.91 (Amazon suggested bid (median)); base bid $0.95, top of search +100%, fixed. 100 clicks over 28 days. Budget $6.82/day. Walls out cooling pillow cases king (negative exact).",70
CL70-LAUNCH-025-M0146,CL70-LAUNCH-025,CL-SP-EXACT-king pillow cases set of 2 cooling-Cooling|Pillowcase|King-CL-CLG-PC-WHITE-KING-2PCS,pending readback,AG-king pillow cases set of 2 cooling,product_ad,create_product_ad,,,CL-CLG-PC-WHITE-KING-2PCS,none,enabled,bulk_upload,"uploaded 2026-10-04, awaiting ID readback",2026-10-04,campaign,Ranking,LAUNCH TEST,clicks,increase,100,28,2026-11-01,deployed,"Exact on king pillow cases set of 2 cooling (565 searches), word-order variant or untested intent with 500+ searches, at test pace. Expected CPC $1.91 (Amazon suggested bid (median)); base bid $0.95, top of search +100%, fixed. 100 clicks over 28 days. Budget $6.82/day. Walls out cooling pillow cases king (negative exact).",70
CL70-LAUNCH-025-M0147,CL70-LAUNCH-025,CL-SP-EXACT-king pillow cases set of 2 cooling-Cooling|Pillowcase|King-CL-CLG-PC-WHITE-KING-2PCS,pending readback,AG-king pillow cases set of 2 cooling,keyword,create_keyword,,exact,king pillow cases set of 2 cooling,none,bid=0.95; state=enabled,bulk_upload,"uploaded 2026-10-04, awaiting ID readback",2026-10-04,campaign,Ranking,LAUNCH TEST,clicks,increase,100,28,2026-11-01,deployed,"Exact on king pillow cases set of 2 cooling (565 searches), word-order variant or untested intent with 500+ searches, at test pace. Expected CPC $1.91 (Amazon suggested bid (median)); base bid $0.95, top of search +100%, fixed. 100 clicks over 28 days. Budget $6.82/day. Walls out cooling pillow cases king (negative exact).",70
CL70-LAUNCH-025-M0148,CL70-LAUNCH-025,CL-SP-EXACT-king pillow cases set of 2 cooling-Cooling|Pillowcase|King-CL-CLG-PC-WHITE-KING-2PCS,pending readback,,campaign_negative_keyword,create_negative,,negativeExact,cooling pillow cases king,none,enabled,bulk_upload,"uploaded 2026-10-04, awaiting ID readback",2026-10-04,campaign,Ranking,LAUNCH TEST,clicks,increase,100,28,2026-11-01,deployed,"Exact on king pillow cases set of 2 cooling (565 searches), word-order variant or untested intent with 500+ searches, at test pace. Expected CPC $1.91 (Amazon suggested bid (median)); base bid $0.95, top of search +100%, fixed. 100 clicks over 28 days. Budget $6.82/day. Walls out cooling pillow cases king (negative exact).",70
